# Blender 4.4.1
# www.blender.org
mtllib title.mtl
o テキスト
v -10.010868 2.032010 -0.120000
v -10.010469 2.055821 -0.120000
v -10.009779 2.081111 -0.120000
v -10.008774 2.107556 -0.120000
v -10.007439 2.134838 -0.120000
v -10.005747 2.162627 -0.120000
v -10.003683 2.190605 -0.120000
v -10.001221 2.218445 -0.120000
v -9.998343 2.245829 -0.120000
v -9.995028 2.272433 -0.120000
v -9.991255 2.297930 -0.120000
v -9.987000 2.322002 -0.120000
v -10.281000 2.322002 -0.120000
v -10.278696 2.298047 -0.120000
v -10.276320 2.272850 -0.120000
v -10.273924 2.246675 -0.120000
v -10.271557 2.219780 -0.120000
v -10.269272 2.192426 -0.120000
v -10.267126 2.164877 -0.120000
v -10.265165 2.137388 -0.120000
v -10.263443 2.110223 -0.120000
v -10.262016 2.083643 -0.120000
v -10.260929 2.057906 -0.120000
v -10.260242 2.033270 -0.120000
v -10.260000 2.010002 -0.120000
v -10.260000 1.521002 -0.120000
v -10.362377 1.489091 -0.120000
v -10.470512 1.453709 -0.120000
v -10.582922 1.415393 -0.120000
v -10.698112 1.374668 -0.120000
v -10.814592 1.332071 -0.120000
v -10.930874 1.288127 -0.120000
v -11.045473 1.243373 -0.120000
v -11.156889 1.198334 -0.120000
v -11.263641 1.153550 -0.120000
v -11.364237 1.109543 -0.120000
v -11.457188 1.066850 -0.120000
v -11.541000 1.026002 -0.120000
v -11.439001 0.771002 -0.120000
v -11.353470 0.815684 -0.120000
v -11.261250 0.860945 -0.120000
v -11.163658 0.906377 -0.120000
v -11.062002 0.951557 -0.120000
v -10.957596 0.996071 -0.120000
v -10.851749 1.039502 -0.120000
v -10.745781 1.081433 -0.120000
v -10.640999 1.121447 -0.120000
v -10.538721 1.159127 -0.120000
v -10.440248 1.194059 -0.120000
v -10.346907 1.225820 -0.120000
v -10.260000 1.254002 -0.120000
v -10.263000 0.264002 -0.120000
v -10.263123 0.239390 -0.120000
v -10.263498 0.212363 -0.120000
v -10.264124 0.183377 -0.120000
v -10.265001 0.152891 -0.120000
v -10.266123 0.121364 -0.120000
v -10.267500 0.089252 -0.120000
v -10.269123 0.057017 -0.120000
v -10.270998 0.025112 -0.120000
v -10.273125 -0.005998 -0.120000
v -10.275501 -0.035860 -0.120000
v -10.278126 -0.064012 -0.120000
v -10.281000 -0.089998 -0.120000
v -9.990000 -0.089998 -0.120000
v -9.993561 -0.064987 -0.120000
v -9.996761 -0.038152 -0.120000
v -9.999605 -0.009796 -0.120000
v -10.002108 0.019781 -0.120000
v -10.004278 0.050270 -0.120000
v -10.006123 0.081377 -0.120000
v -10.007658 0.112796 -0.120000
v -10.008888 0.144224 -0.120000
v -10.009827 0.175361 -0.120000
v -10.010485 0.205904 -0.120000
v -10.010872 0.235553 -0.120000
v -10.011000 0.264002 -0.120000
v -10.011000 0.328835 -0.120000
v -10.011000 0.434168 -0.120000
v -10.011000 0.572252 -0.120000
v -10.011000 0.735335 -0.120000
v -10.011000 0.915668 -0.120000
v -10.011000 1.105502 -0.120000
v -10.011000 1.297085 -0.120000
v -10.011000 1.482668 -0.120000
v -10.011000 1.654502 -0.120000
v -10.011000 1.804835 -0.120000
v -10.011000 1.925918 -0.120000
v -10.011000 2.010002 -0.120000
v -8.297724 1.808666 -0.120000
v -8.267044 1.739057 -0.120000
v -8.233170 1.666784 -0.120000
v -8.196333 1.592447 -0.120000
v -8.156746 1.516652 -0.120000
v -8.114624 1.440002 -0.120000
v -8.070192 1.363103 -0.120000
v -8.023666 1.286558 -0.120000
v -7.975266 1.210970 -0.120000
v -7.925209 1.136948 -0.120000
v -7.873713 1.065089 -0.120000
v -7.820999 0.996002 -0.120000
v -7.900684 0.926159 -0.120000
v -7.981722 0.852266 -0.120000
v -8.063343 0.775268 -0.120000
v -8.144777 0.696113 -0.120000
v -8.225256 0.615749 -0.120000
v -8.304003 0.535127 -0.120000
v -8.380249 0.455192 -0.120000
v -8.453222 0.376892 -0.120000
v -8.522158 0.301175 -0.120000
v -8.586279 0.228989 -0.120000
v -8.644817 0.161282 -0.120000
v -8.697001 0.099002 -0.120000
v -8.487000 -0.080998 -0.120000
v -8.434385 -0.012592 -0.120000
v -8.377346 0.058751 -0.120000
v -8.316330 0.132470 -0.120000
v -8.251780 0.208001 -0.120000
v -8.184143 0.284783 -0.120000
v -8.113876 0.362252 -0.120000
v -8.041418 0.439847 -0.120000
v -7.967224 0.517001 -0.120000
v -7.891735 0.593159 -0.120000
v -7.815403 0.667751 -0.120000
v -7.738674 0.740222 -0.120000
v -7.661999 0.810002 -0.120000
v -7.580025 0.724130 -0.120000
v -7.494709 0.639281 -0.120000
v -7.406200 0.555845 -0.120000
v -7.314663 0.474224 -0.120000
v -7.220253 0.394811 -0.120000
v -7.123121 0.318002 -0.120000
v -7.023432 0.244193 -0.120000
v -6.921333 0.173780 -0.120000
v -6.816984 0.107159 -0.120000
v -6.710541 0.044723 -0.120000
v -6.602160 -0.013126 -0.120000
v -6.492001 -0.065998 -0.120000
v -6.299999 0.135002 -0.120000
v -6.419880 0.185648 -0.120000
v -6.537804 0.242669 -0.120000
v -6.653439 0.305441 -0.120000
v -6.766447 0.373334 -0.120000
v -6.876495 0.445730 -0.120000
v -6.983253 0.522002 -0.120000
v -7.086384 0.601523 -0.120000
v -7.185555 0.683669 -0.120000
v -7.280439 0.767816 -0.120000
v -7.370695 0.853334 -0.120000
v -7.455994 0.939605 -0.120000
v -7.535999 1.026002 -0.120000
v -7.587219 1.086182 -0.120000
v -7.638514 1.150697 -0.120000
v -7.689327 1.218752 -0.120000
v -7.739111 1.289558 -0.120000
v -7.787310 1.362320 -0.120000
v -7.833374 1.436252 -0.120000
v -7.876753 1.510559 -0.120000
v -7.916889 1.584446 -0.120000
v -7.953236 1.657127 -0.120000
v -7.985237 1.727807 -0.120000
v -8.012344 1.795697 -0.120000
v -8.034000 1.860002 -0.120000
v -7.990299 1.860002 -0.120000
v -7.917126 1.860002 -0.120000
v -7.820393 1.860002 -0.120000
v -7.706001 1.860002 -0.120000
v -7.579861 1.860002 -0.120000
v -7.447876 1.860002 -0.120000
v -7.315952 1.860002 -0.120000
v -7.190001 1.860002 -0.120000
v -7.075924 1.860002 -0.120000
v -6.979626 1.860002 -0.120000
v -6.907017 1.860002 -0.120000
v -6.864000 1.860002 -0.120000
v -6.836611 1.859765 -0.120000
v -6.807386 1.859099 -0.120000
v -6.777000 1.858079 -0.120000
v -6.746109 1.856780 -0.120000
v -6.715389 1.855271 -0.120000
v -6.685499 1.853627 -0.120000
v -6.657112 1.851920 -0.120000
v -6.630888 1.850225 -0.120000
v -6.607500 1.848611 -0.120000
v -6.587610 1.847156 -0.120000
v -6.571888 1.845926 -0.120000
v -6.560999 1.845002 -0.120000
v -6.560999 2.118002 -0.120000
v -6.574066 2.116388 -0.120000
v -6.591778 2.114585 -0.120000
v -6.613407 2.112659 -0.120000
v -6.638222 2.110670 -0.120000
v -6.665495 2.108678 -0.120000
v -6.694500 2.106752 -0.120000
v -6.724503 2.104949 -0.120000
v -6.754780 2.103335 -0.120000
v -6.784592 2.101970 -0.120000
v -6.813221 2.100920 -0.120000
v -6.839933 2.100242 -0.120000
v -6.864000 2.100002 -0.120000
v -6.909872 2.100002 -0.120000
v -6.983736 2.100002 -0.120000
v -7.079952 2.100002 -0.120000
v -7.192890 2.100002 -0.120000
v -7.316910 2.100002 -0.120000
v -7.446375 2.100002 -0.120000
v -7.575653 2.100002 -0.120000
v -7.699110 2.100002 -0.120000
v -7.811110 2.100002 -0.120000
v -7.906013 2.100002 -0.120000
v -7.978188 2.100002 -0.120000
v -8.021999 2.100002 -0.120000
v -8.046307 2.100188 -0.120000
v -8.069708 2.100737 -0.120000
v -8.092173 2.101643 -0.120000
v -8.113668 2.102891 -0.120000
v -8.134161 2.104472 -0.120000
v -8.153625 2.106377 -0.120000
v -8.172028 2.108594 -0.120000
v -8.189333 2.111114 -0.120000
v -8.205515 2.113925 -0.120000
v -8.220539 2.117015 -0.120000
v -8.234379 2.120378 -0.120000
v -8.247000 2.124002 -0.120000
v -8.400002 2.007002 -0.120000
v -8.395090 2.000165 -0.120000
v -8.389446 1.991807 -0.120000
v -8.383221 1.982159 -0.120000
v -8.376556 1.971446 -0.120000
v -8.369600 1.959902 -0.120000
v -8.362499 1.947752 -0.120000
v -8.355398 1.935227 -0.120000
v -8.348446 1.922558 -0.120000
v -8.341782 1.909970 -0.120000
v -8.335558 1.897697 -0.120000
v -8.329914 1.885964 -0.120000
v -8.325001 1.875002 -0.120000
v -3.797742 1.284001 -0.120000
v -3.906444 1.284001 -0.120000
v -4.042311 1.284001 -0.120000
v -4.198555 1.284001 -0.120000
v -4.368382 1.284001 -0.120000
v -4.545000 1.284001 -0.120000
v -4.721619 1.284001 -0.120000
v -4.891441 1.284001 -0.120000
v -5.047686 1.284002 -0.120000
v -5.183556 1.284002 -0.120000
v -5.292257 1.284002 -0.120000
v -5.367001 1.284002 -0.120000
v -5.403624 1.284181 -0.120000
v -5.438499 1.284695 -0.120000
v -5.471624 1.285502 -0.120000
v -5.502998 1.286558 -0.120000
v -5.532623 1.287821 -0.120000
v -5.560499 1.289252 -0.120000
v -5.586624 1.290805 -0.120000
v -5.611000 1.292447 -0.120000
v -5.633625 1.294127 -0.120000
v -5.654499 1.295807 -0.120000
v -5.673624 1.297444 -0.120000
v -5.691000 1.299002 -0.120000
v -5.691000 1.005002 -0.120000
v -5.674656 1.005926 -0.120000
v -5.655762 1.007156 -0.120000
v -5.634514 1.008611 -0.120000
v -5.611111 1.010225 -0.120000
v -5.585749 1.011919 -0.120000
v -5.558626 1.013627 -0.120000
v -5.529940 1.015271 -0.120000
v -5.499887 1.016780 -0.120000
v -5.468670 1.018078 -0.120000
v -5.436485 1.019099 -0.120000
v -5.403530 1.019765 -0.120000
v -5.369999 1.020002 -0.120000
v -5.294624 1.020002 -0.120000
v -5.185499 1.020002 -0.120000
v -5.049376 1.020002 -0.120000
v -4.893000 1.020001 -0.120000
v -4.723125 1.020001 -0.120000
v -4.546501 1.020001 -0.120000
v -4.369875 1.020001 -0.120000
v -4.200001 1.020001 -0.120000
v -4.043625 1.020001 -0.120000
v -3.907499 1.020001 -0.120000
v -3.798376 1.020001 -0.120000
v -3.723001 1.020001 -0.120000
v -3.681911 1.019878 -0.120000
v -3.641277 1.019515 -0.120000
v -3.601315 1.018924 -0.120000
v -3.562222 1.018111 -0.120000
v -3.524214 1.017094 -0.120000
v -3.487499 1.015876 -0.120000
v -3.452286 1.014472 -0.120000
v -3.418779 1.012891 -0.120000
v -3.387190 1.011142 -0.120000
v -3.357723 1.009237 -0.120000
v -3.330591 1.007188 -0.120000
v -3.306001 1.005001 -0.120000
v -3.306001 1.299001 -0.120000
v -3.329902 1.297447 -0.120000
v -3.356469 1.295806 -0.120000
v -3.385497 1.294126 -0.120000
v -3.416775 1.292446 -0.120000
v -3.450096 1.290808 -0.120000
v -3.485247 1.289251 -0.120000
v -3.522026 1.287820 -0.120000
v -3.560220 1.286557 -0.120000
v -3.599625 1.285501 -0.120000
v -3.640030 1.284697 -0.120000
v -3.681223 1.284181 -0.120000
v -3.723001 1.284001 -0.120000
v -1.215000 1.959001 -0.120000
v -1.210386 1.942087 -0.120000
v -1.205584 1.924444 -0.120000
v -1.200657 1.906219 -0.120000
v -1.195669 1.887556 -0.120000
v -1.190680 1.868602 -0.120000
v -1.185749 1.849501 -0.120000
v -1.180950 1.830400 -0.120000
v -1.176332 1.811446 -0.120000
v -1.171968 1.792783 -0.120000
v -1.167918 1.774558 -0.120000
v -1.164240 1.756915 -0.120000
v -1.161000 1.740001 -0.120000
v -1.149213 1.688356 -0.120000
v -1.134945 1.627336 -0.120000
v -1.118342 1.558315 -0.120000
v -1.099554 1.482667 -0.120000
v -1.078724 1.401772 -0.120000
v -1.056001 1.317001 -0.120000
v -1.031527 1.229731 -0.120000
v -1.005444 1.141333 -0.120000
v -0.977907 1.053190 -0.120000
v -0.949056 0.966667 -0.120000
v -0.919038 0.883147 -0.120000
v -0.888000 0.804001 -0.120000
v -0.859213 0.734374 -0.120000
v -0.828457 0.663724 -0.120000
v -0.795888 0.592408 -0.120000
v -0.761664 0.520780 -0.120000
v -0.725941 0.449191 -0.120000
v -0.688871 0.378001 -0.120000
v -0.650620 0.307561 -0.120000
v -0.611330 0.238222 -0.120000
v -0.571171 0.170344 -0.120000
v -0.530293 0.104278 -0.120000
v -0.488850 0.040378 -0.120000
v -0.447001 -0.020999 -0.120000
v -0.192000 0.087001 -0.120000
v -0.238789 0.150550 -0.120000
v -0.284554 0.216403 -0.120000
v -0.329153 0.284110 -0.120000
v -0.372444 0.353224 -0.120000
v -0.414273 0.423295 -0.120000
v -0.454500 0.493876 -0.120000
v -0.492975 0.564520 -0.120000
v -0.529554 0.634780 -0.120000
v -0.564094 0.704203 -0.120000
v -0.596441 0.772348 -0.120000
v -0.626459 0.838762 -0.120000
v -0.653999 0.903001 -0.120000
v -0.686139 0.983167 -0.120000
v -0.717861 1.068571 -0.120000
v -0.748876 1.158328 -0.120000
v -0.778891 1.251556 -0.120000
v -0.807612 1.347367 -0.120000
v -0.834751 1.444876 -0.120000
v -0.860014 1.543198 -0.120000
v -0.883110 1.641445 -0.120000
v -0.903749 1.738735 -0.120000
v -0.921638 1.834183 -0.120000
v -0.936485 1.926898 -0.120000
v -0.948000 2.016001 -0.120000
v -2.379001 1.854001 -0.120000
v -2.363163 1.885867 -0.120000
v -2.345793 1.919683 -0.120000
v -2.327112 1.955017 -0.120000
v -2.307337 1.991446 -0.120000
v -2.286684 2.028541 -0.120000
v -2.265378 2.065876 -0.120000
v -2.243631 2.103025 -0.120000
v -2.221667 2.139556 -0.120000
v -2.199701 2.175049 -0.120000
v -2.177958 2.209069 -0.120000
v -2.156652 2.241196 -0.120000
v -2.136000 2.271001 -0.120000
v -2.295000 2.337001 -0.120000
v -2.314445 2.309206 -0.120000
v -2.335095 2.278639 -0.120000
v -2.356638 2.245783 -0.120000
v -2.378775 2.211112 -0.120000
v -2.401207 2.175109 -0.120000
v -2.423626 2.138251 -0.120000
v -2.445728 2.101018 -0.120000
v -2.467220 2.063890 -0.120000
v -2.487799 2.027344 -0.120000
v -2.507154 1.991863 -0.120000
v -2.524988 1.957921 -0.120000
v -2.541000 1.926001 -0.120000
v -2.715000 1.977001 -0.120000
v -2.697901 2.010700 -0.120000
v -2.679682 2.045584 -0.120000
v -2.660484 2.081344 -0.120000
v -2.640444 2.117668 -0.120000
v -2.619696 2.154241 -0.120000
v -2.598375 2.190751 -0.120000
v -2.576616 2.226886 -0.120000
v -2.554558 2.262334 -0.120000
v -2.532330 2.296783 -0.120000
v -2.510070 2.329918 -0.120000
v -2.487915 2.361427 -0.120000
v -2.466000 2.391001 -0.120000
v -2.625000 2.457001 -0.120000
v -2.645885 2.428405 -0.120000
v -2.667833 2.396986 -0.120000
v -2.690532 2.363299 -0.120000
v -2.713667 2.327890 -0.120000
v -2.736927 2.291314 -0.120000
v -2.760000 2.254126 -0.120000
v -2.782576 2.216875 -0.120000
v -2.804335 2.180113 -0.120000
v -2.824971 2.144392 -0.120000
v -2.844169 2.110264 -0.120000
v -2.861616 2.078284 -0.120000
v -2.877001 2.049001 -0.120000
v -1.938000 2.046001 -0.120000
v -1.969422 1.988047 -0.120000
v -2.003361 1.922863 -0.120000
v -2.039343 1.851469 -0.120000
v -2.076891 1.774891 -0.120000
v -2.115519 1.694143 -0.120000
v -2.154749 1.610251 -0.120000
v -2.194107 1.524235 -0.120000
v -2.233110 1.437112 -0.120000
v -2.271282 1.349908 -0.120000
v -2.308140 1.263640 -0.120000
v -2.343204 1.179331 -0.120000
v -2.375999 1.098001 -0.120000
v -2.407434 1.020580 -0.120000
v -2.439960 0.937627 -0.120000
v -2.473173 0.850360 -0.120000
v -2.506668 0.760000 -0.120000
v -2.540037 0.667768 -0.120000
v -2.572875 0.574876 -0.120000
v -2.604776 0.482548 -0.120000
v -2.635336 0.392002 -0.120000
v -2.664142 0.304453 -0.120000
v -2.690794 0.221125 -0.120000
v -2.714880 0.143236 -0.120000
v -2.736000 0.072001 -0.120000
v -2.469000 -0.014999 -0.120000
v -2.448978 0.063457 -0.120000
v -2.426596 0.145405 -0.120000
v -2.402109 0.230203 -0.120000
v -2.375774 0.317224 -0.120000
v -2.347860 0.405826 -0.120000
v -2.318622 0.495376 -0.120000
v -2.288322 0.585238 -0.120000
v -2.257221 0.674779 -0.120000
v -2.225576 0.763360 -0.120000
v -2.193651 0.850348 -0.120000
v -2.161707 0.935107 -0.120000
v -2.130000 1.017001 -0.120000
v -2.098752 1.096327 -0.120000
v -2.065278 1.179097 -0.120000
v -2.029967 1.264267 -0.120000
v -1.993220 1.350778 -0.120000
v -1.955433 1.437583 -0.120000
v -1.917000 1.523626 -0.120000
v -1.878315 1.607857 -0.120000
v -1.839777 1.689223 -0.120000
v -1.801783 1.766674 -0.120000
v -1.764723 1.839154 -0.120000
v -1.728996 1.905613 -0.120000
v -1.695000 1.965001 -0.120000
v 1.695081 0.505228 -0.120000
v 1.726653 0.500071 -0.120000
v 1.756453 0.491767 -0.120000
v 1.784224 0.480556 -0.120000
v 1.809699 0.466681 -0.120000
v 1.832624 0.450376 -0.120000
v 1.852737 0.431884 -0.120000
v 1.869778 0.411445 -0.120000
v 1.883484 0.389299 -0.120000
v 1.893597 0.365683 -0.120000
v 1.899855 0.340837 -0.120000
v 1.902000 0.315001 -0.120000
v 1.898619 0.280147 -0.120000
v 1.888695 0.247669 -0.120000
v 1.872564 0.217690 -0.120000
v 1.850556 0.190333 -0.120000
v 1.823008 0.165730 -0.120000
v 1.790250 0.144001 -0.120000
v 1.752619 0.125272 -0.120000
v 1.710443 0.109669 -0.120000
v 1.664064 0.097312 -0.120000
v 1.613805 0.088333 -0.120000
v 1.560005 0.082855 -0.120000
v 1.503000 0.081001 -0.120000
v 1.481377 0.081127 -0.120000
v 1.460001 0.081502 -0.120000
v 1.438875 0.082126 -0.120000
v 1.418001 0.083002 -0.120000
v 1.397376 0.084127 -0.120000
v 1.377001 0.085501 -0.120000
v 1.356876 0.087127 -0.120000
v 1.337001 0.089002 -0.120000
v 1.317375 0.091126 -0.120000
v 1.298001 0.093502 -0.120000
v 1.278875 0.096127 -0.120000
v 1.260000 0.099001 -0.120000
v 1.268599 0.156814 -0.120000
v 1.282278 0.211516 -0.120000
v 1.300875 0.262735 -0.120000
v 1.324221 0.310111 -0.120000
v 1.352154 0.353281 -0.120000
v 1.384500 0.391876 -0.120000
v 1.421097 0.425533 -0.120000
v 1.461777 0.453889 -0.120000
v 1.506375 0.476578 -0.120000
v 1.554723 0.493237 -0.120000
v 1.606653 0.503500 -0.120000
v 1.662000 0.507001 -0.120000
v 2.023020 2.199481 -0.120000
v 1.953651 2.200849 -0.120000
v 1.868766 2.202985 -0.120000
v 1.772223 2.205778 -0.120000
v 1.667887 2.209114 -0.120000
v 1.559626 2.212876 -0.120000
v 1.451302 2.216950 -0.120000
v 1.346778 2.221222 -0.120000
v 1.249923 2.225578 -0.120000
v 1.164598 2.229904 -0.120000
v 1.094670 2.234083 -0.120000
v 1.044001 2.238001 -0.120000
v 1.022478 2.239561 -0.120000
v 1.002831 2.241238 -0.120000
v 0.984936 2.243017 -0.120000
v 0.968667 2.244889 -0.120000
v 0.953896 2.246848 -0.120000
v 0.940500 2.248876 -0.120000
v 0.928353 2.250967 -0.120000
v 0.917334 2.253112 -0.120000
v 0.907311 2.255299 -0.120000
v 0.898167 2.257516 -0.120000
v 0.889771 2.259754 -0.120000
v 0.882000 2.262001 -0.120000
v 0.743999 2.088001 -0.120000
v 0.757617 2.078248 -0.120000
v 0.771444 2.068474 -0.120000
v 0.785436 2.058658 -0.120000
v 0.799557 2.048779 -0.120000
v 0.813756 2.038816 -0.120000
v 0.828000 2.028751 -0.120000
v 0.842243 2.018560 -0.120000
v 0.856443 2.008222 -0.120000
v 0.870561 1.997719 -0.120000
v 0.884556 1.987030 -0.120000
v 0.898382 1.976131 -0.120000
v 0.912000 1.965001 -0.120000
v 0.954624 1.931851 -0.120000
v 1.006500 1.890292 -0.120000
v 1.066125 1.841674 -0.120000
v 1.131999 1.787335 -0.120000
v 1.202625 1.728622 -0.120000
v 1.276500 1.666876 -0.120000
v 1.352123 1.603444 -0.120000
v 1.428000 1.539667 -0.120000
v 1.502625 1.476892 -0.120000
v 1.574499 1.416460 -0.120000
v 1.642125 1.359715 -0.120000
v 1.704000 1.308001 -0.120000
v 1.669383 1.319323 -0.120000
v 1.634571 1.329334 -0.120000
v 1.599608 1.338094 -0.120000
v 1.564554 1.345669 -0.120000
v 1.529460 1.352116 -0.120000
v 1.494375 1.357501 -0.120000
v 1.459352 1.361887 -0.120000
v 1.424444 1.365334 -0.120000
v 1.389702 1.367908 -0.120000
v 1.355181 1.369669 -0.120000
v 1.320930 1.370677 -0.120000
v 1.287000 1.371001 -0.120000
v 1.165563 1.364863 -0.120000
v 1.050750 1.346905 -0.120000
v 0.943315 1.317799 -0.120000
v 0.843999 1.278223 -0.120000
v 0.753564 1.228858 -0.120000
v 0.672750 1.170376 -0.120000
v 0.602313 1.103458 -0.120000
v 0.543000 1.028779 -0.120000
v 0.495564 0.947017 -0.120000
v 0.460752 0.858847 -0.120000
v 0.439314 0.764950 -0.120000
v 0.432000 0.666001 -0.120000
v 0.440160 0.548896 -0.120000
v 0.464277 0.439405 -0.120000
v 0.503814 0.338017 -0.120000
v 0.558222 0.245224 -0.120000
v 0.626966 0.161512 -0.120000
v 0.709500 0.087376 -0.120000
v 0.805287 0.023302 -0.120000
v 0.913779 -0.030221 -0.120000
v 1.034439 -0.072701 -0.120000
v 1.166721 -0.103652 -0.120000
v 1.310091 -0.122582 -0.120000
v 1.464000 -0.128999 -0.120000
v 1.562634 -0.125372 -0.120000
v 1.654332 -0.114734 -0.120000
v 1.738779 -0.097451 -0.120000
v 1.815666 -0.073889 -0.120000
v 1.884678 -0.044408 -0.120000
v 1.945499 -0.009374 -0.120000
v 1.997823 0.030847 -0.120000
v 2.041332 0.075889 -0.120000
v 2.075718 0.125392 -0.120000
v 2.100666 0.178987 -0.120000
v 2.115864 0.236311 -0.120000
v 2.121000 0.297001 -0.120000
v 2.117238 0.348160 -0.120000
v 2.106153 0.397765 -0.120000
v 2.088048 0.445267 -0.120000
v 2.063223 0.490111 -0.120000
v 2.031981 0.531748 -0.120000
v 1.994625 0.569626 -0.120000
v 1.951458 0.603190 -0.120000
v 1.902777 0.631891 -0.120000
v 1.848891 0.655174 -0.120000
v 1.790097 0.672487 -0.120000
v 1.726701 0.683281 -0.120000
v 1.659000 0.687001 -0.120000
v 1.568871 0.681997 -0.120000
v 1.485956 0.667459 -0.120000
v 1.410234 0.644110 -0.120000
v 1.341666 0.612667 -0.120000
v 1.280223 0.573850 -0.120000
v 1.225875 0.528376 -0.120000
v 1.178589 0.476965 -0.120000
v 1.138331 0.420334 -0.120000
v 1.105078 0.359203 -0.120000
v 1.078791 0.294292 -0.120000
v 1.059444 0.226318 -0.120000
v 1.047000 0.156001 -0.120000
v 0.989205 0.180934 -0.120000
v 0.935889 0.209209 -0.120000
v 0.887156 0.240799 -0.120000
v 0.843111 0.275668 -0.120000
v 0.803859 0.313786 -0.120000
v 0.769500 0.355126 -0.120000
v 0.740143 0.399652 -0.120000
v 0.715890 0.447334 -0.120000
v 0.696843 0.498142 -0.120000
v 0.683112 0.552043 -0.120000
v 0.674796 0.609007 -0.120000
v 0.672000 0.669001 -0.120000
v 0.677774 0.740914 -0.120000
v 0.694695 0.809305 -0.120000
v 0.722157 0.873658 -0.120000
v 0.759555 0.933445 -0.120000
v 0.806290 0.988150 -0.120000
v 0.861750 1.037251 -0.120000
v 0.925338 1.080226 -0.120000
v 0.996445 1.116556 -0.120000
v 1.074468 1.145719 -0.120000
v 1.158808 1.167196 -0.120000
v 1.248852 1.180462 -0.120000
v 1.344000 1.185001 -0.120000
v 1.464577 1.180585 -0.120000
v 1.576611 1.167430 -0.120000
v 1.681311 1.145674 -0.120000
v 1.779888 1.115446 -0.120000
v 1.873549 1.076884 -0.120000
v 1.963500 1.030126 -0.120000
v 2.050950 0.975304 -0.120000
v 2.137110 0.912556 -0.120000
v 2.223189 0.842017 -0.120000
v 2.310390 0.763819 -0.120000
v 2.399925 0.678103 -0.120000
v 2.493000 0.585001 -0.120000
v 2.664000 0.762001 -0.120000
v 2.599137 0.815269 -0.120000
v 2.529846 0.872404 -0.120000
v 2.457327 0.932392 -0.120000
v 2.382777 0.994222 -0.120000
v 2.307393 1.056889 -0.120000
v 2.232374 1.119376 -0.120000
v 2.158917 1.180675 -0.120000
v 2.088223 1.239778 -0.120000
v 2.021483 1.295674 -0.120000
v 1.959903 1.347349 -0.120000
v 1.904676 1.393795 -0.120000
v 1.857000 1.434001 -0.120000
v 1.810935 1.471981 -0.120000
v 1.757736 1.516099 -0.120000
v 1.698891 1.565110 -0.120000
v 1.635888 1.617778 -0.120000
v 1.570221 1.672864 -0.120000
v 1.503375 1.729126 -0.120000
v 1.436841 1.785325 -0.120000
v 1.372110 1.840222 -0.120000
v 1.310673 1.892578 -0.120000
v 1.254015 1.941154 -0.120000
v 1.203628 1.984708 -0.120000
v 1.161000 2.022001 -0.120000
v 1.209429 2.020087 -0.120000
v 1.273167 2.017432 -0.120000
v 1.349157 2.014174 -0.120000
v 1.434333 2.010445 -0.120000
v 1.525635 2.006386 -0.120000
v 1.620000 2.002126 -0.120000
v 1.714365 1.997806 -0.120000
v 1.805667 1.993558 -0.120000
v 1.890842 1.989517 -0.120000
v 1.966833 1.985821 -0.120000
v 2.030574 1.982605 -0.120000
v 2.079000 1.980001 -0.120000
v 2.095557 1.979188 -0.120000
v 2.112206 1.978252 -0.120000
v 2.128920 1.977187 -0.120000
v 2.145666 1.976002 -0.120000
v 2.162409 1.974688 -0.120000
v 2.179125 1.973251 -0.120000
v 2.195775 1.971688 -0.120000
v 2.212332 1.970002 -0.120000
v 2.228766 1.968187 -0.120000
v 2.245041 1.966252 -0.120000
v 2.261130 1.964188 -0.120000
v 2.277000 1.962001 -0.120000
v 2.286000 2.211001 -0.120000
v 2.268459 2.208874 -0.120000
v 2.250432 2.206987 -0.120000
v 2.232048 2.205328 -0.120000
v 2.213445 2.203891 -0.120000
v 2.194757 2.202658 -0.120000
v 2.176125 2.201626 -0.120000
v 2.157678 2.200780 -0.120000
v 2.139555 2.200111 -0.120000
v 2.121891 2.199610 -0.120000
v 2.104821 2.199265 -0.120000
v 2.088476 2.199064 -0.120000
v 2.073000 2.199001 -0.120000
v 3.990000 1.194001 -0.120000
v 4.006701 1.226341 -0.120000
v 4.025124 1.261474 -0.120000
v 4.044984 1.298815 -0.120000
v 4.065999 1.337779 -0.120000
v 4.087890 1.377787 -0.120000
v 4.110375 1.418251 -0.120000
v 4.133172 1.458592 -0.120000
v 4.155999 1.498222 -0.120000
v 4.178577 1.536562 -0.120000
v 4.200624 1.573030 -0.120000
v 4.221858 1.607035 -0.120000
v 4.242000 1.638001 -0.120000
v 4.083000 1.707001 -0.120000
v 4.063312 1.677184 -0.120000
v 4.041999 1.643710 -0.120000
v 4.019436 1.607299 -0.120000
v 3.996000 1.568668 -0.120000
v 3.972059 1.528537 -0.120000
v 3.948000 1.487626 -0.120000
v 3.924187 1.446652 -0.120000
v 3.900999 1.406335 -0.120000
v 3.878811 1.367392 -0.120000
v 3.858000 1.330543 -0.120000
v 3.838938 1.296505 -0.120000
v 3.822000 1.266001 -0.120000
v 3.630000 1.338001 -0.120000
v 3.648084 1.370794 -0.120000
v 3.667680 1.405834 -0.120000
v 3.688548 1.442626 -0.120000
v 3.710445 1.480669 -0.120000
v 3.733134 1.519459 -0.120000
v 3.756375 1.558501 -0.120000
v 3.779928 1.597294 -0.120000
v 3.803556 1.635334 -0.120000
v 3.827016 1.672126 -0.120000
v 3.850068 1.707169 -0.120000
v 3.872478 1.739959 -0.120000
v 3.894000 1.770001 -0.120000
v 3.732000 1.842001 -0.120000
v 3.711620 1.813735 -0.120000
v 3.689736 1.781875 -0.120000
v 3.666702 1.747078 -0.120000
v 3.642888 1.710001 -0.120000
v 3.618657 1.671298 -0.120000
v 3.594375 1.631626 -0.120000
v 3.570405 1.591642 -0.120000
v 3.547110 1.552000 -0.120000
v 3.524858 1.513360 -0.120000
v 3.504015 1.476376 -0.120000
v 3.484938 1.441705 -0.120000
v 3.467999 1.410001 -0.120000
v 4.190184 1.994809 -0.120000
v 4.254222 1.940974 -0.120000
v 4.324593 1.882594 -0.120000
v 4.399776 1.820779 -0.120000
v 4.478252 1.756630 -0.120000
v 4.558500 1.691251 -0.120000
v 4.638996 1.625749 -0.120000
v 4.718223 1.561222 -0.120000
v 4.794657 1.498783 -0.120000
v 4.866776 1.439530 -0.120000
v 4.933065 1.384567 -0.120000
v 4.992000 1.335001 -0.120000
v 5.033991 1.298812 -0.120000
v 5.068416 1.266238 -0.120000
v 5.095218 1.236517 -0.120000
v 5.114334 1.208890 -0.120000
v 5.125698 1.182598 -0.120000
v 5.129250 1.156876 -0.120000
v 5.124927 1.130968 -0.120000
v 5.112666 1.104112 -0.120000
v 5.092407 1.075549 -0.120000
v 5.064084 1.044514 -0.120000
v 5.027637 1.010254 -0.120000
v 4.983000 0.972001 -0.120000
v 4.909647 0.912373 -0.120000
v 4.827183 0.845224 -0.120000
v 4.737234 0.771658 -0.120000
v 4.641444 0.692779 -0.120000
v 4.541449 0.609691 -0.120000
v 4.438875 0.523501 -0.120000
v 4.335366 0.435310 -0.120000
v 4.232556 0.346222 -0.120000
v 4.132077 0.257344 -0.120000
v 4.035570 0.169780 -0.120000
v 3.944664 0.084628 -0.120000
v 3.861000 0.003001 -0.120000
v 4.074000 -0.194999 -0.120000
v 4.089933 -0.176939 -0.120000
v 4.106208 -0.158777 -0.120000
v 4.122795 -0.140531 -0.120000
v 4.139667 -0.122222 -0.120000
v 4.156785 -0.103871 -0.120000
v 4.174125 -0.085499 -0.120000
v 4.191651 -0.067127 -0.120000
v 4.209333 -0.048776 -0.120000
v 4.227140 -0.030467 -0.120000
v 4.245042 -0.012221 -0.120000
v 4.263006 0.005941 -0.120000
v 4.281000 0.024001 -0.120000
v 4.339011 0.081433 -0.120000
v 4.405596 0.144958 -0.120000
v 4.479327 0.213424 -0.120000
v 4.558776 0.285667 -0.120000
v 4.642518 0.360538 -0.120000
v 4.729125 0.436876 -0.120000
v 4.817169 0.513526 -0.120000
v 4.905222 0.589333 -0.120000
v 4.991859 0.663142 -0.120000
v 5.075652 0.733792 -0.120000
v 5.155176 0.800131 -0.120000
v 5.229000 0.861001 -0.120000
v 5.292984 0.918121 -0.120000
v 5.344113 0.971458 -0.120000
v 5.382657 1.021735 -0.120000
v 5.408889 1.069669 -0.120000
v 5.423079 1.115974 -0.120000
v 5.425500 1.161376 -0.120000
v 5.416422 1.206589 -0.120000
v 5.396111 1.252333 -0.120000
v 5.364843 1.299327 -0.120000
v 5.322891 1.348294 -0.120000
v 5.270517 1.399945 -0.120000
v 5.208000 1.455001 -0.120000
v 5.146587 1.505626 -0.120000
v 5.077443 1.562250 -0.120000
v 5.002218 1.623751 -0.120000
v 4.922556 1.689001 -0.120000
v 4.840101 1.756876 -0.120000
v 4.756500 1.826251 -0.120000
v 4.673400 1.896001 -0.120000
v 4.592444 1.965001 -0.120000
v 4.515282 2.032126 -0.120000
v 4.443555 2.096251 -0.120000
v 4.378914 2.156251 -0.120000
v 4.323000 2.211001 -0.120000
v 4.307661 2.226472 -0.120000
v 4.291791 2.242765 -0.120000
v 4.275609 2.259703 -0.120000
v 4.259335 2.277112 -0.120000
v 4.243182 2.294812 -0.120000
v 4.227375 2.312626 -0.120000
v 4.212129 2.330377 -0.120000
v 4.197666 2.347891 -0.120000
v 4.184202 2.364985 -0.120000
v 4.171959 2.381488 -0.120000
v 4.161150 2.397217 -0.120000
v 4.152000 2.412001 -0.120000
v 3.927000 2.214001 -0.120000
v 3.943335 2.200726 -0.120000
v 3.960666 2.186542 -0.120000
v 3.978750 2.171674 -0.120000
v 3.997332 2.156335 -0.120000
v 4.016166 2.140747 -0.120000
v 4.035000 2.125126 -0.120000
v 4.053582 2.109694 -0.120000
v 4.071666 2.094667 -0.120000
v 4.089000 2.080267 -0.120000
v 4.105332 2.066710 -0.120000
v 4.120416 2.054215 -0.120000
v 4.134000 2.043001 -0.120000
v 7.695081 0.505227 -0.120000
v 7.726653 0.500070 -0.120000
v 7.756452 0.491766 -0.120000
v 7.784223 0.480555 -0.120000
v 7.809699 0.466680 -0.120000
v 7.832625 0.450375 -0.120000
v 7.852737 0.431883 -0.120000
v 7.869777 0.411444 -0.120000
v 7.883484 0.389298 -0.120000
v 7.893597 0.365682 -0.120000
v 7.899855 0.340836 -0.120000
v 7.902000 0.315000 -0.120000
v 7.898619 0.280146 -0.120000
v 7.888695 0.247668 -0.120000
v 7.872561 0.217689 -0.120000
v 7.850556 0.190332 -0.120000
v 7.823007 0.165729 -0.120000
v 7.790250 0.144000 -0.120000
v 7.752618 0.125271 -0.120000
v 7.710444 0.109668 -0.120000
v 7.664064 0.097311 -0.120000
v 7.613805 0.088332 -0.120000
v 7.560006 0.082854 -0.120000
v 7.503000 0.081000 -0.120000
v 7.481376 0.081126 -0.120000
v 7.460001 0.081501 -0.120000
v 7.438875 0.082125 -0.120000
v 7.418001 0.083001 -0.120000
v 7.397376 0.084126 -0.120000
v 7.377000 0.085500 -0.120000
v 7.356876 0.087126 -0.120000
v 7.337001 0.089001 -0.120000
v 7.317375 0.091125 -0.120000
v 7.298001 0.093501 -0.120000
v 7.278876 0.096126 -0.120000
v 7.260000 0.099000 -0.120000
v 7.268598 0.156813 -0.120000
v 7.282278 0.211515 -0.120000
v 7.300875 0.262734 -0.120000
v 7.324224 0.310110 -0.120000
v 7.352154 0.353280 -0.120000
v 7.384500 0.391875 -0.120000
v 7.421097 0.425532 -0.120000
v 7.461777 0.453888 -0.120000
v 7.506375 0.476577 -0.120000
v 7.554723 0.493236 -0.120000
v 7.606653 0.503499 -0.120000
v 7.662000 0.507000 -0.120000
v 8.023020 2.199480 -0.120000
v 7.953654 2.200848 -0.120000
v 7.868766 2.202984 -0.120000
v 7.772223 2.205777 -0.120000
v 7.667886 2.209113 -0.120000
v 7.559625 2.212875 -0.120000
v 7.451301 2.216949 -0.120000
v 7.346778 2.221221 -0.120000
v 7.249923 2.225578 -0.120000
v 7.164597 2.229903 -0.120000
v 7.094670 2.234082 -0.120000
v 7.044000 2.238000 -0.120000
v 7.022481 2.239560 -0.120000
v 7.002834 2.241238 -0.120000
v 6.984939 2.243016 -0.120000
v 6.968667 2.244889 -0.120000
v 6.953895 2.246847 -0.120000
v 6.940500 2.248876 -0.120000
v 6.928353 2.250967 -0.120000
v 6.917334 2.253111 -0.120000
v 6.907311 2.255299 -0.120000
v 6.898167 2.257515 -0.120000
v 6.889770 2.259753 -0.120000
v 6.882000 2.262001 -0.120000
v 6.744000 2.088000 -0.120000
v 6.757617 2.078248 -0.120000
v 6.771444 2.068473 -0.120000
v 6.785439 2.058657 -0.120000
v 6.799557 2.048779 -0.120000
v 6.813756 2.038815 -0.120000
v 6.828000 2.028750 -0.120000
v 6.842244 2.018559 -0.120000
v 6.856443 2.008222 -0.120000
v 6.870561 1.997719 -0.120000
v 6.884556 1.987030 -0.120000
v 6.898383 1.976130 -0.120000
v 6.912000 1.965000 -0.120000
v 6.954624 1.931850 -0.120000
v 7.006500 1.890291 -0.120000
v 7.066125 1.841673 -0.120000
v 7.131999 1.787334 -0.120000
v 7.202625 1.728621 -0.120000
v 7.276500 1.666875 -0.120000
v 7.352124 1.603443 -0.120000
v 7.428000 1.539666 -0.120000
v 7.502625 1.476891 -0.120000
v 7.574499 1.416459 -0.120000
v 7.642125 1.359714 -0.120000
v 7.704000 1.308000 -0.120000
v 7.669383 1.319322 -0.120000
v 7.634568 1.329333 -0.120000
v 7.599609 1.338093 -0.120000
v 7.564554 1.345668 -0.120000
v 7.529460 1.352115 -0.120000
v 7.494375 1.357500 -0.120000
v 7.459353 1.361886 -0.120000
v 7.424445 1.365333 -0.120000
v 7.389702 1.367907 -0.120000
v 7.355181 1.369668 -0.120000
v 7.320930 1.370676 -0.120000
v 7.287000 1.371000 -0.120000
v 7.165563 1.364862 -0.120000
v 7.050750 1.346905 -0.120000
v 6.943314 1.317798 -0.120000
v 6.843999 1.278222 -0.120000
v 6.753564 1.228858 -0.120000
v 6.672750 1.170375 -0.120000
v 6.602313 1.103457 -0.120000
v 6.543000 1.028778 -0.120000
v 6.495561 0.947016 -0.120000
v 6.460749 0.858846 -0.120000
v 6.439311 0.764950 -0.120000
v 6.432000 0.666000 -0.120000
v 6.440160 0.548895 -0.120000
v 6.464277 0.439404 -0.120000
v 6.503811 0.338016 -0.120000
v 6.558222 0.245223 -0.120000
v 6.626964 0.161511 -0.120000
v 6.709500 0.087375 -0.120000
v 6.805284 0.023301 -0.120000
v 6.913776 -0.030222 -0.120000
v 7.034436 -0.072702 -0.120000
v 7.166721 -0.103653 -0.120000
v 7.310091 -0.122583 -0.120000
v 7.464000 -0.129000 -0.120000
v 7.562634 -0.125373 -0.120000
v 7.654332 -0.114735 -0.120000
v 7.738782 -0.097452 -0.120000
v 7.815666 -0.073890 -0.120000
v 7.884678 -0.044409 -0.120000
v 7.945500 -0.009375 -0.120000
v 7.997823 0.030846 -0.120000
v 8.041332 0.075888 -0.120000
v 8.075718 0.125391 -0.120000
v 8.100666 0.178986 -0.120000
v 8.115864 0.236310 -0.120000
v 8.121000 0.297000 -0.120000
v 8.117238 0.348159 -0.120000
v 8.106153 0.397764 -0.120000
v 8.088048 0.445266 -0.120000
v 8.063223 0.490110 -0.120000
v 8.031981 0.531747 -0.120000
v 7.994625 0.569625 -0.120000
v 7.951458 0.603189 -0.120000
v 7.902777 0.631890 -0.120000
v 7.848891 0.655173 -0.120000
v 7.790097 0.672486 -0.120000
v 7.726701 0.683280 -0.120000
v 7.659000 0.687000 -0.120000
v 7.568871 0.681996 -0.120000
v 7.485957 0.667458 -0.120000
v 7.410234 0.644109 -0.120000
v 7.341666 0.612666 -0.120000
v 7.280223 0.573849 -0.120000
v 7.225875 0.528375 -0.120000
v 7.178589 0.476964 -0.120000
v 7.138332 0.420333 -0.120000
v 7.105077 0.359202 -0.120000
v 7.078791 0.294291 -0.120000
v 7.059444 0.226317 -0.120000
v 7.047000 0.156000 -0.120000
v 6.989205 0.180933 -0.120000
v 6.935889 0.209208 -0.120000
v 6.887157 0.240798 -0.120000
v 6.843111 0.275667 -0.120000
v 6.803859 0.313785 -0.120000
v 6.769500 0.355125 -0.120000
v 6.740142 0.399651 -0.120000
v 6.715890 0.447333 -0.120000
v 6.696843 0.498141 -0.120000
v 6.683112 0.552042 -0.120000
v 6.674796 0.609007 -0.120000
v 6.672000 0.669001 -0.120000
v 6.677775 0.740913 -0.120000
v 6.694695 0.809304 -0.120000
v 6.722157 0.873657 -0.120000
v 6.759555 0.933444 -0.120000
v 6.806289 0.988149 -0.120000
v 6.861750 1.037251 -0.120000
v 6.925338 1.080225 -0.120000
v 6.996444 1.116555 -0.120000
v 7.074468 1.145718 -0.120000
v 7.158804 1.167195 -0.120000
v 7.248849 1.180461 -0.120000
v 7.344000 1.185000 -0.120000
v 7.464576 1.180584 -0.120000
v 7.576611 1.167429 -0.120000
v 7.681311 1.145673 -0.120000
v 7.779888 1.115445 -0.120000
v 7.873548 1.076883 -0.120000
v 7.963500 1.030125 -0.120000
v 8.050950 0.975303 -0.120000
v 8.137110 0.912555 -0.120000
v 8.223188 0.842016 -0.120000
v 8.310390 0.763818 -0.120000
v 8.399925 0.678102 -0.120000
v 8.493000 0.585000 -0.120000
v 8.664000 0.762000 -0.120000
v 8.599137 0.815268 -0.120000
v 8.529849 0.872403 -0.120000
v 8.457331 0.932391 -0.120000
v 8.382776 0.994221 -0.120000
v 8.307396 1.056888 -0.120000
v 8.232375 1.119375 -0.120000
v 8.158920 1.180674 -0.120000
v 8.088223 1.239777 -0.120000
v 8.021484 1.295673 -0.120000
v 7.959903 1.347348 -0.120000
v 7.904676 1.393794 -0.120000
v 7.857000 1.434000 -0.120000
v 7.810935 1.471980 -0.120000
v 7.757736 1.516098 -0.120000
v 7.698891 1.565109 -0.120000
v 7.635888 1.617777 -0.120000
v 7.570221 1.672863 -0.120000
v 7.503375 1.729125 -0.120000
v 7.436841 1.785324 -0.120000
v 7.372110 1.840221 -0.120000
v 7.310673 1.892577 -0.120000
v 7.254015 1.941153 -0.120000
v 7.203627 1.984707 -0.120000
v 7.161000 2.022001 -0.120000
v 7.209429 2.020087 -0.120000
v 7.273167 2.017431 -0.120000
v 7.349157 2.014174 -0.120000
v 7.434333 2.010445 -0.120000
v 7.525635 2.006385 -0.120000
v 7.620000 2.002126 -0.120000
v 7.714365 1.997805 -0.120000
v 7.805667 1.993557 -0.120000
v 7.890843 1.989516 -0.120000
v 7.966833 1.985820 -0.120000
v 8.030574 1.982604 -0.120000
v 8.079000 1.980000 -0.120000
v 8.095557 1.979187 -0.120000
v 8.112207 1.978251 -0.120000
v 8.128923 1.977186 -0.120000
v 8.145666 1.976001 -0.120000
v 8.162413 1.974687 -0.120000
v 8.179125 1.973250 -0.120000
v 8.195775 1.971687 -0.120000
v 8.212333 1.970001 -0.120000
v 8.228766 1.968186 -0.120000
v 8.245041 1.966251 -0.120000
v 8.261130 1.964187 -0.120000
v 8.277000 1.962000 -0.120000
v 8.286000 2.211000 -0.120000
v 8.268459 2.208873 -0.120000
v 8.250429 2.206986 -0.120000
v 8.232048 2.205327 -0.120000
v 8.213446 2.203890 -0.120000
v 8.194758 2.202657 -0.120000
v 8.176126 2.201625 -0.120000
v 8.157679 2.200779 -0.120000
v 8.139555 2.200110 -0.120000
v 8.121891 2.199609 -0.120000
v 8.104821 2.199264 -0.120000
v 8.088477 2.199063 -0.120000
v 8.073000 2.199000 -0.120000
v 9.990000 1.194000 -0.120000
v 10.006704 1.226340 -0.120000
v 10.025125 1.261473 -0.120000
v 10.044984 1.298814 -0.120000
v 10.065999 1.337778 -0.120000
v 10.087891 1.377786 -0.120000
v 10.110375 1.418250 -0.120000
v 10.133172 1.458591 -0.120000
v 10.155999 1.498221 -0.120000
v 10.178577 1.536561 -0.120000
v 10.200624 1.573029 -0.120000
v 10.221858 1.607034 -0.120000
v 10.242000 1.638000 -0.120000
v 10.083000 1.707000 -0.120000
v 10.063311 1.677183 -0.120000
v 10.041999 1.643709 -0.120000
v 10.019436 1.607298 -0.120000
v 9.996000 1.568667 -0.120000
v 9.972063 1.528536 -0.120000
v 9.948000 1.487625 -0.120000
v 9.924187 1.446651 -0.120000
v 9.900999 1.406334 -0.120000
v 9.878811 1.367391 -0.120000
v 9.858000 1.330542 -0.120000
v 9.838938 1.296504 -0.120000
v 9.822001 1.266000 -0.120000
v 9.630000 1.338000 -0.120000
v 9.648085 1.370793 -0.120000
v 9.667681 1.405833 -0.120000
v 9.688548 1.442625 -0.120000
v 9.710445 1.480668 -0.120000
v 9.733134 1.519458 -0.120000
v 9.756375 1.558500 -0.120000
v 9.779928 1.597293 -0.120000
v 9.803556 1.635333 -0.120000
v 9.827017 1.672125 -0.120000
v 9.850068 1.707168 -0.120000
v 9.872478 1.739958 -0.120000
v 9.894000 1.770000 -0.120000
v 9.732000 1.842000 -0.120000
v 9.711624 1.813734 -0.120000
v 9.689736 1.781874 -0.120000
v 9.666702 1.747077 -0.120000
v 9.642888 1.710000 -0.120000
v 9.618657 1.671297 -0.120000
v 9.594376 1.631625 -0.120000
v 9.570405 1.591641 -0.120000
v 9.547111 1.551999 -0.120000
v 9.524859 1.513359 -0.120000
v 9.504015 1.476375 -0.120000
v 9.484939 1.441704 -0.120000
v 9.468000 1.410000 -0.120000
v 10.190184 1.994808 -0.120000
v 10.254222 1.940973 -0.120000
v 10.324594 1.882593 -0.120000
v 10.399779 1.820778 -0.120000
v 10.478253 1.756629 -0.120000
v 10.558500 1.691250 -0.120000
v 10.638996 1.625748 -0.120000
v 10.718224 1.561221 -0.120000
v 10.794657 1.498782 -0.120000
v 10.866777 1.439529 -0.120000
v 10.933065 1.384566 -0.120000
v 10.992001 1.335000 -0.120000
v 11.033991 1.298811 -0.120000
v 11.068417 1.266237 -0.120000
v 11.095219 1.236516 -0.120000
v 11.114334 1.208889 -0.120000
v 11.125698 1.182597 -0.120000
v 11.129251 1.156875 -0.120000
v 11.124928 1.130967 -0.120000
v 11.112666 1.104111 -0.120000
v 11.092407 1.075548 -0.120000
v 11.064084 1.044513 -0.120000
v 11.027634 1.010253 -0.120000
v 10.983000 0.972000 -0.120000
v 10.909647 0.912372 -0.120000
v 10.827180 0.845223 -0.120000
v 10.737234 0.771657 -0.120000
v 10.641444 0.692778 -0.120000
v 10.541445 0.609690 -0.120000
v 10.438875 0.523500 -0.120000
v 10.335366 0.435309 -0.120000
v 10.232556 0.346221 -0.120000
v 10.132077 0.257343 -0.120000
v 10.035570 0.169779 -0.120000
v 9.944664 0.084627 -0.120000
v 9.861000 0.003000 -0.120000
v 10.073999 -0.195000 -0.120000
v 10.089933 -0.176940 -0.120000
v 10.106208 -0.158778 -0.120000
v 10.122798 -0.140532 -0.120000
v 10.139668 -0.122223 -0.120000
v 10.156785 -0.103872 -0.120000
v 10.174125 -0.085500 -0.120000
v 10.191650 -0.067128 -0.120000
v 10.209333 -0.048777 -0.120000
v 10.227141 -0.030468 -0.120000
v 10.245042 -0.012222 -0.120000
v 10.263006 0.005940 -0.120000
v 10.281000 0.024000 -0.120000
v 10.339011 0.081432 -0.120000
v 10.405596 0.144957 -0.120000
v 10.479327 0.213423 -0.120000
v 10.558779 0.285666 -0.120000
v 10.642518 0.360537 -0.120000
v 10.729125 0.436875 -0.120000
v 10.817169 0.513525 -0.120000
v 10.905222 0.589332 -0.120000
v 10.991859 0.663141 -0.120000
v 11.075652 0.733791 -0.120000
v 11.155176 0.800130 -0.120000
v 11.229000 0.861000 -0.120000
v 11.292984 0.918120 -0.120000
v 11.344110 0.971457 -0.120000
v 11.382657 1.021734 -0.120000
v 11.408889 1.069668 -0.120000
v 11.423079 1.115973 -0.120000
v 11.425500 1.161375 -0.120000
v 11.416419 1.206588 -0.120000
v 11.396112 1.252332 -0.120000
v 11.364843 1.299327 -0.120000
v 11.322888 1.348293 -0.120000
v 11.270517 1.399944 -0.120000
v 11.208000 1.455000 -0.120000
v 11.146587 1.505625 -0.120000
v 11.077443 1.562250 -0.120000
v 11.002218 1.623750 -0.120000
v 10.922556 1.689000 -0.120000
v 10.840101 1.756875 -0.120000
v 10.756500 1.826250 -0.120000
v 10.673400 1.896000 -0.120000
v 10.592445 1.965000 -0.120000
v 10.515282 2.032125 -0.120000
v 10.443556 2.096250 -0.120000
v 10.378914 2.156250 -0.120000
v 10.323000 2.211000 -0.120000
v 10.307661 2.226471 -0.120000
v 10.291791 2.242764 -0.120000
v 10.275609 2.259702 -0.120000
v 10.259335 2.277111 -0.120000
v 10.243182 2.294811 -0.120000
v 10.227375 2.312625 -0.120000
v 10.212130 2.330376 -0.120000
v 10.197666 2.347890 -0.120000
v 10.184202 2.364984 -0.120000
v 10.171959 2.381487 -0.120000
v 10.161150 2.397216 -0.120000
v 10.152000 2.412000 -0.120000
v 9.927000 2.214000 -0.120000
v 9.943333 2.200725 -0.120000
v 9.960667 2.186541 -0.120000
v 9.978750 2.171673 -0.120000
v 9.997333 2.156334 -0.120000
v 10.016167 2.140746 -0.120000
v 10.035000 2.125125 -0.120000
v 10.053582 2.109693 -0.120000
v 10.071667 2.094666 -0.120000
v 10.089001 2.080266 -0.120000
v 10.105332 2.066709 -0.120000
v 10.120417 2.054214 -0.120000
v 10.134000 2.043000 -0.120000
v -10.010868 2.032010 0.120000
v -10.010469 2.055821 0.120000
v -10.009779 2.081111 0.120000
v -10.008774 2.107556 0.120000
v -10.007439 2.134838 0.120000
v -10.005747 2.162627 0.120000
v -10.003683 2.190605 0.120000
v -10.001221 2.218445 0.120000
v -9.998343 2.245829 0.120000
v -9.995028 2.272433 0.120000
v -9.991255 2.297930 0.120000
v -9.987000 2.322002 0.120000
v -10.281000 2.322002 0.120000
v -10.278696 2.298047 0.120000
v -10.276320 2.272850 0.120000
v -10.273924 2.246675 0.120000
v -10.271557 2.219780 0.120000
v -10.269272 2.192426 0.120000
v -10.267126 2.164877 0.120000
v -10.265165 2.137388 0.120000
v -10.263443 2.110223 0.120000
v -10.262016 2.083643 0.120000
v -10.260929 2.057906 0.120000
v -10.260242 2.033270 0.120000
v -10.260000 2.010002 0.120000
v -10.260000 1.521002 0.120000
v -10.362377 1.489091 0.120000
v -10.470512 1.453709 0.120000
v -10.582922 1.415393 0.120000
v -10.698112 1.374668 0.120000
v -10.814592 1.332071 0.120000
v -10.930874 1.288127 0.120000
v -11.045473 1.243373 0.120000
v -11.156889 1.198334 0.120000
v -11.263641 1.153550 0.120000
v -11.364237 1.109543 0.120000
v -11.457188 1.066850 0.120000
v -11.541000 1.026002 0.120000
v -11.439001 0.771002 0.120000
v -11.353470 0.815684 0.120000
v -11.261250 0.860945 0.120000
v -11.163658 0.906377 0.120000
v -11.062002 0.951557 0.120000
v -10.957596 0.996071 0.120000
v -10.851749 1.039502 0.120000
v -10.745781 1.081433 0.120000
v -10.640999 1.121447 0.120000
v -10.538721 1.159127 0.120000
v -10.440248 1.194059 0.120000
v -10.346907 1.225820 0.120000
v -10.260000 1.254002 0.120000
v -10.263000 0.264002 0.120000
v -10.263123 0.239390 0.120000
v -10.263498 0.212363 0.120000
v -10.264124 0.183377 0.120000
v -10.265001 0.152891 0.120000
v -10.266123 0.121364 0.120000
v -10.267500 0.089252 0.120000
v -10.269123 0.057017 0.120000
v -10.270998 0.025112 0.120000
v -10.273125 -0.005998 0.120000
v -10.275501 -0.035860 0.120000
v -10.278126 -0.064012 0.120000
v -10.281000 -0.089998 0.120000
v -9.990000 -0.089998 0.120000
v -9.993561 -0.064987 0.120000
v -9.996761 -0.038152 0.120000
v -9.999605 -0.009796 0.120000
v -10.002108 0.019781 0.120000
v -10.004278 0.050270 0.120000
v -10.006123 0.081377 0.120000
v -10.007658 0.112796 0.120000
v -10.008888 0.144224 0.120000
v -10.009827 0.175361 0.120000
v -10.010485 0.205904 0.120000
v -10.010872 0.235553 0.120000
v -10.011000 0.264002 0.120000
v -10.011000 0.328835 0.120000
v -10.011000 0.434168 0.120000
v -10.011000 0.572252 0.120000
v -10.011000 0.735335 0.120000
v -10.011000 0.915668 0.120000
v -10.011000 1.105502 0.120000
v -10.011000 1.297085 0.120000
v -10.011000 1.482668 0.120000
v -10.011000 1.654502 0.120000
v -10.011000 1.804835 0.120000
v -10.011000 1.925918 0.120000
v -10.011000 2.010002 0.120000
v -8.297724 1.808666 0.120000
v -8.267044 1.739057 0.120000
v -8.233170 1.666784 0.120000
v -8.196333 1.592447 0.120000
v -8.156746 1.516652 0.120000
v -8.114624 1.440002 0.120000
v -8.070192 1.363103 0.120000
v -8.023666 1.286558 0.120000
v -7.975266 1.210970 0.120000
v -7.925209 1.136948 0.120000
v -7.873713 1.065089 0.120000
v -7.820999 0.996002 0.120000
v -7.900684 0.926159 0.120000
v -7.981722 0.852266 0.120000
v -8.063343 0.775268 0.120000
v -8.144777 0.696113 0.120000
v -8.225256 0.615749 0.120000
v -8.304003 0.535127 0.120000
v -8.380249 0.455192 0.120000
v -8.453222 0.376892 0.120000
v -8.522158 0.301175 0.120000
v -8.586279 0.228989 0.120000
v -8.644817 0.161282 0.120000
v -8.697001 0.099002 0.120000
v -8.487000 -0.080998 0.120000
v -8.434385 -0.012592 0.120000
v -8.377346 0.058751 0.120000
v -8.316330 0.132470 0.120000
v -8.251780 0.208001 0.120000
v -8.184143 0.284783 0.120000
v -8.113876 0.362252 0.120000
v -8.041418 0.439847 0.120000
v -7.967224 0.517001 0.120000
v -7.891735 0.593159 0.120000
v -7.815403 0.667751 0.120000
v -7.738674 0.740222 0.120000
v -7.661999 0.810002 0.120000
v -7.580025 0.724130 0.120000
v -7.494709 0.639281 0.120000
v -7.406200 0.555845 0.120000
v -7.314663 0.474224 0.120000
v -7.220253 0.394811 0.120000
v -7.123121 0.318002 0.120000
v -7.023432 0.244193 0.120000
v -6.921333 0.173780 0.120000
v -6.816984 0.107159 0.120000
v -6.710541 0.044723 0.120000
v -6.602160 -0.013126 0.120000
v -6.492001 -0.065998 0.120000
v -6.299999 0.135002 0.120000
v -6.419880 0.185648 0.120000
v -6.537804 0.242669 0.120000
v -6.653439 0.305441 0.120000
v -6.766447 0.373334 0.120000
v -6.876495 0.445730 0.120000
v -6.983253 0.522002 0.120000
v -7.086384 0.601523 0.120000
v -7.185555 0.683669 0.120000
v -7.280439 0.767816 0.120000
v -7.370695 0.853334 0.120000
v -7.455994 0.939605 0.120000
v -7.535999 1.026002 0.120000
v -7.587219 1.086182 0.120000
v -7.638514 1.150697 0.120000
v -7.689327 1.218752 0.120000
v -7.739111 1.289558 0.120000
v -7.787310 1.362320 0.120000
v -7.833374 1.436252 0.120000
v -7.876753 1.510559 0.120000
v -7.916889 1.584446 0.120000
v -7.953236 1.657127 0.120000
v -7.985237 1.727807 0.120000
v -8.012344 1.795697 0.120000
v -8.034000 1.860002 0.120000
v -7.990299 1.860002 0.120000
v -7.917126 1.860002 0.120000
v -7.820393 1.860002 0.120000
v -7.706001 1.860002 0.120000
v -7.579861 1.860002 0.120000
v -7.447876 1.860002 0.120000
v -7.315952 1.860002 0.120000
v -7.190001 1.860002 0.120000
v -7.075924 1.860002 0.120000
v -6.979626 1.860002 0.120000
v -6.907017 1.860002 0.120000
v -6.864000 1.860002 0.120000
v -6.836611 1.859765 0.120000
v -6.807386 1.859099 0.120000
v -6.777000 1.858079 0.120000
v -6.746109 1.856780 0.120000
v -6.715389 1.855271 0.120000
v -6.685499 1.853627 0.120000
v -6.657112 1.851920 0.120000
v -6.630888 1.850225 0.120000
v -6.607500 1.848611 0.120000
v -6.587610 1.847156 0.120000
v -6.571888 1.845926 0.120000
v -6.560999 1.845002 0.120000
v -6.560999 2.118002 0.120000
v -6.574066 2.116388 0.120000
v -6.591778 2.114585 0.120000
v -6.613407 2.112659 0.120000
v -6.638222 2.110670 0.120000
v -6.665495 2.108678 0.120000
v -6.694500 2.106752 0.120000
v -6.724503 2.104949 0.120000
v -6.754780 2.103335 0.120000
v -6.784592 2.101970 0.120000
v -6.813221 2.100920 0.120000
v -6.839933 2.100242 0.120000
v -6.864000 2.100002 0.120000
v -6.909872 2.100002 0.120000
v -6.983736 2.100002 0.120000
v -7.079952 2.100002 0.120000
v -7.192890 2.100002 0.120000
v -7.316910 2.100002 0.120000
v -7.446375 2.100002 0.120000
v -7.575653 2.100002 0.120000
v -7.699110 2.100002 0.120000
v -7.811110 2.100002 0.120000
v -7.906013 2.100002 0.120000
v -7.978188 2.100002 0.120000
v -8.021999 2.100002 0.120000
v -8.046307 2.100188 0.120000
v -8.069708 2.100737 0.120000
v -8.092173 2.101643 0.120000
v -8.113668 2.102891 0.120000
v -8.134161 2.104472 0.120000
v -8.153625 2.106377 0.120000
v -8.172028 2.108594 0.120000
v -8.189333 2.111114 0.120000
v -8.205515 2.113925 0.120000
v -8.220539 2.117015 0.120000
v -8.234379 2.120378 0.120000
v -8.247000 2.124002 0.120000
v -8.400002 2.007002 0.120000
v -8.395090 2.000165 0.120000
v -8.389446 1.991807 0.120000
v -8.383221 1.982159 0.120000
v -8.376556 1.971446 0.120000
v -8.369600 1.959902 0.120000
v -8.362499 1.947752 0.120000
v -8.355398 1.935227 0.120000
v -8.348446 1.922558 0.120000
v -8.341782 1.909970 0.120000
v -8.335558 1.897697 0.120000
v -8.329914 1.885964 0.120000
v -8.325001 1.875002 0.120000
v -3.797742 1.284001 0.120000
v -3.906444 1.284001 0.120000
v -4.042311 1.284001 0.120000
v -4.198555 1.284001 0.120000
v -4.368382 1.284001 0.120000
v -4.545000 1.284001 0.120000
v -4.721619 1.284001 0.120000
v -4.891441 1.284001 0.120000
v -5.047686 1.284002 0.120000
v -5.183556 1.284002 0.120000
v -5.292257 1.284002 0.120000
v -5.367001 1.284002 0.120000
v -5.403624 1.284181 0.120000
v -5.438499 1.284695 0.120000
v -5.471624 1.285502 0.120000
v -5.502998 1.286558 0.120000
v -5.532623 1.287821 0.120000
v -5.560499 1.289252 0.120000
v -5.586624 1.290805 0.120000
v -5.611000 1.292447 0.120000
v -5.633625 1.294127 0.120000
v -5.654499 1.295807 0.120000
v -5.673624 1.297444 0.120000
v -5.691000 1.299002 0.120000
v -5.691000 1.005002 0.120000
v -5.674656 1.005926 0.120000
v -5.655762 1.007156 0.120000
v -5.634514 1.008611 0.120000
v -5.611111 1.010225 0.120000
v -5.585749 1.011919 0.120000
v -5.558626 1.013627 0.120000
v -5.529940 1.015271 0.120000
v -5.499887 1.016780 0.120000
v -5.468670 1.018078 0.120000
v -5.436485 1.019099 0.120000
v -5.403530 1.019765 0.120000
v -5.369999 1.020002 0.120000
v -5.294624 1.020002 0.120000
v -5.185499 1.020002 0.120000
v -5.049376 1.020002 0.120000
v -4.893000 1.020001 0.120000
v -4.723125 1.020001 0.120000
v -4.546501 1.020001 0.120000
v -4.369875 1.020001 0.120000
v -4.200001 1.020001 0.120000
v -4.043625 1.020001 0.120000
v -3.907499 1.020001 0.120000
v -3.798376 1.020001 0.120000
v -3.723001 1.020001 0.120000
v -3.681911 1.019878 0.120000
v -3.641277 1.019515 0.120000
v -3.601315 1.018924 0.120000
v -3.562222 1.018111 0.120000
v -3.524214 1.017094 0.120000
v -3.487499 1.015876 0.120000
v -3.452286 1.014472 0.120000
v -3.418779 1.012891 0.120000
v -3.387190 1.011142 0.120000
v -3.357723 1.009237 0.120000
v -3.330591 1.007188 0.120000
v -3.306001 1.005001 0.120000
v -3.306001 1.299001 0.120000
v -3.329902 1.297447 0.120000
v -3.356469 1.295806 0.120000
v -3.385497 1.294126 0.120000
v -3.416775 1.292446 0.120000
v -3.450096 1.290808 0.120000
v -3.485247 1.289251 0.120000
v -3.522026 1.287820 0.120000
v -3.560220 1.286557 0.120000
v -3.599625 1.285501 0.120000
v -3.640030 1.284697 0.120000
v -3.681223 1.284181 0.120000
v -3.723001 1.284001 0.120000
v -1.215000 1.959001 0.120000
v -1.210386 1.942087 0.120000
v -1.205584 1.924444 0.120000
v -1.200657 1.906219 0.120000
v -1.195669 1.887556 0.120000
v -1.190680 1.868602 0.120000
v -1.185749 1.849501 0.120000
v -1.180950 1.830400 0.120000
v -1.176332 1.811446 0.120000
v -1.171968 1.792783 0.120000
v -1.167918 1.774558 0.120000
v -1.164240 1.756915 0.120000
v -1.161000 1.740001 0.120000
v -1.149213 1.688356 0.120000
v -1.134945 1.627336 0.120000
v -1.118342 1.558315 0.120000
v -1.099554 1.482667 0.120000
v -1.078724 1.401772 0.120000
v -1.056001 1.317001 0.120000
v -1.031527 1.229731 0.120000
v -1.005444 1.141333 0.120000
v -0.977907 1.053190 0.120000
v -0.949056 0.966667 0.120000
v -0.919038 0.883147 0.120000
v -0.888000 0.804001 0.120000
v -0.859213 0.734374 0.120000
v -0.828457 0.663724 0.120000
v -0.795888 0.592408 0.120000
v -0.761664 0.520780 0.120000
v -0.725941 0.449191 0.120000
v -0.688871 0.378001 0.120000
v -0.650620 0.307561 0.120000
v -0.611330 0.238222 0.120000
v -0.571171 0.170344 0.120000
v -0.530293 0.104278 0.120000
v -0.488850 0.040378 0.120000
v -0.447001 -0.020999 0.120000
v -0.192000 0.087001 0.120000
v -0.238789 0.150550 0.120000
v -0.284554 0.216403 0.120000
v -0.329153 0.284110 0.120000
v -0.372444 0.353224 0.120000
v -0.414273 0.423295 0.120000
v -0.454500 0.493876 0.120000
v -0.492975 0.564520 0.120000
v -0.529554 0.634780 0.120000
v -0.564094 0.704203 0.120000
v -0.596441 0.772348 0.120000
v -0.626459 0.838762 0.120000
v -0.653999 0.903001 0.120000
v -0.686139 0.983167 0.120000
v -0.717861 1.068571 0.120000
v -0.748876 1.158328 0.120000
v -0.778891 1.251556 0.120000
v -0.807612 1.347367 0.120000
v -0.834751 1.444876 0.120000
v -0.860014 1.543198 0.120000
v -0.883110 1.641445 0.120000
v -0.903749 1.738735 0.120000
v -0.921638 1.834183 0.120000
v -0.936485 1.926898 0.120000
v -0.948000 2.016001 0.120000
v -2.379001 1.854001 0.120000
v -2.363163 1.885867 0.120000
v -2.345793 1.919683 0.120000
v -2.327112 1.955017 0.120000
v -2.307337 1.991446 0.120000
v -2.286684 2.028541 0.120000
v -2.265378 2.065876 0.120000
v -2.243631 2.103025 0.120000
v -2.221667 2.139556 0.120000
v -2.199701 2.175049 0.120000
v -2.177958 2.209069 0.120000
v -2.156652 2.241196 0.120000
v -2.136000 2.271001 0.120000
v -2.295000 2.337001 0.120000
v -2.314445 2.309206 0.120000
v -2.335095 2.278639 0.120000
v -2.356638 2.245783 0.120000
v -2.378775 2.211112 0.120000
v -2.401207 2.175109 0.120000
v -2.423626 2.138251 0.120000
v -2.445728 2.101018 0.120000
v -2.467220 2.063890 0.120000
v -2.487799 2.027344 0.120000
v -2.507154 1.991863 0.120000
v -2.524988 1.957921 0.120000
v -2.541000 1.926001 0.120000
v -2.715000 1.977001 0.120000
v -2.697901 2.010700 0.120000
v -2.679682 2.045584 0.120000
v -2.660484 2.081344 0.120000
v -2.640444 2.117668 0.120000
v -2.619696 2.154241 0.120000
v -2.598375 2.190751 0.120000
v -2.576616 2.226886 0.120000
v -2.554558 2.262334 0.120000
v -2.532330 2.296783 0.120000
v -2.510070 2.329918 0.120000
v -2.487915 2.361427 0.120000
v -2.466000 2.391001 0.120000
v -2.625000 2.457001 0.120000
v -2.645885 2.428405 0.120000
v -2.667833 2.396986 0.120000
v -2.690532 2.363299 0.120000
v -2.713667 2.327890 0.120000
v -2.736927 2.291314 0.120000
v -2.760000 2.254126 0.120000
v -2.782576 2.216875 0.120000
v -2.804335 2.180113 0.120000
v -2.824971 2.144392 0.120000
v -2.844169 2.110264 0.120000
v -2.861616 2.078284 0.120000
v -2.877001 2.049001 0.120000
v -1.938000 2.046001 0.120000
v -1.969422 1.988047 0.120000
v -2.003361 1.922863 0.120000
v -2.039343 1.851469 0.120000
v -2.076891 1.774891 0.120000
v -2.115519 1.694143 0.120000
v -2.154749 1.610251 0.120000
v -2.194107 1.524235 0.120000
v -2.233110 1.437112 0.120000
v -2.271282 1.349908 0.120000
v -2.308140 1.263640 0.120000
v -2.343204 1.179331 0.120000
v -2.375999 1.098001 0.120000
v -2.407434 1.020580 0.120000
v -2.439960 0.937627 0.120000
v -2.473173 0.850360 0.120000
v -2.506668 0.760000 0.120000
v -2.540037 0.667768 0.120000
v -2.572875 0.574876 0.120000
v -2.604776 0.482548 0.120000
v -2.635336 0.392002 0.120000
v -2.664142 0.304453 0.120000
v -2.690794 0.221125 0.120000
v -2.714880 0.143236 0.120000
v -2.736000 0.072001 0.120000
v -2.469000 -0.014999 0.120000
v -2.448978 0.063457 0.120000
v -2.426596 0.145405 0.120000
v -2.402109 0.230203 0.120000
v -2.375774 0.317224 0.120000
v -2.347860 0.405826 0.120000
v -2.318622 0.495376 0.120000
v -2.288322 0.585238 0.120000
v -2.257221 0.674779 0.120000
v -2.225576 0.763360 0.120000
v -2.193651 0.850348 0.120000
v -2.161707 0.935107 0.120000
v -2.130000 1.017001 0.120000
v -2.098752 1.096327 0.120000
v -2.065278 1.179097 0.120000
v -2.029967 1.264267 0.120000
v -1.993220 1.350778 0.120000
v -1.955433 1.437583 0.120000
v -1.917000 1.523626 0.120000
v -1.878315 1.607857 0.120000
v -1.839777 1.689223 0.120000
v -1.801783 1.766674 0.120000
v -1.764723 1.839154 0.120000
v -1.728996 1.905613 0.120000
v -1.695000 1.965001 0.120000
v 1.695081 0.505228 0.120000
v 1.726653 0.500071 0.120000
v 1.756453 0.491767 0.120000
v 1.784224 0.480556 0.120000
v 1.809699 0.466681 0.120000
v 1.832624 0.450376 0.120000
v 1.852737 0.431884 0.120000
v 1.869778 0.411445 0.120000
v 1.883484 0.389299 0.120000
v 1.893597 0.365683 0.120000
v 1.899855 0.340837 0.120000
v 1.902000 0.315001 0.120000
v 1.898619 0.280147 0.120000
v 1.888695 0.247669 0.120000
v 1.872564 0.217690 0.120000
v 1.850556 0.190333 0.120000
v 1.823008 0.165730 0.120000
v 1.790250 0.144001 0.120000
v 1.752619 0.125272 0.120000
v 1.710443 0.109669 0.120000
v 1.664064 0.097312 0.120000
v 1.613805 0.088333 0.120000
v 1.560005 0.082855 0.120000
v 1.503000 0.081001 0.120000
v 1.481377 0.081127 0.120000
v 1.460001 0.081502 0.120000
v 1.438875 0.082126 0.120000
v 1.418001 0.083002 0.120000
v 1.397376 0.084127 0.120000
v 1.377001 0.085501 0.120000
v 1.356876 0.087127 0.120000
v 1.337001 0.089002 0.120000
v 1.317375 0.091126 0.120000
v 1.298001 0.093502 0.120000
v 1.278875 0.096127 0.120000
v 1.260000 0.099001 0.120000
v 1.268599 0.156814 0.120000
v 1.282278 0.211516 0.120000
v 1.300875 0.262735 0.120000
v 1.324221 0.310111 0.120000
v 1.352154 0.353281 0.120000
v 1.384500 0.391876 0.120000
v 1.421097 0.425533 0.120000
v 1.461777 0.453889 0.120000
v 1.506375 0.476578 0.120000
v 1.554723 0.493237 0.120000
v 1.606653 0.503500 0.120000
v 1.662000 0.507001 0.120000
v 2.023020 2.199481 0.120000
v 1.953651 2.200849 0.120000
v 1.868766 2.202985 0.120000
v 1.772223 2.205778 0.120000
v 1.667887 2.209114 0.120000
v 1.559626 2.212876 0.120000
v 1.451302 2.216950 0.120000
v 1.346778 2.221222 0.120000
v 1.249923 2.225578 0.120000
v 1.164598 2.229904 0.120000
v 1.094670 2.234083 0.120000
v 1.044001 2.238001 0.120000
v 1.022478 2.239561 0.120000
v 1.002831 2.241238 0.120000
v 0.984936 2.243017 0.120000
v 0.968667 2.244889 0.120000
v 0.953896 2.246848 0.120000
v 0.940500 2.248876 0.120000
v 0.928353 2.250967 0.120000
v 0.917334 2.253112 0.120000
v 0.907311 2.255299 0.120000
v 0.898167 2.257516 0.120000
v 0.889771 2.259754 0.120000
v 0.882000 2.262001 0.120000
v 0.743999 2.088001 0.120000
v 0.757617 2.078248 0.120000
v 0.771444 2.068474 0.120000
v 0.785436 2.058658 0.120000
v 0.799557 2.048779 0.120000
v 0.813756 2.038816 0.120000
v 0.828000 2.028751 0.120000
v 0.842243 2.018560 0.120000
v 0.856443 2.008222 0.120000
v 0.870561 1.997719 0.120000
v 0.884556 1.987030 0.120000
v 0.898382 1.976131 0.120000
v 0.912000 1.965001 0.120000
v 0.954624 1.931851 0.120000
v 1.006500 1.890292 0.120000
v 1.066125 1.841674 0.120000
v 1.131999 1.787335 0.120000
v 1.202625 1.728622 0.120000
v 1.276500 1.666876 0.120000
v 1.352123 1.603444 0.120000
v 1.428000 1.539667 0.120000
v 1.502625 1.476892 0.120000
v 1.574499 1.416460 0.120000
v 1.642125 1.359715 0.120000
v 1.704000 1.308001 0.120000
v 1.669383 1.319323 0.120000
v 1.634571 1.329334 0.120000
v 1.599608 1.338094 0.120000
v 1.564554 1.345669 0.120000
v 1.529460 1.352116 0.120000
v 1.494375 1.357501 0.120000
v 1.459352 1.361887 0.120000
v 1.424444 1.365334 0.120000
v 1.389702 1.367908 0.120000
v 1.355181 1.369669 0.120000
v 1.320930 1.370677 0.120000
v 1.287000 1.371001 0.120000
v 1.165563 1.364863 0.120000
v 1.050750 1.346905 0.120000
v 0.943315 1.317799 0.120000
v 0.843999 1.278223 0.120000
v 0.753564 1.228858 0.120000
v 0.672750 1.170376 0.120000
v 0.602313 1.103458 0.120000
v 0.543000 1.028779 0.120000
v 0.495564 0.947017 0.120000
v 0.460752 0.858847 0.120000
v 0.439314 0.764950 0.120000
v 0.432000 0.666001 0.120000
v 0.440160 0.548896 0.120000
v 0.464277 0.439405 0.120000
v 0.503814 0.338017 0.120000
v 0.558222 0.245224 0.120000
v 0.626966 0.161512 0.120000
v 0.709500 0.087376 0.120000
v 0.805287 0.023302 0.120000
v 0.913779 -0.030221 0.120000
v 1.034439 -0.072701 0.120000
v 1.166721 -0.103652 0.120000
v 1.310091 -0.122582 0.120000
v 1.464000 -0.128999 0.120000
v 1.562634 -0.125372 0.120000
v 1.654332 -0.114734 0.120000
v 1.738779 -0.097451 0.120000
v 1.815666 -0.073889 0.120000
v 1.884678 -0.044408 0.120000
v 1.945499 -0.009374 0.120000
v 1.997823 0.030847 0.120000
v 2.041332 0.075889 0.120000
v 2.075718 0.125392 0.120000
v 2.100666 0.178987 0.120000
v 2.115864 0.236311 0.120000
v 2.121000 0.297001 0.120000
v 2.117238 0.348160 0.120000
v 2.106153 0.397765 0.120000
v 2.088048 0.445267 0.120000
v 2.063223 0.490111 0.120000
v 2.031981 0.531748 0.120000
v 1.994625 0.569626 0.120000
v 1.951458 0.603190 0.120000
v 1.902777 0.631891 0.120000
v 1.848891 0.655174 0.120000
v 1.790097 0.672487 0.120000
v 1.726701 0.683281 0.120000
v 1.659000 0.687001 0.120000
v 1.568871 0.681997 0.120000
v 1.485956 0.667459 0.120000
v 1.410234 0.644110 0.120000
v 1.341666 0.612667 0.120000
v 1.280223 0.573850 0.120000
v 1.225875 0.528376 0.120000
v 1.178589 0.476965 0.120000
v 1.138331 0.420334 0.120000
v 1.105078 0.359203 0.120000
v 1.078791 0.294292 0.120000
v 1.059444 0.226318 0.120000
v 1.047000 0.156001 0.120000
v 0.989205 0.180934 0.120000
v 0.935889 0.209209 0.120000
v 0.887156 0.240799 0.120000
v 0.843111 0.275668 0.120000
v 0.803859 0.313786 0.120000
v 0.769500 0.355126 0.120000
v 0.740143 0.399652 0.120000
v 0.715890 0.447334 0.120000
v 0.696843 0.498142 0.120000
v 0.683112 0.552043 0.120000
v 0.674796 0.609007 0.120000
v 0.672000 0.669001 0.120000
v 0.677774 0.740914 0.120000
v 0.694695 0.809305 0.120000
v 0.722157 0.873658 0.120000
v 0.759555 0.933445 0.120000
v 0.806290 0.988150 0.120000
v 0.861750 1.037251 0.120000
v 0.925338 1.080226 0.120000
v 0.996445 1.116556 0.120000
v 1.074468 1.145719 0.120000
v 1.158808 1.167196 0.120000
v 1.248852 1.180462 0.120000
v 1.344000 1.185001 0.120000
v 1.464577 1.180585 0.120000
v 1.576611 1.167430 0.120000
v 1.681311 1.145674 0.120000
v 1.779888 1.115446 0.120000
v 1.873549 1.076884 0.120000
v 1.963500 1.030126 0.120000
v 2.050950 0.975304 0.120000
v 2.137110 0.912556 0.120000
v 2.223189 0.842017 0.120000
v 2.310390 0.763819 0.120000
v 2.399925 0.678103 0.120000
v 2.493000 0.585001 0.120000
v 2.664000 0.762001 0.120000
v 2.599137 0.815269 0.120000
v 2.529846 0.872404 0.120000
v 2.457327 0.932392 0.120000
v 2.382777 0.994222 0.120000
v 2.307393 1.056889 0.120000
v 2.232374 1.119376 0.120000
v 2.158917 1.180675 0.120000
v 2.088223 1.239778 0.120000
v 2.021483 1.295674 0.120000
v 1.959903 1.347349 0.120000
v 1.904676 1.393795 0.120000
v 1.857000 1.434001 0.120000
v 1.810935 1.471981 0.120000
v 1.757736 1.516099 0.120000
v 1.698891 1.565110 0.120000
v 1.635888 1.617778 0.120000
v 1.570221 1.672864 0.120000
v 1.503375 1.729126 0.120000
v 1.436841 1.785325 0.120000
v 1.372110 1.840222 0.120000
v 1.310673 1.892578 0.120000
v 1.254015 1.941154 0.120000
v 1.203628 1.984708 0.120000
v 1.161000 2.022001 0.120000
v 1.209429 2.020087 0.120000
v 1.273167 2.017432 0.120000
v 1.349157 2.014174 0.120000
v 1.434333 2.010445 0.120000
v 1.525635 2.006386 0.120000
v 1.620000 2.002126 0.120000
v 1.714365 1.997806 0.120000
v 1.805667 1.993558 0.120000
v 1.890842 1.989517 0.120000
v 1.966833 1.985821 0.120000
v 2.030574 1.982605 0.120000
v 2.079000 1.980001 0.120000
v 2.095557 1.979188 0.120000
v 2.112206 1.978252 0.120000
v 2.128920 1.977187 0.120000
v 2.145666 1.976002 0.120000
v 2.162409 1.974688 0.120000
v 2.179125 1.973251 0.120000
v 2.195775 1.971688 0.120000
v 2.212332 1.970002 0.120000
v 2.228766 1.968187 0.120000
v 2.245041 1.966252 0.120000
v 2.261130 1.964188 0.120000
v 2.277000 1.962001 0.120000
v 2.286000 2.211001 0.120000
v 2.268459 2.208874 0.120000
v 2.250432 2.206987 0.120000
v 2.232048 2.205328 0.120000
v 2.213445 2.203891 0.120000
v 2.194757 2.202658 0.120000
v 2.176125 2.201626 0.120000
v 2.157678 2.200780 0.120000
v 2.139555 2.200111 0.120000
v 2.121891 2.199610 0.120000
v 2.104821 2.199265 0.120000
v 2.088476 2.199064 0.120000
v 2.073000 2.199001 0.120000
v 3.990000 1.194001 0.120000
v 4.006701 1.226341 0.120000
v 4.025124 1.261474 0.120000
v 4.044984 1.298815 0.120000
v 4.065999 1.337779 0.120000
v 4.087890 1.377787 0.120000
v 4.110375 1.418251 0.120000
v 4.133172 1.458592 0.120000
v 4.155999 1.498222 0.120000
v 4.178577 1.536562 0.120000
v 4.200624 1.573030 0.120000
v 4.221858 1.607035 0.120000
v 4.242000 1.638001 0.120000
v 4.083000 1.707001 0.120000
v 4.063312 1.677184 0.120000
v 4.041999 1.643710 0.120000
v 4.019436 1.607299 0.120000
v 3.996000 1.568668 0.120000
v 3.972059 1.528537 0.120000
v 3.948000 1.487626 0.120000
v 3.924187 1.446652 0.120000
v 3.900999 1.406335 0.120000
v 3.878811 1.367392 0.120000
v 3.858000 1.330543 0.120000
v 3.838938 1.296505 0.120000
v 3.822000 1.266001 0.120000
v 3.630000 1.338001 0.120000
v 3.648084 1.370794 0.120000
v 3.667680 1.405834 0.120000
v 3.688548 1.442626 0.120000
v 3.710445 1.480669 0.120000
v 3.733134 1.519459 0.120000
v 3.756375 1.558501 0.120000
v 3.779928 1.597294 0.120000
v 3.803556 1.635334 0.120000
v 3.827016 1.672126 0.120000
v 3.850068 1.707169 0.120000
v 3.872478 1.739959 0.120000
v 3.894000 1.770001 0.120000
v 3.732000 1.842001 0.120000
v 3.711620 1.813735 0.120000
v 3.689736 1.781875 0.120000
v 3.666702 1.747078 0.120000
v 3.642888 1.710001 0.120000
v 3.618657 1.671298 0.120000
v 3.594375 1.631626 0.120000
v 3.570405 1.591642 0.120000
v 3.547110 1.552000 0.120000
v 3.524858 1.513360 0.120000
v 3.504015 1.476376 0.120000
v 3.484938 1.441705 0.120000
v 3.467999 1.410001 0.120000
v 4.190184 1.994809 0.120000
v 4.254222 1.940974 0.120000
v 4.324593 1.882594 0.120000
v 4.399776 1.820779 0.120000
v 4.478252 1.756630 0.120000
v 4.558500 1.691251 0.120000
v 4.638996 1.625749 0.120000
v 4.718223 1.561222 0.120000
v 4.794657 1.498783 0.120000
v 4.866776 1.439530 0.120000
v 4.933065 1.384567 0.120000
v 4.992000 1.335001 0.120000
v 5.033991 1.298812 0.120000
v 5.068416 1.266238 0.120000
v 5.095218 1.236517 0.120000
v 5.114334 1.208890 0.120000
v 5.125698 1.182598 0.120000
v 5.129250 1.156876 0.120000
v 5.124927 1.130968 0.120000
v 5.112666 1.104112 0.120000
v 5.092407 1.075549 0.120000
v 5.064084 1.044514 0.120000
v 5.027637 1.010254 0.120000
v 4.983000 0.972001 0.120000
v 4.909647 0.912373 0.120000
v 4.827183 0.845224 0.120000
v 4.737234 0.771658 0.120000
v 4.641444 0.692779 0.120000
v 4.541449 0.609691 0.120000
v 4.438875 0.523501 0.120000
v 4.335366 0.435310 0.120000
v 4.232556 0.346222 0.120000
v 4.132077 0.257344 0.120000
v 4.035570 0.169780 0.120000
v 3.944664 0.084628 0.120000
v 3.861000 0.003001 0.120000
v 4.074000 -0.194999 0.120000
v 4.089933 -0.176939 0.120000
v 4.106208 -0.158777 0.120000
v 4.122795 -0.140531 0.120000
v 4.139667 -0.122222 0.120000
v 4.156785 -0.103871 0.120000
v 4.174125 -0.085499 0.120000
v 4.191651 -0.067127 0.120000
v 4.209333 -0.048776 0.120000
v 4.227140 -0.030467 0.120000
v 4.245042 -0.012221 0.120000
v 4.263006 0.005941 0.120000
v 4.281000 0.024001 0.120000
v 4.339011 0.081433 0.120000
v 4.405596 0.144958 0.120000
v 4.479327 0.213424 0.120000
v 4.558776 0.285667 0.120000
v 4.642518 0.360538 0.120000
v 4.729125 0.436876 0.120000
v 4.817169 0.513526 0.120000
v 4.905222 0.589333 0.120000
v 4.991859 0.663142 0.120000
v 5.075652 0.733792 0.120000
v 5.155176 0.800131 0.120000
v 5.229000 0.861001 0.120000
v 5.292984 0.918121 0.120000
v 5.344113 0.971458 0.120000
v 5.382657 1.021735 0.120000
v 5.408889 1.069669 0.120000
v 5.423079 1.115974 0.120000
v 5.425500 1.161376 0.120000
v 5.416422 1.206589 0.120000
v 5.396111 1.252333 0.120000
v 5.364843 1.299327 0.120000
v 5.322891 1.348294 0.120000
v 5.270517 1.399945 0.120000
v 5.208000 1.455001 0.120000
v 5.146587 1.505626 0.120000
v 5.077443 1.562250 0.120000
v 5.002218 1.623751 0.120000
v 4.922556 1.689001 0.120000
v 4.840101 1.756876 0.120000
v 4.756500 1.826251 0.120000
v 4.673400 1.896001 0.120000
v 4.592444 1.965001 0.120000
v 4.515282 2.032126 0.120000
v 4.443555 2.096251 0.120000
v 4.378914 2.156251 0.120000
v 4.323000 2.211001 0.120000
v 4.307661 2.226472 0.120000
v 4.291791 2.242765 0.120000
v 4.275609 2.259703 0.120000
v 4.259335 2.277112 0.120000
v 4.243182 2.294812 0.120000
v 4.227375 2.312626 0.120000
v 4.212129 2.330377 0.120000
v 4.197666 2.347891 0.120000
v 4.184202 2.364985 0.120000
v 4.171959 2.381488 0.120000
v 4.161150 2.397217 0.120000
v 4.152000 2.412001 0.120000
v 3.927000 2.214001 0.120000
v 3.943335 2.200726 0.120000
v 3.960666 2.186542 0.120000
v 3.978750 2.171674 0.120000
v 3.997332 2.156335 0.120000
v 4.016166 2.140747 0.120000
v 4.035000 2.125126 0.120000
v 4.053582 2.109694 0.120000
v 4.071666 2.094667 0.120000
v 4.089000 2.080267 0.120000
v 4.105332 2.066710 0.120000
v 4.120416 2.054215 0.120000
v 4.134000 2.043001 0.120000
v 7.695081 0.505227 0.120000
v 7.726653 0.500070 0.120000
v 7.756452 0.491766 0.120000
v 7.784223 0.480555 0.120000
v 7.809699 0.466680 0.120000
v 7.832625 0.450375 0.120000
v 7.852737 0.431883 0.120000
v 7.869777 0.411444 0.120000
v 7.883484 0.389298 0.120000
v 7.893597 0.365682 0.120000
v 7.899855 0.340836 0.120000
v 7.902000 0.315000 0.120000
v 7.898619 0.280146 0.120000
v 7.888695 0.247668 0.120000
v 7.872561 0.217689 0.120000
v 7.850556 0.190332 0.120000
v 7.823007 0.165729 0.120000
v 7.790250 0.144000 0.120000
v 7.752618 0.125271 0.120000
v 7.710444 0.109668 0.120000
v 7.664064 0.097311 0.120000
v 7.613805 0.088332 0.120000
v 7.560006 0.082854 0.120000
v 7.503000 0.081000 0.120000
v 7.481376 0.081126 0.120000
v 7.460001 0.081501 0.120000
v 7.438875 0.082125 0.120000
v 7.418001 0.083001 0.120000
v 7.397376 0.084126 0.120000
v 7.377000 0.085500 0.120000
v 7.356876 0.087126 0.120000
v 7.337001 0.089001 0.120000
v 7.317375 0.091125 0.120000
v 7.298001 0.093501 0.120000
v 7.278876 0.096126 0.120000
v 7.260000 0.099000 0.120000
v 7.268598 0.156813 0.120000
v 7.282278 0.211515 0.120000
v 7.300875 0.262734 0.120000
v 7.324224 0.310110 0.120000
v 7.352154 0.353280 0.120000
v 7.384500 0.391875 0.120000
v 7.421097 0.425532 0.120000
v 7.461777 0.453888 0.120000
v 7.506375 0.476577 0.120000
v 7.554723 0.493236 0.120000
v 7.606653 0.503499 0.120000
v 7.662000 0.507000 0.120000
v 8.023020 2.199480 0.120000
v 7.953654 2.200848 0.120000
v 7.868766 2.202984 0.120000
v 7.772223 2.205777 0.120000
v 7.667886 2.209113 0.120000
v 7.559625 2.212875 0.120000
v 7.451301 2.216949 0.120000
v 7.346778 2.221221 0.120000
v 7.249923 2.225578 0.120000
v 7.164597 2.229903 0.120000
v 7.094670 2.234082 0.120000
v 7.044000 2.238000 0.120000
v 7.022481 2.239560 0.120000
v 7.002834 2.241238 0.120000
v 6.984939 2.243016 0.120000
v 6.968667 2.244889 0.120000
v 6.953895 2.246847 0.120000
v 6.940500 2.248876 0.120000
v 6.928353 2.250967 0.120000
v 6.917334 2.253111 0.120000
v 6.907311 2.255299 0.120000
v 6.898167 2.257515 0.120000
v 6.889770 2.259753 0.120000
v 6.882000 2.262001 0.120000
v 6.744000 2.088000 0.120000
v 6.757617 2.078248 0.120000
v 6.771444 2.068473 0.120000
v 6.785439 2.058657 0.120000
v 6.799557 2.048779 0.120000
v 6.813756 2.038815 0.120000
v 6.828000 2.028750 0.120000
v 6.842244 2.018559 0.120000
v 6.856443 2.008222 0.120000
v 6.870561 1.997719 0.120000
v 6.884556 1.987030 0.120000
v 6.898383 1.976130 0.120000
v 6.912000 1.965000 0.120000
v 6.954624 1.931850 0.120000
v 7.006500 1.890291 0.120000
v 7.066125 1.841673 0.120000
v 7.131999 1.787334 0.120000
v 7.202625 1.728621 0.120000
v 7.276500 1.666875 0.120000
v 7.352124 1.603443 0.120000
v 7.428000 1.539666 0.120000
v 7.502625 1.476891 0.120000
v 7.574499 1.416459 0.120000
v 7.642125 1.359714 0.120000
v 7.704000 1.308000 0.120000
v 7.669383 1.319322 0.120000
v 7.634568 1.329333 0.120000
v 7.599609 1.338093 0.120000
v 7.564554 1.345668 0.120000
v 7.529460 1.352115 0.120000
v 7.494375 1.357500 0.120000
v 7.459353 1.361886 0.120000
v 7.424445 1.365333 0.120000
v 7.389702 1.367907 0.120000
v 7.355181 1.369668 0.120000
v 7.320930 1.370676 0.120000
v 7.287000 1.371000 0.120000
v 7.165563 1.364862 0.120000
v 7.050750 1.346905 0.120000
v 6.943314 1.317798 0.120000
v 6.843999 1.278222 0.120000
v 6.753564 1.228858 0.120000
v 6.672750 1.170375 0.120000
v 6.602313 1.103457 0.120000
v 6.543000 1.028778 0.120000
v 6.495561 0.947016 0.120000
v 6.460749 0.858846 0.120000
v 6.439311 0.764950 0.120000
v 6.432000 0.666000 0.120000
v 6.440160 0.548895 0.120000
v 6.464277 0.439404 0.120000
v 6.503811 0.338016 0.120000
v 6.558222 0.245223 0.120000
v 6.626964 0.161511 0.120000
v 6.709500 0.087375 0.120000
v 6.805284 0.023301 0.120000
v 6.913776 -0.030222 0.120000
v 7.034436 -0.072702 0.120000
v 7.166721 -0.103653 0.120000
v 7.310091 -0.122583 0.120000
v 7.464000 -0.129000 0.120000
v 7.562634 -0.125373 0.120000
v 7.654332 -0.114735 0.120000
v 7.738782 -0.097452 0.120000
v 7.815666 -0.073890 0.120000
v 7.884678 -0.044409 0.120000
v 7.945500 -0.009375 0.120000
v 7.997823 0.030846 0.120000
v 8.041332 0.075888 0.120000
v 8.075718 0.125391 0.120000
v 8.100666 0.178986 0.120000
v 8.115864 0.236310 0.120000
v 8.121000 0.297000 0.120000
v 8.117238 0.348159 0.120000
v 8.106153 0.397764 0.120000
v 8.088048 0.445266 0.120000
v 8.063223 0.490110 0.120000
v 8.031981 0.531747 0.120000
v 7.994625 0.569625 0.120000
v 7.951458 0.603189 0.120000
v 7.902777 0.631890 0.120000
v 7.848891 0.655173 0.120000
v 7.790097 0.672486 0.120000
v 7.726701 0.683280 0.120000
v 7.659000 0.687000 0.120000
v 7.568871 0.681996 0.120000
v 7.485957 0.667458 0.120000
v 7.410234 0.644109 0.120000
v 7.341666 0.612666 0.120000
v 7.280223 0.573849 0.120000
v 7.225875 0.528375 0.120000
v 7.178589 0.476964 0.120000
v 7.138332 0.420333 0.120000
v 7.105077 0.359202 0.120000
v 7.078791 0.294291 0.120000
v 7.059444 0.226317 0.120000
v 7.047000 0.156000 0.120000
v 6.989205 0.180933 0.120000
v 6.935889 0.209208 0.120000
v 6.887157 0.240798 0.120000
v 6.843111 0.275667 0.120000
v 6.803859 0.313785 0.120000
v 6.769500 0.355125 0.120000
v 6.740142 0.399651 0.120000
v 6.715890 0.447333 0.120000
v 6.696843 0.498141 0.120000
v 6.683112 0.552042 0.120000
v 6.674796 0.609007 0.120000
v 6.672000 0.669001 0.120000
v 6.677775 0.740913 0.120000
v 6.694695 0.809304 0.120000
v 6.722157 0.873657 0.120000
v 6.759555 0.933444 0.120000
v 6.806289 0.988149 0.120000
v 6.861750 1.037251 0.120000
v 6.925338 1.080225 0.120000
v 6.996444 1.116555 0.120000
v 7.074468 1.145718 0.120000
v 7.158804 1.167195 0.120000
v 7.248849 1.180461 0.120000
v 7.344000 1.185000 0.120000
v 7.464576 1.180584 0.120000
v 7.576611 1.167429 0.120000
v 7.681311 1.145673 0.120000
v 7.779888 1.115445 0.120000
v 7.873548 1.076883 0.120000
v 7.963500 1.030125 0.120000
v 8.050950 0.975303 0.120000
v 8.137110 0.912555 0.120000
v 8.223188 0.842016 0.120000
v 8.310390 0.763818 0.120000
v 8.399925 0.678102 0.120000
v 8.493000 0.585000 0.120000
v 8.664000 0.762000 0.120000
v 8.599137 0.815268 0.120000
v 8.529849 0.872403 0.120000
v 8.457331 0.932391 0.120000
v 8.382776 0.994221 0.120000
v 8.307396 1.056888 0.120000
v 8.232375 1.119375 0.120000
v 8.158920 1.180674 0.120000
v 8.088223 1.239777 0.120000
v 8.021484 1.295673 0.120000
v 7.959903 1.347348 0.120000
v 7.904676 1.393794 0.120000
v 7.857000 1.434000 0.120000
v 7.810935 1.471980 0.120000
v 7.757736 1.516098 0.120000
v 7.698891 1.565109 0.120000
v 7.635888 1.617777 0.120000
v 7.570221 1.672863 0.120000
v 7.503375 1.729125 0.120000
v 7.436841 1.785324 0.120000
v 7.372110 1.840221 0.120000
v 7.310673 1.892577 0.120000
v 7.254015 1.941153 0.120000
v 7.203627 1.984707 0.120000
v 7.161000 2.022001 0.120000
v 7.209429 2.020087 0.120000
v 7.273167 2.017431 0.120000
v 7.349157 2.014174 0.120000
v 7.434333 2.010445 0.120000
v 7.525635 2.006385 0.120000
v 7.620000 2.002126 0.120000
v 7.714365 1.997805 0.120000
v 7.805667 1.993557 0.120000
v 7.890843 1.989516 0.120000
v 7.966833 1.985820 0.120000
v 8.030574 1.982604 0.120000
v 8.079000 1.980000 0.120000
v 8.095557 1.979187 0.120000
v 8.112207 1.978251 0.120000
v 8.128923 1.977186 0.120000
v 8.145666 1.976001 0.120000
v 8.162413 1.974687 0.120000
v 8.179125 1.973250 0.120000
v 8.195775 1.971687 0.120000
v 8.212333 1.970001 0.120000
v 8.228766 1.968186 0.120000
v 8.245041 1.966251 0.120000
v 8.261130 1.964187 0.120000
v 8.277000 1.962000 0.120000
v 8.286000 2.211000 0.120000
v 8.268459 2.208873 0.120000
v 8.250429 2.206986 0.120000
v 8.232048 2.205327 0.120000
v 8.213446 2.203890 0.120000
v 8.194758 2.202657 0.120000
v 8.176126 2.201625 0.120000
v 8.157679 2.200779 0.120000
v 8.139555 2.200110 0.120000
v 8.121891 2.199609 0.120000
v 8.104821 2.199264 0.120000
v 8.088477 2.199063 0.120000
v 8.073000 2.199000 0.120000
v 9.990000 1.194000 0.120000
v 10.006704 1.226340 0.120000
v 10.025125 1.261473 0.120000
v 10.044984 1.298814 0.120000
v 10.065999 1.337778 0.120000
v 10.087891 1.377786 0.120000
v 10.110375 1.418250 0.120000
v 10.133172 1.458591 0.120000
v 10.155999 1.498221 0.120000
v 10.178577 1.536561 0.120000
v 10.200624 1.573029 0.120000
v 10.221858 1.607034 0.120000
v 10.242000 1.638000 0.120000
v 10.083000 1.707000 0.120000
v 10.063311 1.677183 0.120000
v 10.041999 1.643709 0.120000
v 10.019436 1.607298 0.120000
v 9.996000 1.568667 0.120000
v 9.972063 1.528536 0.120000
v 9.948000 1.487625 0.120000
v 9.924187 1.446651 0.120000
v 9.900999 1.406334 0.120000
v 9.878811 1.367391 0.120000
v 9.858000 1.330542 0.120000
v 9.838938 1.296504 0.120000
v 9.822001 1.266000 0.120000
v 9.630000 1.338000 0.120000
v 9.648085 1.370793 0.120000
v 9.667681 1.405833 0.120000
v 9.688548 1.442625 0.120000
v 9.710445 1.480668 0.120000
v 9.733134 1.519458 0.120000
v 9.756375 1.558500 0.120000
v 9.779928 1.597293 0.120000
v 9.803556 1.635333 0.120000
v 9.827017 1.672125 0.120000
v 9.850068 1.707168 0.120000
v 9.872478 1.739958 0.120000
v 9.894000 1.770000 0.120000
v 9.732000 1.842000 0.120000
v 9.711624 1.813734 0.120000
v 9.689736 1.781874 0.120000
v 9.666702 1.747077 0.120000
v 9.642888 1.710000 0.120000
v 9.618657 1.671297 0.120000
v 9.594376 1.631625 0.120000
v 9.570405 1.591641 0.120000
v 9.547111 1.551999 0.120000
v 9.524859 1.513359 0.120000
v 9.504015 1.476375 0.120000
v 9.484939 1.441704 0.120000
v 9.468000 1.410000 0.120000
v 10.190184 1.994808 0.120000
v 10.254222 1.940973 0.120000
v 10.324594 1.882593 0.120000
v 10.399779 1.820778 0.120000
v 10.478253 1.756629 0.120000
v 10.558500 1.691250 0.120000
v 10.638996 1.625748 0.120000
v 10.718224 1.561221 0.120000
v 10.794657 1.498782 0.120000
v 10.866777 1.439529 0.120000
v 10.933065 1.384566 0.120000
v 10.992001 1.335000 0.120000
v 11.033991 1.298811 0.120000
v 11.068417 1.266237 0.120000
v 11.095219 1.236516 0.120000
v 11.114334 1.208889 0.120000
v 11.125698 1.182597 0.120000
v 11.129251 1.156875 0.120000
v 11.124928 1.130967 0.120000
v 11.112666 1.104111 0.120000
v 11.092407 1.075548 0.120000
v 11.064084 1.044513 0.120000
v 11.027634 1.010253 0.120000
v 10.983000 0.972000 0.120000
v 10.909647 0.912372 0.120000
v 10.827180 0.845223 0.120000
v 10.737234 0.771657 0.120000
v 10.641444 0.692778 0.120000
v 10.541445 0.609690 0.120000
v 10.438875 0.523500 0.120000
v 10.335366 0.435309 0.120000
v 10.232556 0.346221 0.120000
v 10.132077 0.257343 0.120000
v 10.035570 0.169779 0.120000
v 9.944664 0.084627 0.120000
v 9.861000 0.003000 0.120000
v 10.073999 -0.195000 0.120000
v 10.089933 -0.176940 0.120000
v 10.106208 -0.158778 0.120000
v 10.122798 -0.140532 0.120000
v 10.139668 -0.122223 0.120000
v 10.156785 -0.103872 0.120000
v 10.174125 -0.085500 0.120000
v 10.191650 -0.067128 0.120000
v 10.209333 -0.048777 0.120000
v 10.227141 -0.030468 0.120000
v 10.245042 -0.012222 0.120000
v 10.263006 0.005940 0.120000
v 10.281000 0.024000 0.120000
v 10.339011 0.081432 0.120000
v 10.405596 0.144957 0.120000
v 10.479327 0.213423 0.120000
v 10.558779 0.285666 0.120000
v 10.642518 0.360537 0.120000
v 10.729125 0.436875 0.120000
v 10.817169 0.513525 0.120000
v 10.905222 0.589332 0.120000
v 10.991859 0.663141 0.120000
v 11.075652 0.733791 0.120000
v 11.155176 0.800130 0.120000
v 11.229000 0.861000 0.120000
v 11.292984 0.918120 0.120000
v 11.344110 0.971457 0.120000
v 11.382657 1.021734 0.120000
v 11.408889 1.069668 0.120000
v 11.423079 1.115973 0.120000
v 11.425500 1.161375 0.120000
v 11.416419 1.206588 0.120000
v 11.396112 1.252332 0.120000
v 11.364843 1.299327 0.120000
v 11.322888 1.348293 0.120000
v 11.270517 1.399944 0.120000
v 11.208000 1.455000 0.120000
v 11.146587 1.505625 0.120000
v 11.077443 1.562250 0.120000
v 11.002218 1.623750 0.120000
v 10.922556 1.689000 0.120000
v 10.840101 1.756875 0.120000
v 10.756500 1.826250 0.120000
v 10.673400 1.896000 0.120000
v 10.592445 1.965000 0.120000
v 10.515282 2.032125 0.120000
v 10.443556 2.096250 0.120000
v 10.378914 2.156250 0.120000
v 10.323000 2.211000 0.120000
v 10.307661 2.226471 0.120000
v 10.291791 2.242764 0.120000
v 10.275609 2.259702 0.120000
v 10.259335 2.277111 0.120000
v 10.243182 2.294811 0.120000
v 10.227375 2.312625 0.120000
v 10.212130 2.330376 0.120000
v 10.197666 2.347890 0.120000
v 10.184202 2.364984 0.120000
v 10.171959 2.381487 0.120000
v 10.161150 2.397216 0.120000
v 10.152000 2.412000 0.120000
v 9.927000 2.214000 0.120000
v 9.943333 2.200725 0.120000
v 9.960667 2.186541 0.120000
v 9.978750 2.171673 0.120000
v 9.997333 2.156334 0.120000
v 10.016167 2.140746 0.120000
v 10.035000 2.125125 0.120000
v 10.053582 2.109693 0.120000
v 10.071667 2.094666 0.120000
v 10.089001 2.080266 0.120000
v 10.105332 2.066709 0.120000
v 10.120417 2.054214 0.120000
v 10.134000 2.043000 0.120000
v 9.990000 1.194000 0.120000
v 9.990000 1.194000 -0.120000
v 10.006704 1.226340 0.120000
v 10.006704 1.226340 -0.120000
v 10.025125 1.261473 0.120000
v 10.025125 1.261473 -0.120000
v 10.044984 1.298814 0.120000
v 10.044984 1.298814 -0.120000
v 10.065999 1.337778 0.120000
v 10.065999 1.337778 -0.120000
v 10.087891 1.377786 0.120000
v 10.087891 1.377786 -0.120000
v 10.110375 1.418250 0.120000
v 10.110375 1.418250 -0.120000
v 10.133172 1.458591 0.120000
v 10.133172 1.458591 -0.120000
v 10.155999 1.498221 0.120000
v 10.155999 1.498221 -0.120000
v 10.178577 1.536561 0.120000
v 10.178577 1.536561 -0.120000
v 10.200624 1.573029 0.120000
v 10.200624 1.573029 -0.120000
v 10.221858 1.607034 0.120000
v 10.221858 1.607034 -0.120000
v 10.242000 1.638000 0.120000
v 10.242000 1.638000 -0.120000
v 10.083000 1.707000 0.120000
v 10.083000 1.707000 -0.120000
v 10.063311 1.677183 0.120000
v 10.063311 1.677183 -0.120000
v 10.041999 1.643709 0.120000
v 10.041999 1.643709 -0.120000
v 10.019436 1.607298 0.120000
v 10.019436 1.607298 -0.120000
v 9.996000 1.568667 0.120000
v 9.996000 1.568667 -0.120000
v 9.972063 1.528536 0.120000
v 9.972063 1.528536 -0.120000
v 9.948000 1.487625 0.120000
v 9.948000 1.487625 -0.120000
v 9.924187 1.446651 0.120000
v 9.924187 1.446651 -0.120000
v 9.900999 1.406334 0.120000
v 9.900999 1.406334 -0.120000
v 9.878811 1.367391 0.120000
v 9.878811 1.367391 -0.120000
v 9.858000 1.330542 0.120000
v 9.858000 1.330542 -0.120000
v 9.838938 1.296504 0.120000
v 9.838938 1.296504 -0.120000
v 9.822001 1.266000 0.120000
v 9.822001 1.266000 -0.120000
v 9.630000 1.338000 0.120000
v 9.630000 1.338000 -0.120000
v 9.648085 1.370793 0.120000
v 9.648085 1.370793 -0.120000
v 9.667681 1.405833 0.120000
v 9.667681 1.405833 -0.120000
v 9.688548 1.442625 0.120000
v 9.688548 1.442625 -0.120000
v 9.710445 1.480668 0.120000
v 9.710445 1.480668 -0.120000
v 9.733134 1.519458 0.120000
v 9.733134 1.519458 -0.120000
v 9.756375 1.558500 0.120000
v 9.756375 1.558500 -0.120000
v 9.779928 1.597293 0.120000
v 9.779928 1.597293 -0.120000
v 9.803556 1.635333 0.120000
v 9.803556 1.635333 -0.120000
v 9.827017 1.672125 0.120000
v 9.827017 1.672125 -0.120000
v 9.850068 1.707168 0.120000
v 9.850068 1.707168 -0.120000
v 9.872478 1.739958 0.120000
v 9.872478 1.739958 -0.120000
v 9.894000 1.770000 0.120000
v 9.894000 1.770000 -0.120000
v 9.732000 1.842000 0.120000
v 9.732000 1.842000 -0.120000
v 9.711624 1.813734 0.120000
v 9.711624 1.813734 -0.120000
v 9.689736 1.781874 0.120000
v 9.689736 1.781874 -0.120000
v 9.666702 1.747077 0.120000
v 9.666702 1.747077 -0.120000
v 9.642888 1.710000 0.120000
v 9.642888 1.710000 -0.120000
v 9.618657 1.671297 0.120000
v 9.618657 1.671297 -0.120000
v 9.594376 1.631625 0.120000
v 9.594376 1.631625 -0.120000
v 9.570405 1.591641 0.120000
v 9.570405 1.591641 -0.120000
v 9.547111 1.551999 0.120000
v 9.547111 1.551999 -0.120000
v 9.524859 1.513359 0.120000
v 9.524859 1.513359 -0.120000
v 9.504015 1.476375 0.120000
v 9.504015 1.476375 -0.120000
v 9.484939 1.441704 0.120000
v 9.484939 1.441704 -0.120000
v 9.468000 1.410000 0.120000
v 9.468000 1.410000 -0.120000
v 10.190184 1.994808 0.120000
v 10.190184 1.994808 -0.120000
v 10.254222 1.940973 0.120000
v 10.254222 1.940973 -0.120000
v 10.324594 1.882593 0.120000
v 10.324594 1.882593 -0.120000
v 10.399779 1.820778 0.120000
v 10.399779 1.820778 -0.120000
v 10.478253 1.756629 0.120000
v 10.478253 1.756629 -0.120000
v 10.558500 1.691250 0.120000
v 10.558500 1.691250 -0.120000
v 10.638996 1.625748 0.120000
v 10.638996 1.625748 -0.120000
v 10.718224 1.561221 0.120000
v 10.718224 1.561221 -0.120000
v 10.794657 1.498782 0.120000
v 10.794657 1.498782 -0.120000
v 10.866777 1.439529 0.120000
v 10.866777 1.439529 -0.120000
v 10.933065 1.384566 0.120000
v 10.933065 1.384566 -0.120000
v 10.992001 1.335000 0.120000
v 10.992001 1.335000 -0.120000
v 11.033991 1.298811 0.120000
v 11.033991 1.298811 -0.120000
v 11.068417 1.266237 0.120000
v 11.068417 1.266237 -0.120000
v 11.095219 1.236516 0.120000
v 11.095219 1.236516 -0.120000
v 11.114334 1.208889 0.120000
v 11.114334 1.208889 -0.120000
v 11.125698 1.182597 0.120000
v 11.125698 1.182597 -0.120000
v 11.129251 1.156875 0.120000
v 11.129251 1.156875 -0.120000
v 11.124928 1.130967 0.120000
v 11.124928 1.130967 -0.120000
v 11.112666 1.104111 0.120000
v 11.112666 1.104111 -0.120000
v 11.092407 1.075548 0.120000
v 11.092407 1.075548 -0.120000
v 11.064084 1.044513 0.120000
v 11.064084 1.044513 -0.120000
v 11.027634 1.010253 0.120000
v 11.027634 1.010253 -0.120000
v 10.983000 0.972000 0.120000
v 10.983000 0.972000 -0.120000
v 10.909647 0.912372 0.120000
v 10.909647 0.912372 -0.120000
v 10.827180 0.845223 0.120000
v 10.827180 0.845223 -0.120000
v 10.737234 0.771657 0.120000
v 10.737234 0.771657 -0.120000
v 10.641444 0.692778 0.120000
v 10.641444 0.692778 -0.120000
v 10.541445 0.609690 0.120000
v 10.541445 0.609690 -0.120000
v 10.438875 0.523500 0.120000
v 10.438875 0.523500 -0.120000
v 10.335366 0.435309 0.120000
v 10.335366 0.435309 -0.120000
v 10.232556 0.346221 0.120000
v 10.232556 0.346221 -0.120000
v 10.132077 0.257343 0.120000
v 10.132077 0.257343 -0.120000
v 10.035570 0.169779 0.120000
v 10.035570 0.169779 -0.120000
v 9.944664 0.084627 0.120000
v 9.944664 0.084627 -0.120000
v 9.861000 0.003000 0.120000
v 9.861000 0.003000 -0.120000
v 10.073999 -0.195000 0.120000
v 10.073999 -0.195000 -0.120000
v 10.089933 -0.176940 0.120000
v 10.089933 -0.176940 -0.120000
v 10.106208 -0.158778 0.120000
v 10.106208 -0.158778 -0.120000
v 10.122798 -0.140532 0.120000
v 10.122798 -0.140532 -0.120000
v 10.139668 -0.122223 0.120000
v 10.139668 -0.122223 -0.120000
v 10.156785 -0.103872 0.120000
v 10.156785 -0.103872 -0.120000
v 10.174125 -0.085500 0.120000
v 10.174125 -0.085500 -0.120000
v 10.191650 -0.067128 0.120000
v 10.191650 -0.067128 -0.120000
v 10.209333 -0.048777 0.120000
v 10.209333 -0.048777 -0.120000
v 10.227141 -0.030468 0.120000
v 10.227141 -0.030468 -0.120000
v 10.245042 -0.012222 0.120000
v 10.245042 -0.012222 -0.120000
v 10.263006 0.005940 0.120000
v 10.263006 0.005940 -0.120000
v 10.281000 0.024000 0.120000
v 10.281000 0.024000 -0.120000
v 10.339011 0.081432 0.120000
v 10.339011 0.081432 -0.120000
v 10.405596 0.144957 0.120000
v 10.405596 0.144957 -0.120000
v 10.479327 0.213423 0.120000
v 10.479327 0.213423 -0.120000
v 10.558779 0.285666 0.120000
v 10.558779 0.285666 -0.120000
v 10.642518 0.360537 0.120000
v 10.642518 0.360537 -0.120000
v 10.729125 0.436875 0.120000
v 10.729125 0.436875 -0.120000
v 10.817169 0.513525 0.120000
v 10.817169 0.513525 -0.120000
v 10.905222 0.589332 0.120000
v 10.905222 0.589332 -0.120000
v 10.991859 0.663141 0.120000
v 10.991859 0.663141 -0.120000
v 11.075652 0.733791 0.120000
v 11.075652 0.733791 -0.120000
v 11.155176 0.800130 0.120000
v 11.155176 0.800130 -0.120000
v 11.229000 0.861000 0.120000
v 11.229000 0.861000 -0.120000
v 11.292984 0.918120 0.120000
v 11.292984 0.918120 -0.120000
v 11.344110 0.971457 0.120000
v 11.344110 0.971457 -0.120000
v 11.382657 1.021734 0.120000
v 11.382657 1.021734 -0.120000
v 11.408889 1.069668 0.120000
v 11.408889 1.069668 -0.120000
v 11.423079 1.115973 0.120000
v 11.423079 1.115973 -0.120000
v 11.425500 1.161375 0.120000
v 11.425500 1.161375 -0.120000
v 11.416419 1.206588 0.120000
v 11.416419 1.206588 -0.120000
v 11.396112 1.252332 0.120000
v 11.396112 1.252332 -0.120000
v 11.364843 1.299327 0.120000
v 11.364843 1.299327 -0.120000
v 11.322888 1.348293 0.120000
v 11.322888 1.348293 -0.120000
v 11.270517 1.399944 0.120000
v 11.270517 1.399944 -0.120000
v 11.208000 1.455000 0.120000
v 11.208000 1.455000 -0.120000
v 11.146587 1.505625 0.120000
v 11.146587 1.505625 -0.120000
v 11.077443 1.562250 0.120000
v 11.077443 1.562250 -0.120000
v 11.002218 1.623750 0.120000
v 11.002218 1.623750 -0.120000
v 10.922556 1.689000 0.120000
v 10.922556 1.689000 -0.120000
v 10.840101 1.756875 0.120000
v 10.840101 1.756875 -0.120000
v 10.756500 1.826250 0.120000
v 10.756500 1.826250 -0.120000
v 10.673400 1.896000 0.120000
v 10.673400 1.896000 -0.120000
v 10.592445 1.965000 0.120000
v 10.592445 1.965000 -0.120000
v 10.515282 2.032125 0.120000
v 10.515282 2.032125 -0.120000
v 10.443556 2.096250 0.120000
v 10.443556 2.096250 -0.120000
v 10.378914 2.156250 0.120000
v 10.378914 2.156250 -0.120000
v 10.323000 2.211000 0.120000
v 10.323000 2.211000 -0.120000
v 10.307661 2.226471 0.120000
v 10.307661 2.226471 -0.120000
v 10.291791 2.242764 0.120000
v 10.291791 2.242764 -0.120000
v 10.275609 2.259702 0.120000
v 10.275609 2.259702 -0.120000
v 10.259335 2.277111 0.120000
v 10.259335 2.277111 -0.120000
v 10.243182 2.294811 0.120000
v 10.243182 2.294811 -0.120000
v 10.227375 2.312625 0.120000
v 10.227375 2.312625 -0.120000
v 10.212130 2.330376 0.120000
v 10.212130 2.330376 -0.120000
v 10.197666 2.347890 0.120000
v 10.197666 2.347890 -0.120000
v 10.184202 2.364984 0.120000
v 10.184202 2.364984 -0.120000
v 10.171959 2.381487 0.120000
v 10.171959 2.381487 -0.120000
v 10.161150 2.397216 0.120000
v 10.161150 2.397216 -0.120000
v 10.152000 2.412000 0.120000
v 10.152000 2.412000 -0.120000
v 9.927000 2.214000 0.120000
v 9.927000 2.214000 -0.120000
v 9.943333 2.200725 0.120000
v 9.943333 2.200725 -0.120000
v 9.960667 2.186541 0.120000
v 9.960667 2.186541 -0.120000
v 9.978750 2.171673 0.120000
v 9.978750 2.171673 -0.120000
v 9.997333 2.156334 0.120000
v 9.997333 2.156334 -0.120000
v 10.016167 2.140746 0.120000
v 10.016167 2.140746 -0.120000
v 10.035000 2.125125 0.120000
v 10.035000 2.125125 -0.120000
v 10.053582 2.109693 0.120000
v 10.053582 2.109693 -0.120000
v 10.071667 2.094666 0.120000
v 10.071667 2.094666 -0.120000
v 10.089001 2.080266 0.120000
v 10.089001 2.080266 -0.120000
v 10.105332 2.066709 0.120000
v 10.105332 2.066709 -0.120000
v 10.120417 2.054214 0.120000
v 10.120417 2.054214 -0.120000
v 10.134000 2.043000 0.120000
v 10.134000 2.043000 -0.120000
v 7.695081 0.505227 0.120000
v 7.695081 0.505227 -0.120000
v 7.726653 0.500070 0.120000
v 7.726653 0.500070 -0.120000
v 7.756452 0.491766 0.120000
v 7.756452 0.491766 -0.120000
v 7.784223 0.480555 0.120000
v 7.784223 0.480555 -0.120000
v 7.809699 0.466680 0.120000
v 7.809699 0.466680 -0.120000
v 7.832625 0.450375 0.120000
v 7.832625 0.450375 -0.120000
v 7.852737 0.431883 0.120000
v 7.852737 0.431883 -0.120000
v 7.869777 0.411444 0.120000
v 7.869777 0.411444 -0.120000
v 7.883484 0.389298 0.120000
v 7.883484 0.389298 -0.120000
v 7.893597 0.365682 0.120000
v 7.893597 0.365682 -0.120000
v 7.899855 0.340836 0.120000
v 7.899855 0.340836 -0.120000
v 7.902000 0.315000 0.120000
v 7.902000 0.315000 -0.120000
v 7.898619 0.280146 0.120000
v 7.898619 0.280146 -0.120000
v 7.888695 0.247668 0.120000
v 7.888695 0.247668 -0.120000
v 7.872561 0.217689 0.120000
v 7.872561 0.217689 -0.120000
v 7.850556 0.190332 0.120000
v 7.850556 0.190332 -0.120000
v 7.823007 0.165729 0.120000
v 7.823007 0.165729 -0.120000
v 7.790250 0.144000 0.120000
v 7.790250 0.144000 -0.120000
v 7.752618 0.125271 0.120000
v 7.752618 0.125271 -0.120000
v 7.710444 0.109668 0.120000
v 7.710444 0.109668 -0.120000
v 7.664064 0.097311 0.120000
v 7.664064 0.097311 -0.120000
v 7.613805 0.088332 0.120000
v 7.613805 0.088332 -0.120000
v 7.560006 0.082854 0.120000
v 7.560006 0.082854 -0.120000
v 7.503000 0.081000 0.120000
v 7.503000 0.081000 -0.120000
v 7.481376 0.081126 0.120000
v 7.481376 0.081126 -0.120000
v 7.460001 0.081501 0.120000
v 7.460001 0.081501 -0.120000
v 7.438875 0.082125 0.120000
v 7.438875 0.082125 -0.120000
v 7.418001 0.083001 0.120000
v 7.418001 0.083001 -0.120000
v 7.397376 0.084126 0.120000
v 7.397376 0.084126 -0.120000
v 7.377000 0.085500 0.120000
v 7.377000 0.085500 -0.120000
v 7.356876 0.087126 0.120000
v 7.356876 0.087126 -0.120000
v 7.337001 0.089001 0.120000
v 7.337001 0.089001 -0.120000
v 7.317375 0.091125 0.120000
v 7.317375 0.091125 -0.120000
v 7.298001 0.093501 0.120000
v 7.298001 0.093501 -0.120000
v 7.278876 0.096126 0.120000
v 7.278876 0.096126 -0.120000
v 7.260000 0.099000 0.120000
v 7.260000 0.099000 -0.120000
v 7.268598 0.156813 0.120000
v 7.268598 0.156813 -0.120000
v 7.282278 0.211515 0.120000
v 7.282278 0.211515 -0.120000
v 7.300875 0.262734 0.120000
v 7.300875 0.262734 -0.120000
v 7.324224 0.310110 0.120000
v 7.324224 0.310110 -0.120000
v 7.352154 0.353280 0.120000
v 7.352154 0.353280 -0.120000
v 7.384500 0.391875 0.120000
v 7.384500 0.391875 -0.120000
v 7.421097 0.425532 0.120000
v 7.421097 0.425532 -0.120000
v 7.461777 0.453888 0.120000
v 7.461777 0.453888 -0.120000
v 7.506375 0.476577 0.120000
v 7.506375 0.476577 -0.120000
v 7.554723 0.493236 0.120000
v 7.554723 0.493236 -0.120000
v 7.606653 0.503499 0.120000
v 7.606653 0.503499 -0.120000
v 7.662000 0.507000 0.120000
v 7.662000 0.507000 -0.120000
v 8.023020 2.199480 0.120000
v 8.023020 2.199480 -0.120000
v 7.953654 2.200848 0.120000
v 7.953654 2.200848 -0.120000
v 7.868766 2.202984 0.120000
v 7.868766 2.202984 -0.120000
v 7.772223 2.205777 0.120000
v 7.772223 2.205777 -0.120000
v 7.667886 2.209113 0.120000
v 7.667886 2.209113 -0.120000
v 7.559625 2.212875 0.120000
v 7.559625 2.212875 -0.120000
v 7.451301 2.216949 0.120000
v 7.451301 2.216949 -0.120000
v 7.346778 2.221221 0.120000
v 7.346778 2.221221 -0.120000
v 7.249923 2.225578 0.120000
v 7.249923 2.225578 -0.120000
v 7.164597 2.229903 0.120000
v 7.164597 2.229903 -0.120000
v 7.094670 2.234082 0.120000
v 7.094670 2.234082 -0.120000
v 7.044000 2.238000 0.120000
v 7.044000 2.238000 -0.120000
v 7.022481 2.239560 0.120000
v 7.022481 2.239560 -0.120000
v 7.002834 2.241238 0.120000
v 7.002834 2.241238 -0.120000
v 6.984939 2.243016 0.120000
v 6.984939 2.243016 -0.120000
v 6.968667 2.244889 0.120000
v 6.968667 2.244889 -0.120000
v 6.953895 2.246847 0.120000
v 6.953895 2.246847 -0.120000
v 6.940500 2.248876 0.120000
v 6.940500 2.248876 -0.120000
v 6.928353 2.250967 0.120000
v 6.928353 2.250967 -0.120000
v 6.917334 2.253111 0.120000
v 6.917334 2.253111 -0.120000
v 6.907311 2.255299 0.120000
v 6.907311 2.255299 -0.120000
v 6.898167 2.257515 0.120000
v 6.898167 2.257515 -0.120000
v 6.889770 2.259753 0.120000
v 6.889770 2.259753 -0.120000
v 6.882000 2.262001 0.120000
v 6.882000 2.262001 -0.120000
v 6.744000 2.088000 0.120000
v 6.744000 2.088000 -0.120000
v 6.757617 2.078248 0.120000
v 6.757617 2.078248 -0.120000
v 6.771444 2.068473 0.120000
v 6.771444 2.068473 -0.120000
v 6.785439 2.058657 0.120000
v 6.785439 2.058657 -0.120000
v 6.799557 2.048779 0.120000
v 6.799557 2.048779 -0.120000
v 6.813756 2.038815 0.120000
v 6.813756 2.038815 -0.120000
v 6.828000 2.028750 0.120000
v 6.828000 2.028750 -0.120000
v 6.842244 2.018559 0.120000
v 6.842244 2.018559 -0.120000
v 6.856443 2.008222 0.120000
v 6.856443 2.008222 -0.120000
v 6.870561 1.997719 0.120000
v 6.870561 1.997719 -0.120000
v 6.884556 1.987030 0.120000
v 6.884556 1.987030 -0.120000
v 6.898383 1.976130 0.120000
v 6.898383 1.976130 -0.120000
v 6.912000 1.965000 0.120000
v 6.912000 1.965000 -0.120000
v 6.954624 1.931850 0.120000
v 6.954624 1.931850 -0.120000
v 7.006500 1.890291 0.120000
v 7.006500 1.890291 -0.120000
v 7.066125 1.841673 0.120000
v 7.066125 1.841673 -0.120000
v 7.131999 1.787334 0.120000
v 7.131999 1.787334 -0.120000
v 7.202625 1.728621 0.120000
v 7.202625 1.728621 -0.120000
v 7.276500 1.666875 0.120000
v 7.276500 1.666875 -0.120000
v 7.352124 1.603443 0.120000
v 7.352124 1.603443 -0.120000
v 7.428000 1.539666 0.120000
v 7.428000 1.539666 -0.120000
v 7.502625 1.476891 0.120000
v 7.502625 1.476891 -0.120000
v 7.574499 1.416459 0.120000
v 7.574499 1.416459 -0.120000
v 7.642125 1.359714 0.120000
v 7.642125 1.359714 -0.120000
v 7.704000 1.308000 0.120000
v 7.704000 1.308000 -0.120000
v 7.669383 1.319322 0.120000
v 7.669383 1.319322 -0.120000
v 7.634568 1.329333 0.120000
v 7.634568 1.329333 -0.120000
v 7.599609 1.338093 0.120000
v 7.599609 1.338093 -0.120000
v 7.564554 1.345668 0.120000
v 7.564554 1.345668 -0.120000
v 7.529460 1.352115 0.120000
v 7.529460 1.352115 -0.120000
v 7.494375 1.357500 0.120000
v 7.494375 1.357500 -0.120000
v 7.459353 1.361886 0.120000
v 7.459353 1.361886 -0.120000
v 7.424445 1.365333 0.120000
v 7.424445 1.365333 -0.120000
v 7.389702 1.367907 0.120000
v 7.389702 1.367907 -0.120000
v 7.355181 1.369668 0.120000
v 7.355181 1.369668 -0.120000
v 7.320930 1.370676 0.120000
v 7.320930 1.370676 -0.120000
v 7.287000 1.371000 0.120000
v 7.287000 1.371000 -0.120000
v 7.165563 1.364862 0.120000
v 7.165563 1.364862 -0.120000
v 7.050750 1.346905 0.120000
v 7.050750 1.346905 -0.120000
v 6.943314 1.317798 0.120000
v 6.943314 1.317798 -0.120000
v 6.843999 1.278222 0.120000
v 6.843999 1.278222 -0.120000
v 6.753564 1.228858 0.120000
v 6.753564 1.228858 -0.120000
v 6.672750 1.170375 0.120000
v 6.672750 1.170375 -0.120000
v 6.602313 1.103457 0.120000
v 6.602313 1.103457 -0.120000
v 6.543000 1.028778 0.120000
v 6.543000 1.028778 -0.120000
v 6.495561 0.947016 0.120000
v 6.495561 0.947016 -0.120000
v 6.460749 0.858846 0.120000
v 6.460749 0.858846 -0.120000
v 6.439311 0.764950 0.120000
v 6.439311 0.764950 -0.120000
v 6.432000 0.666000 0.120000
v 6.432000 0.666000 -0.120000
v 6.440160 0.548895 0.120000
v 6.440160 0.548895 -0.120000
v 6.464277 0.439404 0.120000
v 6.464277 0.439404 -0.120000
v 6.503811 0.338016 0.120000
v 6.503811 0.338016 -0.120000
v 6.558222 0.245223 0.120000
v 6.558222 0.245223 -0.120000
v 6.626964 0.161511 0.120000
v 6.626964 0.161511 -0.120000
v 6.709500 0.087375 0.120000
v 6.709500 0.087375 -0.120000
v 6.805284 0.023301 0.120000
v 6.805284 0.023301 -0.120000
v 6.913776 -0.030222 0.120000
v 6.913776 -0.030222 -0.120000
v 7.034436 -0.072702 0.120000
v 7.034436 -0.072702 -0.120000
v 7.166721 -0.103653 0.120000
v 7.166721 -0.103653 -0.120000
v 7.310091 -0.122583 0.120000
v 7.310091 -0.122583 -0.120000
v 7.464000 -0.129000 0.120000
v 7.464000 -0.129000 -0.120000
v 7.562634 -0.125373 0.120000
v 7.562634 -0.125373 -0.120000
v 7.654332 -0.114735 0.120000
v 7.654332 -0.114735 -0.120000
v 7.738782 -0.097452 0.120000
v 7.738782 -0.097452 -0.120000
v 7.815666 -0.073890 0.120000
v 7.815666 -0.073890 -0.120000
v 7.884678 -0.044409 0.120000
v 7.884678 -0.044409 -0.120000
v 7.945500 -0.009375 0.120000
v 7.945500 -0.009375 -0.120000
v 7.997823 0.030846 0.120000
v 7.997823 0.030846 -0.120000
v 8.041332 0.075888 0.120000
v 8.041332 0.075888 -0.120000
v 8.075718 0.125391 0.120000
v 8.075718 0.125391 -0.120000
v 8.100666 0.178986 0.120000
v 8.100666 0.178986 -0.120000
v 8.115864 0.236310 0.120000
v 8.115864 0.236310 -0.120000
v 8.121000 0.297000 0.120000
v 8.121000 0.297000 -0.120000
v 8.117238 0.348159 0.120000
v 8.117238 0.348159 -0.120000
v 8.106153 0.397764 0.120000
v 8.106153 0.397764 -0.120000
v 8.088048 0.445266 0.120000
v 8.088048 0.445266 -0.120000
v 8.063223 0.490110 0.120000
v 8.063223 0.490110 -0.120000
v 8.031981 0.531747 0.120000
v 8.031981 0.531747 -0.120000
v 7.994625 0.569625 0.120000
v 7.994625 0.569625 -0.120000
v 7.951458 0.603189 0.120000
v 7.951458 0.603189 -0.120000
v 7.902777 0.631890 0.120000
v 7.902777 0.631890 -0.120000
v 7.848891 0.655173 0.120000
v 7.848891 0.655173 -0.120000
v 7.790097 0.672486 0.120000
v 7.790097 0.672486 -0.120000
v 7.726701 0.683280 0.120000
v 7.726701 0.683280 -0.120000
v 7.659000 0.687000 0.120000
v 7.659000 0.687000 -0.120000
v 7.568871 0.681996 0.120000
v 7.568871 0.681996 -0.120000
v 7.485957 0.667458 0.120000
v 7.485957 0.667458 -0.120000
v 7.410234 0.644109 0.120000
v 7.410234 0.644109 -0.120000
v 7.341666 0.612666 0.120000
v 7.341666 0.612666 -0.120000
v 7.280223 0.573849 0.120000
v 7.280223 0.573849 -0.120000
v 7.225875 0.528375 0.120000
v 7.225875 0.528375 -0.120000
v 7.178589 0.476964 0.120000
v 7.178589 0.476964 -0.120000
v 7.138332 0.420333 0.120000
v 7.138332 0.420333 -0.120000
v 7.105077 0.359202 0.120000
v 7.105077 0.359202 -0.120000
v 7.078791 0.294291 0.120000
v 7.078791 0.294291 -0.120000
v 7.059444 0.226317 0.120000
v 7.059444 0.226317 -0.120000
v 7.047000 0.156000 0.120000
v 7.047000 0.156000 -0.120000
v 6.989205 0.180933 0.120000
v 6.989205 0.180933 -0.120000
v 6.935889 0.209208 0.120000
v 6.935889 0.209208 -0.120000
v 6.887157 0.240798 0.120000
v 6.887157 0.240798 -0.120000
v 6.843111 0.275667 0.120000
v 6.843111 0.275667 -0.120000
v 6.803859 0.313785 0.120000
v 6.803859 0.313785 -0.120000
v 6.769500 0.355125 0.120000
v 6.769500 0.355125 -0.120000
v 6.740142 0.399651 0.120000
v 6.740142 0.399651 -0.120000
v 6.715890 0.447333 0.120000
v 6.715890 0.447333 -0.120000
v 6.696843 0.498141 0.120000
v 6.696843 0.498141 -0.120000
v 6.683112 0.552042 0.120000
v 6.683112 0.552042 -0.120000
v 6.674796 0.609007 0.120000
v 6.674796 0.609007 -0.120000
v 6.672000 0.669001 0.120000
v 6.672000 0.669001 -0.120000
v 6.677775 0.740913 0.120000
v 6.677775 0.740913 -0.120000
v 6.694695 0.809304 0.120000
v 6.694695 0.809304 -0.120000
v 6.722157 0.873657 0.120000
v 6.722157 0.873657 -0.120000
v 6.759555 0.933444 0.120000
v 6.759555 0.933444 -0.120000
v 6.806289 0.988149 0.120000
v 6.806289 0.988149 -0.120000
v 6.861750 1.037251 0.120000
v 6.861750 1.037251 -0.120000
v 6.925338 1.080225 0.120000
v 6.925338 1.080225 -0.120000
v 6.996444 1.116555 0.120000
v 6.996444 1.116555 -0.120000
v 7.074468 1.145718 0.120000
v 7.074468 1.145718 -0.120000
v 7.158804 1.167195 0.120000
v 7.158804 1.167195 -0.120000
v 7.248849 1.180461 0.120000
v 7.248849 1.180461 -0.120000
v 7.344000 1.185000 0.120000
v 7.344000 1.185000 -0.120000
v 7.464576 1.180584 0.120000
v 7.464576 1.180584 -0.120000
v 7.576611 1.167429 0.120000
v 7.576611 1.167429 -0.120000
v 7.681311 1.145673 0.120000
v 7.681311 1.145673 -0.120000
v 7.779888 1.115445 0.120000
v 7.779888 1.115445 -0.120000
v 7.873548 1.076883 0.120000
v 7.873548 1.076883 -0.120000
v 7.963500 1.030125 0.120000
v 7.963500 1.030125 -0.120000
v 8.050950 0.975303 0.120000
v 8.050950 0.975303 -0.120000
v 8.137110 0.912555 0.120000
v 8.137110 0.912555 -0.120000
v 8.223188 0.842016 0.120000
v 8.223188 0.842016 -0.120000
v 8.310390 0.763818 0.120000
v 8.310390 0.763818 -0.120000
v 8.399925 0.678102 0.120000
v 8.399925 0.678102 -0.120000
v 8.493000 0.585000 0.120000
v 8.493000 0.585000 -0.120000
v 8.664000 0.762000 0.120000
v 8.664000 0.762000 -0.120000
v 8.599137 0.815268 0.120000
v 8.599137 0.815268 -0.120000
v 8.529849 0.872403 0.120000
v 8.529849 0.872403 -0.120000
v 8.457331 0.932391 0.120000
v 8.457331 0.932391 -0.120000
v 8.382776 0.994221 0.120000
v 8.382776 0.994221 -0.120000
v 8.307396 1.056888 0.120000
v 8.307396 1.056888 -0.120000
v 8.232375 1.119375 0.120000
v 8.232375 1.119375 -0.120000
v 8.158920 1.180674 0.120000
v 8.158920 1.180674 -0.120000
v 8.088223 1.239777 0.120000
v 8.088223 1.239777 -0.120000
v 8.021484 1.295673 0.120000
v 8.021484 1.295673 -0.120000
v 7.959903 1.347348 0.120000
v 7.959903 1.347348 -0.120000
v 7.904676 1.393794 0.120000
v 7.904676 1.393794 -0.120000
v 7.857000 1.434000 0.120000
v 7.857000 1.434000 -0.120000
v 7.810935 1.471980 0.120000
v 7.810935 1.471980 -0.120000
v 7.757736 1.516098 0.120000
v 7.757736 1.516098 -0.120000
v 7.698891 1.565109 0.120000
v 7.698891 1.565109 -0.120000
v 7.635888 1.617777 0.120000
v 7.635888 1.617777 -0.120000
v 7.570221 1.672863 0.120000
v 7.570221 1.672863 -0.120000
v 7.503375 1.729125 0.120000
v 7.503375 1.729125 -0.120000
v 7.436841 1.785324 0.120000
v 7.436841 1.785324 -0.120000
v 7.372110 1.840221 0.120000
v 7.372110 1.840221 -0.120000
v 7.310673 1.892577 0.120000
v 7.310673 1.892577 -0.120000
v 7.254015 1.941153 0.120000
v 7.254015 1.941153 -0.120000
v 7.203627 1.984707 0.120000
v 7.203627 1.984707 -0.120000
v 7.161000 2.022001 0.120000
v 7.161000 2.022001 -0.120000
v 7.209429 2.020087 0.120000
v 7.209429 2.020087 -0.120000
v 7.273167 2.017431 0.120000
v 7.273167 2.017431 -0.120000
v 7.349157 2.014174 0.120000
v 7.349157 2.014174 -0.120000
v 7.434333 2.010445 0.120000
v 7.434333 2.010445 -0.120000
v 7.525635 2.006385 0.120000
v 7.525635 2.006385 -0.120000
v 7.620000 2.002126 0.120000
v 7.620000 2.002126 -0.120000
v 7.714365 1.997805 0.120000
v 7.714365 1.997805 -0.120000
v 7.805667 1.993557 0.120000
v 7.805667 1.993557 -0.120000
v 7.890843 1.989516 0.120000
v 7.890843 1.989516 -0.120000
v 7.966833 1.985820 0.120000
v 7.966833 1.985820 -0.120000
v 8.030574 1.982604 0.120000
v 8.030574 1.982604 -0.120000
v 8.079000 1.980000 0.120000
v 8.079000 1.980000 -0.120000
v 8.095557 1.979187 0.120000
v 8.095557 1.979187 -0.120000
v 8.112207 1.978251 0.120000
v 8.112207 1.978251 -0.120000
v 8.128923 1.977186 0.120000
v 8.128923 1.977186 -0.120000
v 8.145666 1.976001 0.120000
v 8.145666 1.976001 -0.120000
v 8.162413 1.974687 0.120000
v 8.162413 1.974687 -0.120000
v 8.179125 1.973250 0.120000
v 8.179125 1.973250 -0.120000
v 8.195775 1.971687 0.120000
v 8.195775 1.971687 -0.120000
v 8.212333 1.970001 0.120000
v 8.212333 1.970001 -0.120000
v 8.228766 1.968186 0.120000
v 8.228766 1.968186 -0.120000
v 8.245041 1.966251 0.120000
v 8.245041 1.966251 -0.120000
v 8.261130 1.964187 0.120000
v 8.261130 1.964187 -0.120000
v 8.277000 1.962000 0.120000
v 8.277000 1.962000 -0.120000
v 8.286000 2.211000 0.120000
v 8.286000 2.211000 -0.120000
v 8.268459 2.208873 0.120000
v 8.268459 2.208873 -0.120000
v 8.250429 2.206986 0.120000
v 8.250429 2.206986 -0.120000
v 8.232048 2.205327 0.120000
v 8.232048 2.205327 -0.120000
v 8.213446 2.203890 0.120000
v 8.213446 2.203890 -0.120000
v 8.194758 2.202657 0.120000
v 8.194758 2.202657 -0.120000
v 8.176126 2.201625 0.120000
v 8.176126 2.201625 -0.120000
v 8.157679 2.200779 0.120000
v 8.157679 2.200779 -0.120000
v 8.139555 2.200110 0.120000
v 8.139555 2.200110 -0.120000
v 8.121891 2.199609 0.120000
v 8.121891 2.199609 -0.120000
v 8.104821 2.199264 0.120000
v 8.104821 2.199264 -0.120000
v 8.088477 2.199063 0.120000
v 8.088477 2.199063 -0.120000
v 8.073000 2.199000 0.120000
v 8.073000 2.199000 -0.120000
v 3.990000 1.194001 0.120000
v 3.990000 1.194001 -0.120000
v 4.006701 1.226341 0.120000
v 4.006701 1.226341 -0.120000
v 4.025124 1.261474 0.120000
v 4.025124 1.261474 -0.120000
v 4.044984 1.298815 0.120000
v 4.044984 1.298815 -0.120000
v 4.065999 1.337779 0.120000
v 4.065999 1.337779 -0.120000
v 4.087890 1.377787 0.120000
v 4.087890 1.377787 -0.120000
v 4.110375 1.418251 0.120000
v 4.110375 1.418251 -0.120000
v 4.133172 1.458592 0.120000
v 4.133172 1.458592 -0.120000
v 4.155999 1.498222 0.120000
v 4.155999 1.498222 -0.120000
v 4.178577 1.536562 0.120000
v 4.178577 1.536562 -0.120000
v 4.200624 1.573030 0.120000
v 4.200624 1.573030 -0.120000
v 4.221858 1.607035 0.120000
v 4.221858 1.607035 -0.120000
v 4.242000 1.638001 0.120000
v 4.242000 1.638001 -0.120000
v 4.083000 1.707001 0.120000
v 4.083000 1.707001 -0.120000
v 4.063312 1.677184 0.120000
v 4.063312 1.677184 -0.120000
v 4.041999 1.643710 0.120000
v 4.041999 1.643710 -0.120000
v 4.019436 1.607299 0.120000
v 4.019436 1.607299 -0.120000
v 3.996000 1.568668 0.120000
v 3.996000 1.568668 -0.120000
v 3.972059 1.528537 0.120000
v 3.972059 1.528537 -0.120000
v 3.948000 1.487626 0.120000
v 3.948000 1.487626 -0.120000
v 3.924187 1.446652 0.120000
v 3.924187 1.446652 -0.120000
v 3.900999 1.406335 0.120000
v 3.900999 1.406335 -0.120000
v 3.878811 1.367392 0.120000
v 3.878811 1.367392 -0.120000
v 3.858000 1.330543 0.120000
v 3.858000 1.330543 -0.120000
v 3.838938 1.296505 0.120000
v 3.838938 1.296505 -0.120000
v 3.822000 1.266001 0.120000
v 3.822000 1.266001 -0.120000
v 3.630000 1.338001 0.120000
v 3.630000 1.338001 -0.120000
v 3.648084 1.370794 0.120000
v 3.648084 1.370794 -0.120000
v 3.667680 1.405834 0.120000
v 3.667680 1.405834 -0.120000
v 3.688548 1.442626 0.120000
v 3.688548 1.442626 -0.120000
v 3.710445 1.480669 0.120000
v 3.710445 1.480669 -0.120000
v 3.733134 1.519459 0.120000
v 3.733134 1.519459 -0.120000
v 3.756375 1.558501 0.120000
v 3.756375 1.558501 -0.120000
v 3.779928 1.597294 0.120000
v 3.779928 1.597294 -0.120000
v 3.803556 1.635334 0.120000
v 3.803556 1.635334 -0.120000
v 3.827016 1.672126 0.120000
v 3.827016 1.672126 -0.120000
v 3.850068 1.707169 0.120000
v 3.850068 1.707169 -0.120000
v 3.872478 1.739959 0.120000
v 3.872478 1.739959 -0.120000
v 3.894000 1.770001 0.120000
v 3.894000 1.770001 -0.120000
v 3.732000 1.842001 0.120000
v 3.732000 1.842001 -0.120000
v 3.711620 1.813735 0.120000
v 3.711620 1.813735 -0.120000
v 3.689736 1.781875 0.120000
v 3.689736 1.781875 -0.120000
v 3.666702 1.747078 0.120000
v 3.666702 1.747078 -0.120000
v 3.642888 1.710001 0.120000
v 3.642888 1.710001 -0.120000
v 3.618657 1.671298 0.120000
v 3.618657 1.671298 -0.120000
v 3.594375 1.631626 0.120000
v 3.594375 1.631626 -0.120000
v 3.570405 1.591642 0.120000
v 3.570405 1.591642 -0.120000
v 3.547110 1.552000 0.120000
v 3.547110 1.552000 -0.120000
v 3.524858 1.513360 0.120000
v 3.524858 1.513360 -0.120000
v 3.504015 1.476376 0.120000
v 3.504015 1.476376 -0.120000
v 3.484938 1.441705 0.120000
v 3.484938 1.441705 -0.120000
v 3.467999 1.410001 0.120000
v 3.467999 1.410001 -0.120000
v 4.190184 1.994809 0.120000
v 4.190184 1.994809 -0.120000
v 4.254222 1.940974 0.120000
v 4.254222 1.940974 -0.120000
v 4.324593 1.882594 0.120000
v 4.324593 1.882594 -0.120000
v 4.399776 1.820779 0.120000
v 4.399776 1.820779 -0.120000
v 4.478252 1.756630 0.120000
v 4.478252 1.756630 -0.120000
v 4.558500 1.691251 0.120000
v 4.558500 1.691251 -0.120000
v 4.638996 1.625749 0.120000
v 4.638996 1.625749 -0.120000
v 4.718223 1.561222 0.120000
v 4.718223 1.561222 -0.120000
v 4.794657 1.498783 0.120000
v 4.794657 1.498783 -0.120000
v 4.866776 1.439530 0.120000
v 4.866776 1.439530 -0.120000
v 4.933065 1.384567 0.120000
v 4.933065 1.384567 -0.120000
v 4.992000 1.335001 0.120000
v 4.992000 1.335001 -0.120000
v 5.033991 1.298812 0.120000
v 5.033991 1.298812 -0.120000
v 5.068416 1.266238 0.120000
v 5.068416 1.266238 -0.120000
v 5.095218 1.236517 0.120000
v 5.095218 1.236517 -0.120000
v 5.114334 1.208890 0.120000
v 5.114334 1.208890 -0.120000
v 5.125698 1.182598 0.120000
v 5.125698 1.182598 -0.120000
v 5.129250 1.156876 0.120000
v 5.129250 1.156876 -0.120000
v 5.124927 1.130968 0.120000
v 5.124927 1.130968 -0.120000
v 5.112666 1.104112 0.120000
v 5.112666 1.104112 -0.120000
v 5.092407 1.075549 0.120000
v 5.092407 1.075549 -0.120000
v 5.064084 1.044514 0.120000
v 5.064084 1.044514 -0.120000
v 5.027637 1.010254 0.120000
v 5.027637 1.010254 -0.120000
v 4.983000 0.972001 0.120000
v 4.983000 0.972001 -0.120000
v 4.909647 0.912373 0.120000
v 4.909647 0.912373 -0.120000
v 4.827183 0.845224 0.120000
v 4.827183 0.845224 -0.120000
v 4.737234 0.771658 0.120000
v 4.737234 0.771658 -0.120000
v 4.641444 0.692779 0.120000
v 4.641444 0.692779 -0.120000
v 4.541449 0.609691 0.120000
v 4.541449 0.609691 -0.120000
v 4.438875 0.523501 0.120000
v 4.438875 0.523501 -0.120000
v 4.335366 0.435310 0.120000
v 4.335366 0.435310 -0.120000
v 4.232556 0.346222 0.120000
v 4.232556 0.346222 -0.120000
v 4.132077 0.257344 0.120000
v 4.132077 0.257344 -0.120000
v 4.035570 0.169780 0.120000
v 4.035570 0.169780 -0.120000
v 3.944664 0.084628 0.120000
v 3.944664 0.084628 -0.120000
v 3.861000 0.003001 0.120000
v 3.861000 0.003001 -0.120000
v 4.074000 -0.194999 0.120000
v 4.074000 -0.194999 -0.120000
v 4.089933 -0.176939 0.120000
v 4.089933 -0.176939 -0.120000
v 4.106208 -0.158777 0.120000
v 4.106208 -0.158777 -0.120000
v 4.122795 -0.140531 0.120000
v 4.122795 -0.140531 -0.120000
v 4.139667 -0.122222 0.120000
v 4.139667 -0.122222 -0.120000
v 4.156785 -0.103871 0.120000
v 4.156785 -0.103871 -0.120000
v 4.174125 -0.085499 0.120000
v 4.174125 -0.085499 -0.120000
v 4.191651 -0.067127 0.120000
v 4.191651 -0.067127 -0.120000
v 4.209333 -0.048776 0.120000
v 4.209333 -0.048776 -0.120000
v 4.227140 -0.030467 0.120000
v 4.227140 -0.030467 -0.120000
v 4.245042 -0.012221 0.120000
v 4.245042 -0.012221 -0.120000
v 4.263006 0.005941 0.120000
v 4.263006 0.005941 -0.120000
v 4.281000 0.024001 0.120000
v 4.281000 0.024001 -0.120000
v 4.339011 0.081433 0.120000
v 4.339011 0.081433 -0.120000
v 4.405596 0.144958 0.120000
v 4.405596 0.144958 -0.120000
v 4.479327 0.213424 0.120000
v 4.479327 0.213424 -0.120000
v 4.558776 0.285667 0.120000
v 4.558776 0.285667 -0.120000
v 4.642518 0.360538 0.120000
v 4.642518 0.360538 -0.120000
v 4.729125 0.436876 0.120000
v 4.729125 0.436876 -0.120000
v 4.817169 0.513526 0.120000
v 4.817169 0.513526 -0.120000
v 4.905222 0.589333 0.120000
v 4.905222 0.589333 -0.120000
v 4.991859 0.663142 0.120000
v 4.991859 0.663142 -0.120000
v 5.075652 0.733792 0.120000
v 5.075652 0.733792 -0.120000
v 5.155176 0.800131 0.120000
v 5.155176 0.800131 -0.120000
v 5.229000 0.861001 0.120000
v 5.229000 0.861001 -0.120000
v 5.292984 0.918121 0.120000
v 5.292984 0.918121 -0.120000
v 5.344113 0.971458 0.120000
v 5.344113 0.971458 -0.120000
v 5.382657 1.021735 0.120000
v 5.382657 1.021735 -0.120000
v 5.408889 1.069669 0.120000
v 5.408889 1.069669 -0.120000
v 5.423079 1.115974 0.120000
v 5.423079 1.115974 -0.120000
v 5.425500 1.161376 0.120000
v 5.425500 1.161376 -0.120000
v 5.416422 1.206589 0.120000
v 5.416422 1.206589 -0.120000
v 5.396111 1.252333 0.120000
v 5.396111 1.252333 -0.120000
v 5.364843 1.299327 0.120000
v 5.364843 1.299327 -0.120000
v 5.322891 1.348294 0.120000
v 5.322891 1.348294 -0.120000
v 5.270517 1.399945 0.120000
v 5.270517 1.399945 -0.120000
v 5.208000 1.455001 0.120000
v 5.208000 1.455001 -0.120000
v 5.146587 1.505626 0.120000
v 5.146587 1.505626 -0.120000
v 5.077443 1.562250 0.120000
v 5.077443 1.562250 -0.120000
v 5.002218 1.623751 0.120000
v 5.002218 1.623751 -0.120000
v 4.922556 1.689001 0.120000
v 4.922556 1.689001 -0.120000
v 4.840101 1.756876 0.120000
v 4.840101 1.756876 -0.120000
v 4.756500 1.826251 0.120000
v 4.756500 1.826251 -0.120000
v 4.673400 1.896001 0.120000
v 4.673400 1.896001 -0.120000
v 4.592444 1.965001 0.120000
v 4.592444 1.965001 -0.120000
v 4.515282 2.032126 0.120000
v 4.515282 2.032126 -0.120000
v 4.443555 2.096251 0.120000
v 4.443555 2.096251 -0.120000
v 4.378914 2.156251 0.120000
v 4.378914 2.156251 -0.120000
v 4.323000 2.211001 0.120000
v 4.323000 2.211001 -0.120000
v 4.307661 2.226472 0.120000
v 4.307661 2.226472 -0.120000
v 4.291791 2.242765 0.120000
v 4.291791 2.242765 -0.120000
v 4.275609 2.259703 0.120000
v 4.275609 2.259703 -0.120000
v 4.259335 2.277112 0.120000
v 4.259335 2.277112 -0.120000
v 4.243182 2.294812 0.120000
v 4.243182 2.294812 -0.120000
v 4.227375 2.312626 0.120000
v 4.227375 2.312626 -0.120000
v 4.212129 2.330377 0.120000
v 4.212129 2.330377 -0.120000
v 4.197666 2.347891 0.120000
v 4.197666 2.347891 -0.120000
v 4.184202 2.364985 0.120000
v 4.184202 2.364985 -0.120000
v 4.171959 2.381488 0.120000
v 4.171959 2.381488 -0.120000
v 4.161150 2.397217 0.120000
v 4.161150 2.397217 -0.120000
v 4.152000 2.412001 0.120000
v 4.152000 2.412001 -0.120000
v 3.927000 2.214001 0.120000
v 3.927000 2.214001 -0.120000
v 3.943335 2.200726 0.120000
v 3.943335 2.200726 -0.120000
v 3.960666 2.186542 0.120000
v 3.960666 2.186542 -0.120000
v 3.978750 2.171674 0.120000
v 3.978750 2.171674 -0.120000
v 3.997332 2.156335 0.120000
v 3.997332 2.156335 -0.120000
v 4.016166 2.140747 0.120000
v 4.016166 2.140747 -0.120000
v 4.035000 2.125126 0.120000
v 4.035000 2.125126 -0.120000
v 4.053582 2.109694 0.120000
v 4.053582 2.109694 -0.120000
v 4.071666 2.094667 0.120000
v 4.071666 2.094667 -0.120000
v 4.089000 2.080267 0.120000
v 4.089000 2.080267 -0.120000
v 4.105332 2.066710 0.120000
v 4.105332 2.066710 -0.120000
v 4.120416 2.054215 0.120000
v 4.120416 2.054215 -0.120000
v 4.134000 2.043001 0.120000
v 4.134000 2.043001 -0.120000
v 1.695081 0.505228 0.120000
v 1.695081 0.505228 -0.120000
v 1.726653 0.500071 0.120000
v 1.726653 0.500071 -0.120000
v 1.756453 0.491767 0.120000
v 1.756453 0.491767 -0.120000
v 1.784224 0.480556 0.120000
v 1.784224 0.480556 -0.120000
v 1.809699 0.466681 0.120000
v 1.809699 0.466681 -0.120000
v 1.832624 0.450376 0.120000
v 1.832624 0.450376 -0.120000
v 1.852737 0.431884 0.120000
v 1.852737 0.431884 -0.120000
v 1.869778 0.411445 0.120000
v 1.869778 0.411445 -0.120000
v 1.883484 0.389299 0.120000
v 1.883484 0.389299 -0.120000
v 1.893597 0.365683 0.120000
v 1.893597 0.365683 -0.120000
v 1.899855 0.340837 0.120000
v 1.899855 0.340837 -0.120000
v 1.902000 0.315001 0.120000
v 1.902000 0.315001 -0.120000
v 1.898619 0.280147 0.120000
v 1.898619 0.280147 -0.120000
v 1.888695 0.247669 0.120000
v 1.888695 0.247669 -0.120000
v 1.872564 0.217690 0.120000
v 1.872564 0.217690 -0.120000
v 1.850556 0.190333 0.120000
v 1.850556 0.190333 -0.120000
v 1.823008 0.165730 0.120000
v 1.823008 0.165730 -0.120000
v 1.790250 0.144001 0.120000
v 1.790250 0.144001 -0.120000
v 1.752619 0.125272 0.120000
v 1.752619 0.125272 -0.120000
v 1.710443 0.109669 0.120000
v 1.710443 0.109669 -0.120000
v 1.664064 0.097312 0.120000
v 1.664064 0.097312 -0.120000
v 1.613805 0.088333 0.120000
v 1.613805 0.088333 -0.120000
v 1.560005 0.082855 0.120000
v 1.560005 0.082855 -0.120000
v 1.503000 0.081001 0.120000
v 1.503000 0.081001 -0.120000
v 1.481377 0.081127 0.120000
v 1.481377 0.081127 -0.120000
v 1.460001 0.081502 0.120000
v 1.460001 0.081502 -0.120000
v 1.438875 0.082126 0.120000
v 1.438875 0.082126 -0.120000
v 1.418001 0.083002 0.120000
v 1.418001 0.083002 -0.120000
v 1.397376 0.084127 0.120000
v 1.397376 0.084127 -0.120000
v 1.377001 0.085501 0.120000
v 1.377001 0.085501 -0.120000
v 1.356876 0.087127 0.120000
v 1.356876 0.087127 -0.120000
v 1.337001 0.089002 0.120000
v 1.337001 0.089002 -0.120000
v 1.317375 0.091126 0.120000
v 1.317375 0.091126 -0.120000
v 1.298001 0.093502 0.120000
v 1.298001 0.093502 -0.120000
v 1.278875 0.096127 0.120000
v 1.278875 0.096127 -0.120000
v 1.260000 0.099001 0.120000
v 1.260000 0.099001 -0.120000
v 1.268599 0.156814 0.120000
v 1.268599 0.156814 -0.120000
v 1.282278 0.211516 0.120000
v 1.282278 0.211516 -0.120000
v 1.300875 0.262735 0.120000
v 1.300875 0.262735 -0.120000
v 1.324221 0.310111 0.120000
v 1.324221 0.310111 -0.120000
v 1.352154 0.353281 0.120000
v 1.352154 0.353281 -0.120000
v 1.384500 0.391876 0.120000
v 1.384500 0.391876 -0.120000
v 1.421097 0.425533 0.120000
v 1.421097 0.425533 -0.120000
v 1.461777 0.453889 0.120000
v 1.461777 0.453889 -0.120000
v 1.506375 0.476578 0.120000
v 1.506375 0.476578 -0.120000
v 1.554723 0.493237 0.120000
v 1.554723 0.493237 -0.120000
v 1.606653 0.503500 0.120000
v 1.606653 0.503500 -0.120000
v 1.662000 0.507001 0.120000
v 1.662000 0.507001 -0.120000
v 2.023020 2.199481 0.120000
v 2.023020 2.199481 -0.120000
v 1.953651 2.200849 0.120000
v 1.953651 2.200849 -0.120000
v 1.868766 2.202985 0.120000
v 1.868766 2.202985 -0.120000
v 1.772223 2.205778 0.120000
v 1.772223 2.205778 -0.120000
v 1.667887 2.209114 0.120000
v 1.667887 2.209114 -0.120000
v 1.559626 2.212876 0.120000
v 1.559626 2.212876 -0.120000
v 1.451302 2.216950 0.120000
v 1.451302 2.216950 -0.120000
v 1.346778 2.221222 0.120000
v 1.346778 2.221222 -0.120000
v 1.249923 2.225578 0.120000
v 1.249923 2.225578 -0.120000
v 1.164598 2.229904 0.120000
v 1.164598 2.229904 -0.120000
v 1.094670 2.234083 0.120000
v 1.094670 2.234083 -0.120000
v 1.044001 2.238001 0.120000
v 1.044001 2.238001 -0.120000
v 1.022478 2.239561 0.120000
v 1.022478 2.239561 -0.120000
v 1.002831 2.241238 0.120000
v 1.002831 2.241238 -0.120000
v 0.984936 2.243017 0.120000
v 0.984936 2.243017 -0.120000
v 0.968667 2.244889 0.120000
v 0.968667 2.244889 -0.120000
v 0.953896 2.246848 0.120000
v 0.953896 2.246848 -0.120000
v 0.940500 2.248876 0.120000
v 0.940500 2.248876 -0.120000
v 0.928353 2.250967 0.120000
v 0.928353 2.250967 -0.120000
v 0.917334 2.253112 0.120000
v 0.917334 2.253112 -0.120000
v 0.907311 2.255299 0.120000
v 0.907311 2.255299 -0.120000
v 0.898167 2.257516 0.120000
v 0.898167 2.257516 -0.120000
v 0.889771 2.259754 0.120000
v 0.889771 2.259754 -0.120000
v 0.882000 2.262001 0.120000
v 0.882000 2.262001 -0.120000
v 0.743999 2.088001 0.120000
v 0.743999 2.088001 -0.120000
v 0.757617 2.078248 0.120000
v 0.757617 2.078248 -0.120000
v 0.771444 2.068474 0.120000
v 0.771444 2.068474 -0.120000
v 0.785436 2.058658 0.120000
v 0.785436 2.058658 -0.120000
v 0.799557 2.048779 0.120000
v 0.799557 2.048779 -0.120000
v 0.813756 2.038816 0.120000
v 0.813756 2.038816 -0.120000
v 0.828000 2.028751 0.120000
v 0.828000 2.028751 -0.120000
v 0.842243 2.018560 0.120000
v 0.842243 2.018560 -0.120000
v 0.856443 2.008222 0.120000
v 0.856443 2.008222 -0.120000
v 0.870561 1.997719 0.120000
v 0.870561 1.997719 -0.120000
v 0.884556 1.987030 0.120000
v 0.884556 1.987030 -0.120000
v 0.898382 1.976131 0.120000
v 0.898382 1.976131 -0.120000
v 0.912000 1.965001 0.120000
v 0.912000 1.965001 -0.120000
v 0.954624 1.931851 0.120000
v 0.954624 1.931851 -0.120000
v 1.006500 1.890292 0.120000
v 1.006500 1.890292 -0.120000
v 1.066125 1.841674 0.120000
v 1.066125 1.841674 -0.120000
v 1.131999 1.787335 0.120000
v 1.131999 1.787335 -0.120000
v 1.202625 1.728622 0.120000
v 1.202625 1.728622 -0.120000
v 1.276500 1.666876 0.120000
v 1.276500 1.666876 -0.120000
v 1.352123 1.603444 0.120000
v 1.352123 1.603444 -0.120000
v 1.428000 1.539667 0.120000
v 1.428000 1.539667 -0.120000
v 1.502625 1.476892 0.120000
v 1.502625 1.476892 -0.120000
v 1.574499 1.416460 0.120000
v 1.574499 1.416460 -0.120000
v 1.642125 1.359715 0.120000
v 1.642125 1.359715 -0.120000
v 1.704000 1.308001 0.120000
v 1.704000 1.308001 -0.120000
v 1.669383 1.319323 0.120000
v 1.669383 1.319323 -0.120000
v 1.634571 1.329334 0.120000
v 1.634571 1.329334 -0.120000
v 1.599608 1.338094 0.120000
v 1.599608 1.338094 -0.120000
v 1.564554 1.345669 0.120000
v 1.564554 1.345669 -0.120000
v 1.529460 1.352116 0.120000
v 1.529460 1.352116 -0.120000
v 1.494375 1.357501 0.120000
v 1.494375 1.357501 -0.120000
v 1.459352 1.361887 0.120000
v 1.459352 1.361887 -0.120000
v 1.424444 1.365334 0.120000
v 1.424444 1.365334 -0.120000
v 1.389702 1.367908 0.120000
v 1.389702 1.367908 -0.120000
v 1.355181 1.369669 0.120000
v 1.355181 1.369669 -0.120000
v 1.320930 1.370677 0.120000
v 1.320930 1.370677 -0.120000
v 1.287000 1.371001 0.120000
v 1.287000 1.371001 -0.120000
v 1.165563 1.364863 0.120000
v 1.165563 1.364863 -0.120000
v 1.050750 1.346905 0.120000
v 1.050750 1.346905 -0.120000
v 0.943315 1.317799 0.120000
v 0.943315 1.317799 -0.120000
v 0.843999 1.278223 0.120000
v 0.843999 1.278223 -0.120000
v 0.753564 1.228858 0.120000
v 0.753564 1.228858 -0.120000
v 0.672750 1.170376 0.120000
v 0.672750 1.170376 -0.120000
v 0.602313 1.103458 0.120000
v 0.602313 1.103458 -0.120000
v 0.543000 1.028779 0.120000
v 0.543000 1.028779 -0.120000
v 0.495564 0.947017 0.120000
v 0.495564 0.947017 -0.120000
v 0.460752 0.858847 0.120000
v 0.460752 0.858847 -0.120000
v 0.439314 0.764950 0.120000
v 0.439314 0.764950 -0.120000
v 0.432000 0.666001 0.120000
v 0.432000 0.666001 -0.120000
v 0.440160 0.548896 0.120000
v 0.440160 0.548896 -0.120000
v 0.464277 0.439405 0.120000
v 0.464277 0.439405 -0.120000
v 0.503814 0.338017 0.120000
v 0.503814 0.338017 -0.120000
v 0.558222 0.245224 0.120000
v 0.558222 0.245224 -0.120000
v 0.626966 0.161512 0.120000
v 0.626966 0.161512 -0.120000
v 0.709500 0.087376 0.120000
v 0.709500 0.087376 -0.120000
v 0.805287 0.023302 0.120000
v 0.805287 0.023302 -0.120000
v 0.913779 -0.030221 0.120000
v 0.913779 -0.030221 -0.120000
v 1.034439 -0.072701 0.120000
v 1.034439 -0.072701 -0.120000
v 1.166721 -0.103652 0.120000
v 1.166721 -0.103652 -0.120000
v 1.310091 -0.122582 0.120000
v 1.310091 -0.122582 -0.120000
v 1.464000 -0.128999 0.120000
v 1.464000 -0.128999 -0.120000
v 1.562634 -0.125372 0.120000
v 1.562634 -0.125372 -0.120000
v 1.654332 -0.114734 0.120000
v 1.654332 -0.114734 -0.120000
v 1.738779 -0.097451 0.120000
v 1.738779 -0.097451 -0.120000
v 1.815666 -0.073889 0.120000
v 1.815666 -0.073889 -0.120000
v 1.884678 -0.044408 0.120000
v 1.884678 -0.044408 -0.120000
v 1.945499 -0.009374 0.120000
v 1.945499 -0.009374 -0.120000
v 1.997823 0.030847 0.120000
v 1.997823 0.030847 -0.120000
v 2.041332 0.075889 0.120000
v 2.041332 0.075889 -0.120000
v 2.075718 0.125392 0.120000
v 2.075718 0.125392 -0.120000
v 2.100666 0.178987 0.120000
v 2.100666 0.178987 -0.120000
v 2.115864 0.236311 0.120000
v 2.115864 0.236311 -0.120000
v 2.121000 0.297001 0.120000
v 2.121000 0.297001 -0.120000
v 2.117238 0.348160 0.120000
v 2.117238 0.348160 -0.120000
v 2.106153 0.397765 0.120000
v 2.106153 0.397765 -0.120000
v 2.088048 0.445267 0.120000
v 2.088048 0.445267 -0.120000
v 2.063223 0.490111 0.120000
v 2.063223 0.490111 -0.120000
v 2.031981 0.531748 0.120000
v 2.031981 0.531748 -0.120000
v 1.994625 0.569626 0.120000
v 1.994625 0.569626 -0.120000
v 1.951458 0.603190 0.120000
v 1.951458 0.603190 -0.120000
v 1.902777 0.631891 0.120000
v 1.902777 0.631891 -0.120000
v 1.848891 0.655174 0.120000
v 1.848891 0.655174 -0.120000
v 1.790097 0.672487 0.120000
v 1.790097 0.672487 -0.120000
v 1.726701 0.683281 0.120000
v 1.726701 0.683281 -0.120000
v 1.659000 0.687001 0.120000
v 1.659000 0.687001 -0.120000
v 1.568871 0.681997 0.120000
v 1.568871 0.681997 -0.120000
v 1.485956 0.667459 0.120000
v 1.485956 0.667459 -0.120000
v 1.410234 0.644110 0.120000
v 1.410234 0.644110 -0.120000
v 1.341666 0.612667 0.120000
v 1.341666 0.612667 -0.120000
v 1.280223 0.573850 0.120000
v 1.280223 0.573850 -0.120000
v 1.225875 0.528376 0.120000
v 1.225875 0.528376 -0.120000
v 1.178589 0.476965 0.120000
v 1.178589 0.476965 -0.120000
v 1.138331 0.420334 0.120000
v 1.138331 0.420334 -0.120000
v 1.105078 0.359203 0.120000
v 1.105078 0.359203 -0.120000
v 1.078791 0.294292 0.120000
v 1.078791 0.294292 -0.120000
v 1.059444 0.226318 0.120000
v 1.059444 0.226318 -0.120000
v 1.047000 0.156001 0.120000
v 1.047000 0.156001 -0.120000
v 0.989205 0.180934 0.120000
v 0.989205 0.180934 -0.120000
v 0.935889 0.209209 0.120000
v 0.935889 0.209209 -0.120000
v 0.887156 0.240799 0.120000
v 0.887156 0.240799 -0.120000
v 0.843111 0.275668 0.120000
v 0.843111 0.275668 -0.120000
v 0.803859 0.313786 0.120000
v 0.803859 0.313786 -0.120000
v 0.769500 0.355126 0.120000
v 0.769500 0.355126 -0.120000
v 0.740143 0.399652 0.120000
v 0.740143 0.399652 -0.120000
v 0.715890 0.447334 0.120000
v 0.715890 0.447334 -0.120000
v 0.696843 0.498142 0.120000
v 0.696843 0.498142 -0.120000
v 0.683112 0.552043 0.120000
v 0.683112 0.552043 -0.120000
v 0.674796 0.609007 0.120000
v 0.674796 0.609007 -0.120000
v 0.672000 0.669001 0.120000
v 0.672000 0.669001 -0.120000
v 0.677774 0.740914 0.120000
v 0.677774 0.740914 -0.120000
v 0.694695 0.809305 0.120000
v 0.694695 0.809305 -0.120000
v 0.722157 0.873658 0.120000
v 0.722157 0.873658 -0.120000
v 0.759555 0.933445 0.120000
v 0.759555 0.933445 -0.120000
v 0.806290 0.988150 0.120000
v 0.806290 0.988150 -0.120000
v 0.861750 1.037251 0.120000
v 0.861750 1.037251 -0.120000
v 0.925338 1.080226 0.120000
v 0.925338 1.080226 -0.120000
v 0.996445 1.116556 0.120000
v 0.996445 1.116556 -0.120000
v 1.074468 1.145719 0.120000
v 1.074468 1.145719 -0.120000
v 1.158808 1.167196 0.120000
v 1.158808 1.167196 -0.120000
v 1.248852 1.180462 0.120000
v 1.248852 1.180462 -0.120000
v 1.344000 1.185001 0.120000
v 1.344000 1.185001 -0.120000
v 1.464577 1.180585 0.120000
v 1.464577 1.180585 -0.120000
v 1.576611 1.167430 0.120000
v 1.576611 1.167430 -0.120000
v 1.681311 1.145674 0.120000
v 1.681311 1.145674 -0.120000
v 1.779888 1.115446 0.120000
v 1.779888 1.115446 -0.120000
v 1.873549 1.076884 0.120000
v 1.873549 1.076884 -0.120000
v 1.963500 1.030126 0.120000
v 1.963500 1.030126 -0.120000
v 2.050950 0.975304 0.120000
v 2.050950 0.975304 -0.120000
v 2.137110 0.912556 0.120000
v 2.137110 0.912556 -0.120000
v 2.223189 0.842017 0.120000
v 2.223189 0.842017 -0.120000
v 2.310390 0.763819 0.120000
v 2.310390 0.763819 -0.120000
v 2.399925 0.678103 0.120000
v 2.399925 0.678103 -0.120000
v 2.493000 0.585001 0.120000
v 2.493000 0.585001 -0.120000
v 2.664000 0.762001 0.120000
v 2.664000 0.762001 -0.120000
v 2.599137 0.815269 0.120000
v 2.599137 0.815269 -0.120000
v 2.529846 0.872404 0.120000
v 2.529846 0.872404 -0.120000
v 2.457327 0.932392 0.120000
v 2.457327 0.932392 -0.120000
v 2.382777 0.994222 0.120000
v 2.382777 0.994222 -0.120000
v 2.307393 1.056889 0.120000
v 2.307393 1.056889 -0.120000
v 2.232374 1.119376 0.120000
v 2.232374 1.119376 -0.120000
v 2.158917 1.180675 0.120000
v 2.158917 1.180675 -0.120000
v 2.088223 1.239778 0.120000
v 2.088223 1.239778 -0.120000
v 2.021483 1.295674 0.120000
v 2.021483 1.295674 -0.120000
v 1.959903 1.347349 0.120000
v 1.959903 1.347349 -0.120000
v 1.904676 1.393795 0.120000
v 1.904676 1.393795 -0.120000
v 1.857000 1.434001 0.120000
v 1.857000 1.434001 -0.120000
v 1.810935 1.471981 0.120000
v 1.810935 1.471981 -0.120000
v 1.757736 1.516099 0.120000
v 1.757736 1.516099 -0.120000
v 1.698891 1.565110 0.120000
v 1.698891 1.565110 -0.120000
v 1.635888 1.617778 0.120000
v 1.635888 1.617778 -0.120000
v 1.570221 1.672864 0.120000
v 1.570221 1.672864 -0.120000
v 1.503375 1.729126 0.120000
v 1.503375 1.729126 -0.120000
v 1.436841 1.785325 0.120000
v 1.436841 1.785325 -0.120000
v 1.372110 1.840222 0.120000
v 1.372110 1.840222 -0.120000
v 1.310673 1.892578 0.120000
v 1.310673 1.892578 -0.120000
v 1.254015 1.941154 0.120000
v 1.254015 1.941154 -0.120000
v 1.203628 1.984708 0.120000
v 1.203628 1.984708 -0.120000
v 1.161000 2.022001 0.120000
v 1.161000 2.022001 -0.120000
v 1.209429 2.020087 0.120000
v 1.209429 2.020087 -0.120000
v 1.273167 2.017432 0.120000
v 1.273167 2.017432 -0.120000
v 1.349157 2.014174 0.120000
v 1.349157 2.014174 -0.120000
v 1.434333 2.010445 0.120000
v 1.434333 2.010445 -0.120000
v 1.525635 2.006386 0.120000
v 1.525635 2.006386 -0.120000
v 1.620000 2.002126 0.120000
v 1.620000 2.002126 -0.120000
v 1.714365 1.997806 0.120000
v 1.714365 1.997806 -0.120000
v 1.805667 1.993558 0.120000
v 1.805667 1.993558 -0.120000
v 1.890842 1.989517 0.120000
v 1.890842 1.989517 -0.120000
v 1.966833 1.985821 0.120000
v 1.966833 1.985821 -0.120000
v 2.030574 1.982605 0.120000
v 2.030574 1.982605 -0.120000
v 2.079000 1.980001 0.120000
v 2.079000 1.980001 -0.120000
v 2.095557 1.979188 0.120000
v 2.095557 1.979188 -0.120000
v 2.112206 1.978252 0.120000
v 2.112206 1.978252 -0.120000
v 2.128920 1.977187 0.120000
v 2.128920 1.977187 -0.120000
v 2.145666 1.976002 0.120000
v 2.145666 1.976002 -0.120000
v 2.162409 1.974688 0.120000
v 2.162409 1.974688 -0.120000
v 2.179125 1.973251 0.120000
v 2.179125 1.973251 -0.120000
v 2.195775 1.971688 0.120000
v 2.195775 1.971688 -0.120000
v 2.212332 1.970002 0.120000
v 2.212332 1.970002 -0.120000
v 2.228766 1.968187 0.120000
v 2.228766 1.968187 -0.120000
v 2.245041 1.966252 0.120000
v 2.245041 1.966252 -0.120000
v 2.261130 1.964188 0.120000
v 2.261130 1.964188 -0.120000
v 2.277000 1.962001 0.120000
v 2.277000 1.962001 -0.120000
v 2.286000 2.211001 0.120000
v 2.286000 2.211001 -0.120000
v 2.268459 2.208874 0.120000
v 2.268459 2.208874 -0.120000
v 2.250432 2.206987 0.120000
v 2.250432 2.206987 -0.120000
v 2.232048 2.205328 0.120000
v 2.232048 2.205328 -0.120000
v 2.213445 2.203891 0.120000
v 2.213445 2.203891 -0.120000
v 2.194757 2.202658 0.120000
v 2.194757 2.202658 -0.120000
v 2.176125 2.201626 0.120000
v 2.176125 2.201626 -0.120000
v 2.157678 2.200780 0.120000
v 2.157678 2.200780 -0.120000
v 2.139555 2.200111 0.120000
v 2.139555 2.200111 -0.120000
v 2.121891 2.199610 0.120000
v 2.121891 2.199610 -0.120000
v 2.104821 2.199265 0.120000
v 2.104821 2.199265 -0.120000
v 2.088476 2.199064 0.120000
v 2.088476 2.199064 -0.120000
v 2.073000 2.199001 0.120000
v 2.073000 2.199001 -0.120000
v -2.379001 1.854001 0.120000
v -2.379001 1.854001 -0.120000
v -2.363163 1.885867 0.120000
v -2.363163 1.885867 -0.120000
v -2.345793 1.919683 0.120000
v -2.345793 1.919683 -0.120000
v -2.327112 1.955017 0.120000
v -2.327112 1.955017 -0.120000
v -2.307337 1.991446 0.120000
v -2.307337 1.991446 -0.120000
v -2.286684 2.028541 0.120000
v -2.286684 2.028541 -0.120000
v -2.265378 2.065876 0.120000
v -2.265378 2.065876 -0.120000
v -2.243631 2.103025 0.120000
v -2.243631 2.103025 -0.120000
v -2.221667 2.139556 0.120000
v -2.221667 2.139556 -0.120000
v -2.199701 2.175049 0.120000
v -2.199701 2.175049 -0.120000
v -2.177958 2.209069 0.120000
v -2.177958 2.209069 -0.120000
v -2.156652 2.241196 0.120000
v -2.156652 2.241196 -0.120000
v -2.136000 2.271001 0.120000
v -2.136000 2.271001 -0.120000
v -2.295000 2.337001 0.120000
v -2.295000 2.337001 -0.120000
v -2.314445 2.309206 0.120000
v -2.314445 2.309206 -0.120000
v -2.335095 2.278639 0.120000
v -2.335095 2.278639 -0.120000
v -2.356638 2.245783 0.120000
v -2.356638 2.245783 -0.120000
v -2.378775 2.211112 0.120000
v -2.378775 2.211112 -0.120000
v -2.401207 2.175109 0.120000
v -2.401207 2.175109 -0.120000
v -2.423626 2.138251 0.120000
v -2.423626 2.138251 -0.120000
v -2.445728 2.101018 0.120000
v -2.445728 2.101018 -0.120000
v -2.467220 2.063890 0.120000
v -2.467220 2.063890 -0.120000
v -2.487799 2.027344 0.120000
v -2.487799 2.027344 -0.120000
v -2.507154 1.991863 0.120000
v -2.507154 1.991863 -0.120000
v -2.524988 1.957921 0.120000
v -2.524988 1.957921 -0.120000
v -2.541000 1.926001 0.120000
v -2.541000 1.926001 -0.120000
v -2.715000 1.977001 0.120000
v -2.715000 1.977001 -0.120000
v -2.697901 2.010700 0.120000
v -2.697901 2.010700 -0.120000
v -2.679682 2.045584 0.120000
v -2.679682 2.045584 -0.120000
v -2.660484 2.081344 0.120000
v -2.660484 2.081344 -0.120000
v -2.640444 2.117668 0.120000
v -2.640444 2.117668 -0.120000
v -2.619696 2.154241 0.120000
v -2.619696 2.154241 -0.120000
v -2.598375 2.190751 0.120000
v -2.598375 2.190751 -0.120000
v -2.576616 2.226886 0.120000
v -2.576616 2.226886 -0.120000
v -2.554558 2.262334 0.120000
v -2.554558 2.262334 -0.120000
v -2.532330 2.296783 0.120000
v -2.532330 2.296783 -0.120000
v -2.510070 2.329918 0.120000
v -2.510070 2.329918 -0.120000
v -2.487915 2.361427 0.120000
v -2.487915 2.361427 -0.120000
v -2.466000 2.391001 0.120000
v -2.466000 2.391001 -0.120000
v -2.625000 2.457001 0.120000
v -2.625000 2.457001 -0.120000
v -2.645885 2.428405 0.120000
v -2.645885 2.428405 -0.120000
v -2.667833 2.396986 0.120000
v -2.667833 2.396986 -0.120000
v -2.690532 2.363299 0.120000
v -2.690532 2.363299 -0.120000
v -2.713667 2.327890 0.120000
v -2.713667 2.327890 -0.120000
v -2.736927 2.291314 0.120000
v -2.736927 2.291314 -0.120000
v -2.760000 2.254126 0.120000
v -2.760000 2.254126 -0.120000
v -2.782576 2.216875 0.120000
v -2.782576 2.216875 -0.120000
v -2.804335 2.180113 0.120000
v -2.804335 2.180113 -0.120000
v -2.824971 2.144392 0.120000
v -2.824971 2.144392 -0.120000
v -2.844169 2.110264 0.120000
v -2.844169 2.110264 -0.120000
v -2.861616 2.078284 0.120000
v -2.861616 2.078284 -0.120000
v -2.877001 2.049001 0.120000
v -2.877001 2.049001 -0.120000
v -1.215000 1.959001 0.120000
v -1.215000 1.959001 -0.120000
v -1.210386 1.942087 0.120000
v -1.210386 1.942087 -0.120000
v -1.205584 1.924444 0.120000
v -1.205584 1.924444 -0.120000
v -1.200657 1.906219 0.120000
v -1.200657 1.906219 -0.120000
v -1.195669 1.887556 0.120000
v -1.195669 1.887556 -0.120000
v -1.190680 1.868602 0.120000
v -1.190680 1.868602 -0.120000
v -1.185749 1.849501 0.120000
v -1.185749 1.849501 -0.120000
v -1.180950 1.830400 0.120000
v -1.180950 1.830400 -0.120000
v -1.176332 1.811446 0.120000
v -1.176332 1.811446 -0.120000
v -1.171968 1.792783 0.120000
v -1.171968 1.792783 -0.120000
v -1.167918 1.774558 0.120000
v -1.167918 1.774558 -0.120000
v -1.164240 1.756915 0.120000
v -1.164240 1.756915 -0.120000
v -1.161000 1.740001 0.120000
v -1.161000 1.740001 -0.120000
v -1.149213 1.688356 0.120000
v -1.149213 1.688356 -0.120000
v -1.134945 1.627336 0.120000
v -1.134945 1.627336 -0.120000
v -1.118342 1.558315 0.120000
v -1.118342 1.558315 -0.120000
v -1.099554 1.482667 0.120000
v -1.099554 1.482667 -0.120000
v -1.078724 1.401772 0.120000
v -1.078724 1.401772 -0.120000
v -1.056001 1.317001 0.120000
v -1.056001 1.317001 -0.120000
v -1.031527 1.229731 0.120000
v -1.031527 1.229731 -0.120000
v -1.005444 1.141333 0.120000
v -1.005444 1.141333 -0.120000
v -0.977907 1.053190 0.120000
v -0.977907 1.053190 -0.120000
v -0.949056 0.966667 0.120000
v -0.949056 0.966667 -0.120000
v -0.919038 0.883147 0.120000
v -0.919038 0.883147 -0.120000
v -0.888000 0.804001 0.120000
v -0.888000 0.804001 -0.120000
v -0.859213 0.734374 0.120000
v -0.859213 0.734374 -0.120000
v -0.828457 0.663724 0.120000
v -0.828457 0.663724 -0.120000
v -0.795888 0.592408 0.120000
v -0.795888 0.592408 -0.120000
v -0.761664 0.520780 0.120000
v -0.761664 0.520780 -0.120000
v -0.725941 0.449191 0.120000
v -0.725941 0.449191 -0.120000
v -0.688871 0.378001 0.120000
v -0.688871 0.378001 -0.120000
v -0.650620 0.307561 0.120000
v -0.650620 0.307561 -0.120000
v -0.611330 0.238222 0.120000
v -0.611330 0.238222 -0.120000
v -0.571171 0.170344 0.120000
v -0.571171 0.170344 -0.120000
v -0.530293 0.104278 0.120000
v -0.530293 0.104278 -0.120000
v -0.488850 0.040378 0.120000
v -0.488850 0.040378 -0.120000
v -0.447001 -0.020999 0.120000
v -0.447001 -0.020999 -0.120000
v -0.192000 0.087001 0.120000
v -0.192000 0.087001 -0.120000
v -0.238789 0.150550 0.120000
v -0.238789 0.150550 -0.120000
v -0.284554 0.216403 0.120000
v -0.284554 0.216403 -0.120000
v -0.329153 0.284110 0.120000
v -0.329153 0.284110 -0.120000
v -0.372444 0.353224 0.120000
v -0.372444 0.353224 -0.120000
v -0.414273 0.423295 0.120000
v -0.414273 0.423295 -0.120000
v -0.454500 0.493876 0.120000
v -0.454500 0.493876 -0.120000
v -0.492975 0.564520 0.120000
v -0.492975 0.564520 -0.120000
v -0.529554 0.634780 0.120000
v -0.529554 0.634780 -0.120000
v -0.564094 0.704203 0.120000
v -0.564094 0.704203 -0.120000
v -0.596441 0.772348 0.120000
v -0.596441 0.772348 -0.120000
v -0.626459 0.838762 0.120000
v -0.626459 0.838762 -0.120000
v -0.653999 0.903001 0.120000
v -0.653999 0.903001 -0.120000
v -0.686139 0.983167 0.120000
v -0.686139 0.983167 -0.120000
v -0.717861 1.068571 0.120000
v -0.717861 1.068571 -0.120000
v -0.748876 1.158328 0.120000
v -0.748876 1.158328 -0.120000
v -0.778891 1.251556 0.120000
v -0.778891 1.251556 -0.120000
v -0.807612 1.347367 0.120000
v -0.807612 1.347367 -0.120000
v -0.834751 1.444876 0.120000
v -0.834751 1.444876 -0.120000
v -0.860014 1.543198 0.120000
v -0.860014 1.543198 -0.120000
v -0.883110 1.641445 0.120000
v -0.883110 1.641445 -0.120000
v -0.903749 1.738735 0.120000
v -0.903749 1.738735 -0.120000
v -0.921638 1.834183 0.120000
v -0.921638 1.834183 -0.120000
v -0.936485 1.926898 0.120000
v -0.936485 1.926898 -0.120000
v -0.948000 2.016001 0.120000
v -0.948000 2.016001 -0.120000
v -1.938000 2.046001 0.120000
v -1.938000 2.046001 -0.120000
v -1.969422 1.988047 0.120000
v -1.969422 1.988047 -0.120000
v -2.003361 1.922863 0.120000
v -2.003361 1.922863 -0.120000
v -2.039343 1.851469 0.120000
v -2.039343 1.851469 -0.120000
v -2.076891 1.774891 0.120000
v -2.076891 1.774891 -0.120000
v -2.115519 1.694143 0.120000
v -2.115519 1.694143 -0.120000
v -2.154749 1.610251 0.120000
v -2.154749 1.610251 -0.120000
v -2.194107 1.524235 0.120000
v -2.194107 1.524235 -0.120000
v -2.233110 1.437112 0.120000
v -2.233110 1.437112 -0.120000
v -2.271282 1.349908 0.120000
v -2.271282 1.349908 -0.120000
v -2.308140 1.263640 0.120000
v -2.308140 1.263640 -0.120000
v -2.343204 1.179331 0.120000
v -2.343204 1.179331 -0.120000
v -2.375999 1.098001 0.120000
v -2.375999 1.098001 -0.120000
v -2.407434 1.020580 0.120000
v -2.407434 1.020580 -0.120000
v -2.439960 0.937627 0.120000
v -2.439960 0.937627 -0.120000
v -2.473173 0.850360 0.120000
v -2.473173 0.850360 -0.120000
v -2.506668 0.760000 0.120000
v -2.506668 0.760000 -0.120000
v -2.540037 0.667768 0.120000
v -2.540037 0.667768 -0.120000
v -2.572875 0.574876 0.120000
v -2.572875 0.574876 -0.120000
v -2.604776 0.482548 0.120000
v -2.604776 0.482548 -0.120000
v -2.635336 0.392002 0.120000
v -2.635336 0.392002 -0.120000
v -2.664142 0.304453 0.120000
v -2.664142 0.304453 -0.120000
v -2.690794 0.221125 0.120000
v -2.690794 0.221125 -0.120000
v -2.714880 0.143236 0.120000
v -2.714880 0.143236 -0.120000
v -2.736000 0.072001 0.120000
v -2.736000 0.072001 -0.120000
v -2.469000 -0.014999 0.120000
v -2.469000 -0.014999 -0.120000
v -2.448978 0.063457 0.120000
v -2.448978 0.063457 -0.120000
v -2.426596 0.145405 0.120000
v -2.426596 0.145405 -0.120000
v -2.402109 0.230203 0.120000
v -2.402109 0.230203 -0.120000
v -2.375774 0.317224 0.120000
v -2.375774 0.317224 -0.120000
v -2.347860 0.405826 0.120000
v -2.347860 0.405826 -0.120000
v -2.318622 0.495376 0.120000
v -2.318622 0.495376 -0.120000
v -2.288322 0.585238 0.120000
v -2.288322 0.585238 -0.120000
v -2.257221 0.674779 0.120000
v -2.257221 0.674779 -0.120000
v -2.225576 0.763360 0.120000
v -2.225576 0.763360 -0.120000
v -2.193651 0.850348 0.120000
v -2.193651 0.850348 -0.120000
v -2.161707 0.935107 0.120000
v -2.161707 0.935107 -0.120000
v -2.130000 1.017001 0.120000
v -2.130000 1.017001 -0.120000
v -2.098752 1.096327 0.120000
v -2.098752 1.096327 -0.120000
v -2.065278 1.179097 0.120000
v -2.065278 1.179097 -0.120000
v -2.029967 1.264267 0.120000
v -2.029967 1.264267 -0.120000
v -1.993220 1.350778 0.120000
v -1.993220 1.350778 -0.120000
v -1.955433 1.437583 0.120000
v -1.955433 1.437583 -0.120000
v -1.917000 1.523626 0.120000
v -1.917000 1.523626 -0.120000
v -1.878315 1.607857 0.120000
v -1.878315 1.607857 -0.120000
v -1.839777 1.689223 0.120000
v -1.839777 1.689223 -0.120000
v -1.801783 1.766674 0.120000
v -1.801783 1.766674 -0.120000
v -1.764723 1.839154 0.120000
v -1.764723 1.839154 -0.120000
v -1.728996 1.905613 0.120000
v -1.728996 1.905613 -0.120000
v -1.695000 1.965001 0.120000
v -1.695000 1.965001 -0.120000
v -3.797742 1.284001 0.120000
v -3.797742 1.284001 -0.120000
v -3.906444 1.284001 0.120000
v -3.906444 1.284001 -0.120000
v -4.042311 1.284001 0.120000
v -4.042311 1.284001 -0.120000
v -4.198555 1.284001 0.120000
v -4.198555 1.284001 -0.120000
v -4.368382 1.284001 0.120000
v -4.368382 1.284001 -0.120000
v -4.545000 1.284001 0.120000
v -4.545000 1.284001 -0.120000
v -4.721619 1.284001 0.120000
v -4.721619 1.284001 -0.120000
v -4.891441 1.284001 0.120000
v -4.891441 1.284001 -0.120000
v -5.047686 1.284002 0.120000
v -5.047686 1.284002 -0.120000
v -5.183556 1.284002 0.120000
v -5.183556 1.284002 -0.120000
v -5.292257 1.284002 0.120000
v -5.292257 1.284002 -0.120000
v -5.367001 1.284002 0.120000
v -5.367001 1.284002 -0.120000
v -5.403624 1.284181 0.120000
v -5.403624 1.284181 -0.120000
v -5.438499 1.284695 0.120000
v -5.438499 1.284695 -0.120000
v -5.471624 1.285502 0.120000
v -5.471624 1.285502 -0.120000
v -5.502998 1.286558 0.120000
v -5.502998 1.286558 -0.120000
v -5.532623 1.287821 0.120000
v -5.532623 1.287821 -0.120000
v -5.560499 1.289252 0.120000
v -5.560499 1.289252 -0.120000
v -5.586624 1.290805 0.120000
v -5.586624 1.290805 -0.120000
v -5.611000 1.292447 0.120000
v -5.611000 1.292447 -0.120000
v -5.633625 1.294127 0.120000
v -5.633625 1.294127 -0.120000
v -5.654499 1.295807 0.120000
v -5.654499 1.295807 -0.120000
v -5.673624 1.297444 0.120000
v -5.673624 1.297444 -0.120000
v -5.691000 1.299002 0.120000
v -5.691000 1.299002 -0.120000
v -5.691000 1.005002 0.120000
v -5.691000 1.005002 -0.120000
v -5.674656 1.005926 0.120000
v -5.674656 1.005926 -0.120000
v -5.655762 1.007156 0.120000
v -5.655762 1.007156 -0.120000
v -5.634514 1.008611 0.120000
v -5.634514 1.008611 -0.120000
v -5.611111 1.010225 0.120000
v -5.611111 1.010225 -0.120000
v -5.585749 1.011919 0.120000
v -5.585749 1.011919 -0.120000
v -5.558626 1.013627 0.120000
v -5.558626 1.013627 -0.120000
v -5.529940 1.015271 0.120000
v -5.529940 1.015271 -0.120000
v -5.499887 1.016780 0.120000
v -5.499887 1.016780 -0.120000
v -5.468670 1.018078 0.120000
v -5.468670 1.018078 -0.120000
v -5.436485 1.019099 0.120000
v -5.436485 1.019099 -0.120000
v -5.403530 1.019765 0.120000
v -5.403530 1.019765 -0.120000
v -5.369999 1.020002 0.120000
v -5.369999 1.020002 -0.120000
v -5.294624 1.020002 0.120000
v -5.294624 1.020002 -0.120000
v -5.185499 1.020002 0.120000
v -5.185499 1.020002 -0.120000
v -5.049376 1.020002 0.120000
v -5.049376 1.020002 -0.120000
v -4.893000 1.020001 0.120000
v -4.893000 1.020001 -0.120000
v -4.723125 1.020001 0.120000
v -4.723125 1.020001 -0.120000
v -4.546501 1.020001 0.120000
v -4.546501 1.020001 -0.120000
v -4.369875 1.020001 0.120000
v -4.369875 1.020001 -0.120000
v -4.200001 1.020001 0.120000
v -4.200001 1.020001 -0.120000
v -4.043625 1.020001 0.120000
v -4.043625 1.020001 -0.120000
v -3.907499 1.020001 0.120000
v -3.907499 1.020001 -0.120000
v -3.798376 1.020001 0.120000
v -3.798376 1.020001 -0.120000
v -3.723001 1.020001 0.120000
v -3.723001 1.020001 -0.120000
v -3.681911 1.019878 0.120000
v -3.681911 1.019878 -0.120000
v -3.641277 1.019515 0.120000
v -3.641277 1.019515 -0.120000
v -3.601315 1.018924 0.120000
v -3.601315 1.018924 -0.120000
v -3.562222 1.018111 0.120000
v -3.562222 1.018111 -0.120000
v -3.524214 1.017094 0.120000
v -3.524214 1.017094 -0.120000
v -3.487499 1.015876 0.120000
v -3.487499 1.015876 -0.120000
v -3.452286 1.014472 0.120000
v -3.452286 1.014472 -0.120000
v -3.418779 1.012891 0.120000
v -3.418779 1.012891 -0.120000
v -3.387190 1.011142 0.120000
v -3.387190 1.011142 -0.120000
v -3.357723 1.009237 0.120000
v -3.357723 1.009237 -0.120000
v -3.330591 1.007188 0.120000
v -3.330591 1.007188 -0.120000
v -3.306001 1.005001 0.120000
v -3.306001 1.005001 -0.120000
v -3.306001 1.299001 0.120000
v -3.306001 1.299001 -0.120000
v -3.329902 1.297447 0.120000
v -3.329902 1.297447 -0.120000
v -3.356469 1.295806 0.120000
v -3.356469 1.295806 -0.120000
v -3.385497 1.294126 0.120000
v -3.385497 1.294126 -0.120000
v -3.416775 1.292446 0.120000
v -3.416775 1.292446 -0.120000
v -3.450096 1.290808 0.120000
v -3.450096 1.290808 -0.120000
v -3.485247 1.289251 0.120000
v -3.485247 1.289251 -0.120000
v -3.522026 1.287820 0.120000
v -3.522026 1.287820 -0.120000
v -3.560220 1.286557 0.120000
v -3.560220 1.286557 -0.120000
v -3.599625 1.285501 0.120000
v -3.599625 1.285501 -0.120000
v -3.640030 1.284697 0.120000
v -3.640030 1.284697 -0.120000
v -3.681223 1.284181 0.120000
v -3.681223 1.284181 -0.120000
v -3.723001 1.284001 0.120000
v -3.723001 1.284001 -0.120000
v -8.297724 1.808666 0.120000
v -8.297724 1.808666 -0.120000
v -8.267044 1.739057 0.120000
v -8.267044 1.739057 -0.120000
v -8.233170 1.666784 0.120000
v -8.233170 1.666784 -0.120000
v -8.196333 1.592447 0.120000
v -8.196333 1.592447 -0.120000
v -8.156746 1.516652 0.120000
v -8.156746 1.516652 -0.120000
v -8.114624 1.440002 0.120000
v -8.114624 1.440002 -0.120000
v -8.070192 1.363103 0.120000
v -8.070192 1.363103 -0.120000
v -8.023666 1.286558 0.120000
v -8.023666 1.286558 -0.120000
v -7.975266 1.210970 0.120000
v -7.975266 1.210970 -0.120000
v -7.925209 1.136948 0.120000
v -7.925209 1.136948 -0.120000
v -7.873713 1.065089 0.120000
v -7.873713 1.065089 -0.120000
v -7.820999 0.996002 0.120000
v -7.820999 0.996002 -0.120000
v -7.900684 0.926159 0.120000
v -7.900684 0.926159 -0.120000
v -7.981722 0.852266 0.120000
v -7.981722 0.852266 -0.120000
v -8.063343 0.775268 0.120000
v -8.063343 0.775268 -0.120000
v -8.144777 0.696113 0.120000
v -8.144777 0.696113 -0.120000
v -8.225256 0.615749 0.120000
v -8.225256 0.615749 -0.120000
v -8.304003 0.535127 0.120000
v -8.304003 0.535127 -0.120000
v -8.380249 0.455192 0.120000
v -8.380249 0.455192 -0.120000
v -8.453222 0.376892 0.120000
v -8.453222 0.376892 -0.120000
v -8.522158 0.301175 0.120000
v -8.522158 0.301175 -0.120000
v -8.586279 0.228989 0.120000
v -8.586279 0.228989 -0.120000
v -8.644817 0.161282 0.120000
v -8.644817 0.161282 -0.120000
v -8.697001 0.099002 0.120000
v -8.697001 0.099002 -0.120000
v -8.487000 -0.080998 0.120000
v -8.487000 -0.080998 -0.120000
v -8.434385 -0.012592 0.120000
v -8.434385 -0.012592 -0.120000
v -8.377346 0.058751 0.120000
v -8.377346 0.058751 -0.120000
v -8.316330 0.132470 0.120000
v -8.316330 0.132470 -0.120000
v -8.251780 0.208001 0.120000
v -8.251780 0.208001 -0.120000
v -8.184143 0.284783 0.120000
v -8.184143 0.284783 -0.120000
v -8.113876 0.362252 0.120000
v -8.113876 0.362252 -0.120000
v -8.041418 0.439847 0.120000
v -8.041418 0.439847 -0.120000
v -7.967224 0.517001 0.120000
v -7.967224 0.517001 -0.120000
v -7.891735 0.593159 0.120000
v -7.891735 0.593159 -0.120000
v -7.815403 0.667751 0.120000
v -7.815403 0.667751 -0.120000
v -7.738674 0.740222 0.120000
v -7.738674 0.740222 -0.120000
v -7.661999 0.810002 0.120000
v -7.661999 0.810002 -0.120000
v -7.580025 0.724130 0.120000
v -7.580025 0.724130 -0.120000
v -7.494709 0.639281 0.120000
v -7.494709 0.639281 -0.120000
v -7.406200 0.555845 0.120000
v -7.406200 0.555845 -0.120000
v -7.314663 0.474224 0.120000
v -7.314663 0.474224 -0.120000
v -7.220253 0.394811 0.120000
v -7.220253 0.394811 -0.120000
v -7.123121 0.318002 0.120000
v -7.123121 0.318002 -0.120000
v -7.023432 0.244193 0.120000
v -7.023432 0.244193 -0.120000
v -6.921333 0.173780 0.120000
v -6.921333 0.173780 -0.120000
v -6.816984 0.107159 0.120000
v -6.816984 0.107159 -0.120000
v -6.710541 0.044723 0.120000
v -6.710541 0.044723 -0.120000
v -6.602160 -0.013126 0.120000
v -6.602160 -0.013126 -0.120000
v -6.492001 -0.065998 0.120000
v -6.492001 -0.065998 -0.120000
v -6.299999 0.135002 0.120000
v -6.299999 0.135002 -0.120000
v -6.419880 0.185648 0.120000
v -6.419880 0.185648 -0.120000
v -6.537804 0.242669 0.120000
v -6.537804 0.242669 -0.120000
v -6.653439 0.305441 0.120000
v -6.653439 0.305441 -0.120000
v -6.766447 0.373334 0.120000
v -6.766447 0.373334 -0.120000
v -6.876495 0.445730 0.120000
v -6.876495 0.445730 -0.120000
v -6.983253 0.522002 0.120000
v -6.983253 0.522002 -0.120000
v -7.086384 0.601523 0.120000
v -7.086384 0.601523 -0.120000
v -7.185555 0.683669 0.120000
v -7.185555 0.683669 -0.120000
v -7.280439 0.767816 0.120000
v -7.280439 0.767816 -0.120000
v -7.370695 0.853334 0.120000
v -7.370695 0.853334 -0.120000
v -7.455994 0.939605 0.120000
v -7.455994 0.939605 -0.120000
v -7.535999 1.026002 0.120000
v -7.535999 1.026002 -0.120000
v -7.587219 1.086182 0.120000
v -7.587219 1.086182 -0.120000
v -7.638514 1.150697 0.120000
v -7.638514 1.150697 -0.120000
v -7.689327 1.218752 0.120000
v -7.689327 1.218752 -0.120000
v -7.739111 1.289558 0.120000
v -7.739111 1.289558 -0.120000
v -7.787310 1.362320 0.120000
v -7.787310 1.362320 -0.120000
v -7.833374 1.436252 0.120000
v -7.833374 1.436252 -0.120000
v -7.876753 1.510559 0.120000
v -7.876753 1.510559 -0.120000
v -7.916889 1.584446 0.120000
v -7.916889 1.584446 -0.120000
v -7.953236 1.657127 0.120000
v -7.953236 1.657127 -0.120000
v -7.985237 1.727807 0.120000
v -7.985237 1.727807 -0.120000
v -8.012344 1.795697 0.120000
v -8.012344 1.795697 -0.120000
v -8.034000 1.860002 0.120000
v -8.034000 1.860002 -0.120000
v -7.990299 1.860002 0.120000
v -7.990299 1.860002 -0.120000
v -7.917126 1.860002 0.120000
v -7.917126 1.860002 -0.120000
v -7.820393 1.860002 0.120000
v -7.820393 1.860002 -0.120000
v -7.706001 1.860002 0.120000
v -7.706001 1.860002 -0.120000
v -7.579861 1.860002 0.120000
v -7.579861 1.860002 -0.120000
v -7.447876 1.860002 0.120000
v -7.447876 1.860002 -0.120000
v -7.315952 1.860002 0.120000
v -7.315952 1.860002 -0.120000
v -7.190001 1.860002 0.120000
v -7.190001 1.860002 -0.120000
v -7.075924 1.860002 0.120000
v -7.075924 1.860002 -0.120000
v -6.979626 1.860002 0.120000
v -6.979626 1.860002 -0.120000
v -6.907017 1.860002 0.120000
v -6.907017 1.860002 -0.120000
v -6.864000 1.860002 0.120000
v -6.864000 1.860002 -0.120000
v -6.836611 1.859765 0.120000
v -6.836611 1.859765 -0.120000
v -6.807386 1.859099 0.120000
v -6.807386 1.859099 -0.120000
v -6.777000 1.858079 0.120000
v -6.777000 1.858079 -0.120000
v -6.746109 1.856780 0.120000
v -6.746109 1.856780 -0.120000
v -6.715389 1.855271 0.120000
v -6.715389 1.855271 -0.120000
v -6.685499 1.853627 0.120000
v -6.685499 1.853627 -0.120000
v -6.657112 1.851920 0.120000
v -6.657112 1.851920 -0.120000
v -6.630888 1.850225 0.120000
v -6.630888 1.850225 -0.120000
v -6.607500 1.848611 0.120000
v -6.607500 1.848611 -0.120000
v -6.587610 1.847156 0.120000
v -6.587610 1.847156 -0.120000
v -6.571888 1.845926 0.120000
v -6.571888 1.845926 -0.120000
v -6.560999 1.845002 0.120000
v -6.560999 1.845002 -0.120000
v -6.560999 2.118002 0.120000
v -6.560999 2.118002 -0.120000
v -6.574066 2.116388 0.120000
v -6.574066 2.116388 -0.120000
v -6.591778 2.114585 0.120000
v -6.591778 2.114585 -0.120000
v -6.613407 2.112659 0.120000
v -6.613407 2.112659 -0.120000
v -6.638222 2.110670 0.120000
v -6.638222 2.110670 -0.120000
v -6.665495 2.108678 0.120000
v -6.665495 2.108678 -0.120000
v -6.694500 2.106752 0.120000
v -6.694500 2.106752 -0.120000
v -6.724503 2.104949 0.120000
v -6.724503 2.104949 -0.120000
v -6.754780 2.103335 0.120000
v -6.754780 2.103335 -0.120000
v -6.784592 2.101970 0.120000
v -6.784592 2.101970 -0.120000
v -6.813221 2.100920 0.120000
v -6.813221 2.100920 -0.120000
v -6.839933 2.100242 0.120000
v -6.839933 2.100242 -0.120000
v -6.864000 2.100002 0.120000
v -6.864000 2.100002 -0.120000
v -6.909872 2.100002 0.120000
v -6.909872 2.100002 -0.120000
v -6.983736 2.100002 0.120000
v -6.983736 2.100002 -0.120000
v -7.079952 2.100002 0.120000
v -7.079952 2.100002 -0.120000
v -7.192890 2.100002 0.120000
v -7.192890 2.100002 -0.120000
v -7.316910 2.100002 0.120000
v -7.316910 2.100002 -0.120000
v -7.446375 2.100002 0.120000
v -7.446375 2.100002 -0.120000
v -7.575653 2.100002 0.120000
v -7.575653 2.100002 -0.120000
v -7.699110 2.100002 0.120000
v -7.699110 2.100002 -0.120000
v -7.811110 2.100002 0.120000
v -7.811110 2.100002 -0.120000
v -7.906013 2.100002 0.120000
v -7.906013 2.100002 -0.120000
v -7.978188 2.100002 0.120000
v -7.978188 2.100002 -0.120000
v -8.021999 2.100002 0.120000
v -8.021999 2.100002 -0.120000
v -8.046307 2.100188 0.120000
v -8.046307 2.100188 -0.120000
v -8.069708 2.100737 0.120000
v -8.069708 2.100737 -0.120000
v -8.092173 2.101643 0.120000
v -8.092173 2.101643 -0.120000
v -8.113668 2.102891 0.120000
v -8.113668 2.102891 -0.120000
v -8.134161 2.104472 0.120000
v -8.134161 2.104472 -0.120000
v -8.153625 2.106377 0.120000
v -8.153625 2.106377 -0.120000
v -8.172028 2.108594 0.120000
v -8.172028 2.108594 -0.120000
v -8.189333 2.111114 0.120000
v -8.189333 2.111114 -0.120000
v -8.205515 2.113925 0.120000
v -8.205515 2.113925 -0.120000
v -8.220539 2.117015 0.120000
v -8.220539 2.117015 -0.120000
v -8.234379 2.120378 0.120000
v -8.234379 2.120378 -0.120000
v -8.247000 2.124002 0.120000
v -8.247000 2.124002 -0.120000
v -8.400002 2.007002 0.120000
v -8.400002 2.007002 -0.120000
v -8.395090 2.000165 0.120000
v -8.395090 2.000165 -0.120000
v -8.389446 1.991807 0.120000
v -8.389446 1.991807 -0.120000
v -8.383221 1.982159 0.120000
v -8.383221 1.982159 -0.120000
v -8.376556 1.971446 0.120000
v -8.376556 1.971446 -0.120000
v -8.369600 1.959902 0.120000
v -8.369600 1.959902 -0.120000
v -8.362499 1.947752 0.120000
v -8.362499 1.947752 -0.120000
v -8.355398 1.935227 0.120000
v -8.355398 1.935227 -0.120000
v -8.348446 1.922558 0.120000
v -8.348446 1.922558 -0.120000
v -8.341782 1.909970 0.120000
v -8.341782 1.909970 -0.120000
v -8.335558 1.897697 0.120000
v -8.335558 1.897697 -0.120000
v -8.329914 1.885964 0.120000
v -8.329914 1.885964 -0.120000
v -8.325001 1.875002 0.120000
v -8.325001 1.875002 -0.120000
v -10.010868 2.032010 0.120000
v -10.010868 2.032010 -0.120000
v -10.010469 2.055821 0.120000
v -10.010469 2.055821 -0.120000
v -10.009779 2.081111 0.120000
v -10.009779 2.081111 -0.120000
v -10.008774 2.107556 0.120000
v -10.008774 2.107556 -0.120000
v -10.007439 2.134838 0.120000
v -10.007439 2.134838 -0.120000
v -10.005747 2.162627 0.120000
v -10.005747 2.162627 -0.120000
v -10.003683 2.190605 0.120000
v -10.003683 2.190605 -0.120000
v -10.001221 2.218445 0.120000
v -10.001221 2.218445 -0.120000
v -9.998343 2.245829 0.120000
v -9.998343 2.245829 -0.120000
v -9.995028 2.272433 0.120000
v -9.995028 2.272433 -0.120000
v -9.991255 2.297930 0.120000
v -9.991255 2.297930 -0.120000
v -9.987000 2.322002 0.120000
v -9.987000 2.322002 -0.120000
v -10.281000 2.322002 0.120000
v -10.281000 2.322002 -0.120000
v -10.278696 2.298047 0.120000
v -10.278696 2.298047 -0.120000
v -10.276320 2.272850 0.120000
v -10.276320 2.272850 -0.120000
v -10.273924 2.246675 0.120000
v -10.273924 2.246675 -0.120000
v -10.271557 2.219780 0.120000
v -10.271557 2.219780 -0.120000
v -10.269272 2.192426 0.120000
v -10.269272 2.192426 -0.120000
v -10.267126 2.164877 0.120000
v -10.267126 2.164877 -0.120000
v -10.265165 2.137388 0.120000
v -10.265165 2.137388 -0.120000
v -10.263443 2.110223 0.120000
v -10.263443 2.110223 -0.120000
v -10.262016 2.083643 0.120000
v -10.262016 2.083643 -0.120000
v -10.260929 2.057906 0.120000
v -10.260929 2.057906 -0.120000
v -10.260242 2.033270 0.120000
v -10.260242 2.033270 -0.120000
v -10.260000 2.010002 0.120000
v -10.260000 2.010002 -0.120000
v -10.260000 1.521002 0.120000
v -10.260000 1.521002 -0.120000
v -10.362377 1.489091 0.120000
v -10.362377 1.489091 -0.120000
v -10.470512 1.453709 0.120000
v -10.470512 1.453709 -0.120000
v -10.582922 1.415393 0.120000
v -10.582922 1.415393 -0.120000
v -10.698112 1.374668 0.120000
v -10.698112 1.374668 -0.120000
v -10.814592 1.332071 0.120000
v -10.814592 1.332071 -0.120000
v -10.930874 1.288127 0.120000
v -10.930874 1.288127 -0.120000
v -11.045473 1.243373 0.120000
v -11.045473 1.243373 -0.120000
v -11.156889 1.198334 0.120000
v -11.156889 1.198334 -0.120000
v -11.263641 1.153550 0.120000
v -11.263641 1.153550 -0.120000
v -11.364237 1.109543 0.120000
v -11.364237 1.109543 -0.120000
v -11.457188 1.066850 0.120000
v -11.457188 1.066850 -0.120000
v -11.541000 1.026002 0.120000
v -11.541000 1.026002 -0.120000
v -11.439001 0.771002 0.120000
v -11.439001 0.771002 -0.120000
v -11.353470 0.815684 0.120000
v -11.353470 0.815684 -0.120000
v -11.261250 0.860945 0.120000
v -11.261250 0.860945 -0.120000
v -11.163658 0.906377 0.120000
v -11.163658 0.906377 -0.120000
v -11.062002 0.951557 0.120000
v -11.062002 0.951557 -0.120000
v -10.957596 0.996071 0.120000
v -10.957596 0.996071 -0.120000
v -10.851749 1.039502 0.120000
v -10.851749 1.039502 -0.120000
v -10.745781 1.081433 0.120000
v -10.745781 1.081433 -0.120000
v -10.640999 1.121447 0.120000
v -10.640999 1.121447 -0.120000
v -10.538721 1.159127 0.120000
v -10.538721 1.159127 -0.120000
v -10.440248 1.194059 0.120000
v -10.440248 1.194059 -0.120000
v -10.346907 1.225820 0.120000
v -10.346907 1.225820 -0.120000
v -10.260000 1.254002 0.120000
v -10.260000 1.254002 -0.120000
v -10.263000 0.264002 0.120000
v -10.263000 0.264002 -0.120000
v -10.263123 0.239390 0.120000
v -10.263123 0.239390 -0.120000
v -10.263498 0.212363 0.120000
v -10.263498 0.212363 -0.120000
v -10.264124 0.183377 0.120000
v -10.264124 0.183377 -0.120000
v -10.265001 0.152891 0.120000
v -10.265001 0.152891 -0.120000
v -10.266123 0.121364 0.120000
v -10.266123 0.121364 -0.120000
v -10.267500 0.089252 0.120000
v -10.267500 0.089252 -0.120000
v -10.269123 0.057017 0.120000
v -10.269123 0.057017 -0.120000
v -10.270998 0.025112 0.120000
v -10.270998 0.025112 -0.120000
v -10.273125 -0.005998 0.120000
v -10.273125 -0.005998 -0.120000
v -10.275501 -0.035860 0.120000
v -10.275501 -0.035860 -0.120000
v -10.278126 -0.064012 0.120000
v -10.278126 -0.064012 -0.120000
v -10.281000 -0.089998 0.120000
v -10.281000 -0.089998 -0.120000
v -9.990000 -0.089998 0.120000
v -9.990000 -0.089998 -0.120000
v -9.993561 -0.064987 0.120000
v -9.993561 -0.064987 -0.120000
v -9.996761 -0.038152 0.120000
v -9.996761 -0.038152 -0.120000
v -9.999605 -0.009796 0.120000
v -9.999605 -0.009796 -0.120000
v -10.002108 0.019781 0.120000
v -10.002108 0.019781 -0.120000
v -10.004278 0.050270 0.120000
v -10.004278 0.050270 -0.120000
v -10.006123 0.081377 0.120000
v -10.006123 0.081377 -0.120000
v -10.007658 0.112796 0.120000
v -10.007658 0.112796 -0.120000
v -10.008888 0.144224 0.120000
v -10.008888 0.144224 -0.120000
v -10.009827 0.175361 0.120000
v -10.009827 0.175361 -0.120000
v -10.010485 0.205904 0.120000
v -10.010485 0.205904 -0.120000
v -10.010872 0.235553 0.120000
v -10.010872 0.235553 -0.120000
v -10.011000 0.264002 0.120000
v -10.011000 0.264002 -0.120000
v -10.011000 0.328835 0.120000
v -10.011000 0.328835 -0.120000
v -10.011000 0.434168 0.120000
v -10.011000 0.434168 -0.120000
v -10.011000 0.572252 0.120000
v -10.011000 0.572252 -0.120000
v -10.011000 0.735335 0.120000
v -10.011000 0.735335 -0.120000
v -10.011000 0.915668 0.120000
v -10.011000 0.915668 -0.120000
v -10.011000 1.105502 0.120000
v -10.011000 1.105502 -0.120000
v -10.011000 1.297085 0.120000
v -10.011000 1.297085 -0.120000
v -10.011000 1.482668 0.120000
v -10.011000 1.482668 -0.120000
v -10.011000 1.654502 0.120000
v -10.011000 1.654502 -0.120000
v -10.011000 1.804835 0.120000
v -10.011000 1.804835 -0.120000
v -10.011000 1.925918 0.120000
v -10.011000 1.925918 -0.120000
v -10.011000 2.010002 0.120000
v -10.011000 2.010002 -0.120000
vn -0.0000 -0.0000 -1.0000
vn -0.0000 -0.0001 -1.0000
vn -0.0000 -0.0000 1.0000
vn -0.0000 0.0001 -1.0000
vn -0.0000 -0.0001 1.0000
vn -0.0000 0.0001 1.0000
vn 0.3378 -0.9412 -0.0000
vn 0.8871 -0.4616 -0.0000
vn 0.8843 -0.4670 -0.0000
vn 0.8815 -0.4721 -0.0000
vn 0.8787 -0.4774 -0.0000
vn 0.8757 -0.4829 -0.0000
vn 0.8724 -0.4889 -0.0000
vn 0.8686 -0.4956 -0.0000
vn 0.8641 -0.5033 -0.0000
vn 0.8587 -0.5124 -0.0000
vn 0.8520 -0.5235 -0.0000
vn 0.8433 -0.5375 -0.0000
vn 0.9576 0.2882 -0.0000
vn -0.2849 0.9586 -0.0000
vn -0.8390 0.5441 -0.0000
vn -0.8468 0.5319 -0.0000
vn -0.8525 0.5227 -0.0000
vn -0.8569 0.5155 -0.0000
vn -0.8604 0.5096 -0.0000
vn -0.8633 0.5047 -0.0000
vn -0.8657 0.5005 -0.0000
vn -0.8679 0.4968 -0.0000
vn -0.8698 0.4934 -0.0000
vn -0.8716 0.4902 -0.0000
vn -0.8734 0.4870 -0.0000
vn -0.9462 -0.3236 -0.0000
vn 0.3186 -0.9479 -0.0000
vn 0.8742 -0.4855 -0.0000
vn 0.8713 -0.4907 -0.0000
vn 0.8683 -0.4961 -0.0000
vn 0.8649 -0.5019 -0.0000
vn 0.8612 -0.5082 -0.0000
vn 0.8570 -0.5153 -0.0000
vn 0.8521 -0.5233 -0.0000
vn 0.8463 -0.5326 -0.0000
vn 0.8393 -0.5436 -0.0000
vn 0.8306 -0.5569 -0.0000
vn 0.8193 -0.5733 -0.0000
vn 0.9650 0.2624 -0.0000
vn -0.2609 0.9654 -0.0000
vn -0.8178 0.5755 -0.0000
vn -0.8291 0.5591 -0.0000
vn -0.8376 0.5462 -0.0000
vn -0.8445 0.5355 -0.0000
vn -0.8503 0.5264 -0.0000
vn -0.8553 0.5181 -0.0000
vn -0.8599 0.5104 -0.0000
vn -0.8644 0.5028 -0.0000
vn -0.8689 0.4950 -0.0000
vn -0.8737 0.4865 -0.0000
vn -0.8791 0.4767 -0.0000
vn -0.9457 -0.3249 -0.0000
vn -0.6473 -0.7622 -0.0000
vn -0.6410 -0.7675 -0.0000
vn -0.6368 -0.7710 -0.0000
vn -0.6340 -0.7733 -0.0000
vn -0.6323 -0.7748 -0.0000
vn -0.6314 -0.7755 -0.0000
vn -0.6313 -0.7755 -0.0000
vn -0.6321 -0.7749 -0.0000
vn -0.6337 -0.7736 -0.0000
vn -0.6366 -0.7712 -0.0000
vn -0.6410 -0.7676 -0.0000
vn -0.6483 -0.7614 -0.0000
vn -0.6703 -0.7421 -0.0000
vn -0.7155 -0.6986 -0.0000
vn -0.7841 -0.6206 -0.0000
vn -0.8744 -0.4852 -0.0000
vn -0.9631 -0.2692 -0.0000
vn -0.9999 0.0141 -0.0000
vn -0.9563 0.2925 -0.0000
vn -0.8665 0.4991 -0.0000
vn -0.7786 0.6275 -0.0000
vn -0.7123 0.7019 -0.0000
vn -0.6680 0.7442 -0.0000
vn -0.6408 0.7677 -0.0000
vn -0.6311 0.7757 -0.0000
vn -0.6323 0.7748 -0.0000
vn -0.6344 0.7730 -0.0000
vn -0.6374 0.7706 -0.0000
vn -0.6412 0.7674 -0.0000
vn -0.6459 0.7634 -0.0000
vn -0.6517 0.7585 -0.0000
vn -0.6587 0.7524 -0.0000
vn -0.6673 0.7448 -0.0000
vn -0.6778 0.7352 -0.0000
vn -0.6910 0.7228 -0.0000
vn -0.9999 -0.0121 -0.0000
vn 0.0495 -0.9988 -0.0000
vn 0.7473 -0.6645 -0.0000
vn 0.7423 -0.6701 -0.0000
vn 0.7377 -0.6752 -0.0000
vn 0.7333 -0.6799 -0.0000
vn 0.7292 -0.6843 -0.0000
vn 0.7254 -0.6883 -0.0000
vn 0.7218 -0.6921 -0.0000
vn 0.7185 -0.6955 -0.0000
vn 0.7153 -0.6988 -0.0000
vn 0.7124 -0.7018 -0.0000
vn 0.7097 -0.7045 -0.0000
vn 0.7060 -0.7082 -0.0000
vn 0.6969 -0.7171 -0.0000
vn 0.6854 -0.7282 -0.0000
vn 0.6766 -0.7363 -0.0000
vn 0.6696 -0.7427 -0.0000
vn 0.6639 -0.7478 -0.0000
vn 0.6589 -0.7522 -0.0000
vn 0.6545 -0.7560 -0.0000
vn 0.6505 -0.7595 -0.0000
vn 0.6466 -0.7629 -0.0000
vn 0.6426 -0.7662 -0.0000
vn 0.6384 -0.7697 -0.0000
vn 0.6512 -0.7589 -0.0000
vn 0.6945 -0.7195 -0.0000
vn 0.7589 -0.6512 -0.0000
vn 0.8379 -0.5459 -0.0000
vn 0.9214 -0.3885 -0.0000
vn 0.9847 -0.1744 -0.0000
vn 0.9974 0.0724 -0.0000
vn 0.9529 0.3032 -0.0000
vn 0.8764 0.4816 -0.0000
vn 0.7974 0.6034 -0.0000
vn 0.7314 0.6819 -0.0000
vn 0.6818 0.7315 -0.0000
vn 0.6486 0.7611 -0.0000
vn 0.6348 0.7726 -0.0000
vn 0.6333 0.7739 -0.0000
vn 0.6346 0.7728 -0.0000
vn 0.6371 0.7708 -0.0000
vn 0.6407 0.7677 -0.0000
vn 0.6458 0.7635 -0.0000
vn 0.6525 0.7578 -0.0000
vn 0.6614 0.7500 -0.0000
vn 0.6734 0.7393 -0.0000
vn 0.6900 0.7238 -0.0000
vn 0.7049 0.7093 -0.0000
vn 0.7132 0.7009 -0.0000
vn 0.7197 0.6943 -0.0000
vn 0.7268 0.6869 -0.0000
vn 0.7346 0.6785 -0.0000
vn 0.7433 0.6689 -0.0000
vn 0.7533 0.6577 -0.0000
vn 0.7649 0.6442 -0.0000
vn 0.7784 0.6278 -0.0000
vn 0.7944 0.6073 -0.0000
vn 0.8138 0.5812 -0.0000
vn 0.8375 0.5465 -0.0000
vn 0.1469 0.9891 -0.0000
vn -0.9998 -0.0196 -0.0000
vn -0.6320 -0.7750 -0.0000
vn -0.6342 -0.7732 -0.0000
vn -0.6358 -0.7718 -0.0000
vn -0.6371 -0.7708 -0.0000
vn -0.6380 -0.7700 -0.0000
vn -0.6386 -0.7695 -0.0000
vn -0.6390 -0.7692 -0.0000
vn -0.6391 -0.7692 -0.0000
vn -0.6389 -0.7693 -0.0000
vn -0.6383 -0.7698 -0.0000
vn -0.6373 -0.7706 -0.0000
vn -0.6439 -0.7651 -0.0000
vn -0.1075 -0.9942 -0.0000
vn -0.2151 -0.9766 -0.0000
vn -0.3219 -0.9468 -0.0000
vn -0.4270 -0.9042 -0.0000
vn -0.5299 -0.8481 -0.0000
vn -0.6294 -0.7770 -0.0000
vn -0.7240 -0.6898 -0.0000
vn -0.8112 -0.5848 -0.0000
vn -0.8873 -0.4613 -0.0000
vn -0.9474 -0.3199 -0.0000
vn -0.9865 -0.1640 -0.0000
vn -1.0000 0.0069 -0.0000
vn -0.9807 0.1954 -0.0000
vn -0.9229 0.3849 -0.0000
vn -0.8334 0.5527 -0.0000
vn -0.7251 0.6886 -0.0000
vn -0.6110 0.7916 -0.0000
vn -0.5001 0.8660 -0.0000
vn -0.3968 0.9179 -0.0000
vn -0.3025 0.9531 -0.0000
vn -0.2168 0.9762 -0.0000
vn -0.1387 0.9903 -0.0000
vn -0.0669 0.9978 -0.0000
vn -0.0133 0.9999 -0.0000
vn 0.0117 0.9999 -0.0000
vn 0.0235 0.9997 -0.0000
vn 0.0357 0.9994 -0.0000
vn 0.0482 0.9988 -0.0000
vn 0.0609 0.9981 -0.0000
vn 0.0739 0.9973 -0.0000
vn 0.0872 0.9962 -0.0000
vn 0.1008 0.9949 -0.0000
vn 0.1147 0.9934 -0.0000
vn 0.1289 0.9917 -0.0000
vn 0.1433 0.9897 -0.0000
vn 0.8045 0.5940 -0.0000
vn 0.9808 -0.1951 -0.0000
vn 0.9563 -0.2923 -0.0000
vn 0.9199 -0.3923 -0.0000
vn 0.8698 -0.4935 -0.0000
vn 0.8045 -0.5939 -0.0000
vn 0.7232 -0.6906 -0.0000
vn 0.6258 -0.7800 -0.0000
vn 0.5139 -0.8579 -0.0000
vn 0.3905 -0.9206 -0.0000
vn 0.2604 -0.9655 -0.0000
vn 0.1288 -0.9917 -0.0000
vn 0.0048 -1.0000 -0.0000
vn 0.0147 0.9999 -0.0000
vn 0.0224 0.9997 -0.0000
vn 0.0270 0.9996 -0.0000
vn 0.0304 0.9995 -0.0000
vn 0.0333 0.9994 -0.0000
vn 0.0362 0.9993 -0.0000
vn 0.0392 0.9992 -0.0000
vn 0.0429 0.9991 -0.0000
vn 0.0478 0.9989 -0.0000
vn 0.0551 0.9985 -0.0000
vn 0.0684 0.9977 -0.0000
vn 0.0747 0.9972 -0.0000
vn 0.0787 0.9969 -0.0000
vn 0.0920 0.9958 -0.0000
vn 0.1066 0.9943 -0.0000
vn 0.1229 0.9924 -0.0000
vn 0.1406 0.9901 -0.0000
vn 0.1597 0.9872 -0.0000
vn 0.1804 0.9836 -0.0000
vn 0.2021 0.9794 -0.0000
vn 0.2244 0.9745 -0.0000
vn 0.2466 0.9691 -0.0000
vn 0.2680 0.9634 -0.0000
vn -0.3045 0.9525 -0.0000
vn -0.9903 -0.1389 -0.0000
vn -0.5798 -0.8148 -0.0000
vn -0.5757 -0.8176 -0.0000
vn -0.5738 -0.8190 -0.0000
vn -0.5795 -0.8150 -0.0000
vn -0.5852 -0.8109 -0.0000
vn -0.5928 -0.8054 -0.0000
vn -0.6019 -0.7985 -0.0000
vn -0.6130 -0.7901 -0.0000
vn -0.6260 -0.7798 -0.0000
vn -0.6234 -0.7819 -0.0000
vn -0.6196 -0.7849 -0.0000
vn -0.6286 -0.7777 -0.0000
vn -0.6341 -0.7732 -0.0000
vn -0.6378 -0.7702 -0.0000
vn -0.6403 -0.7681 -0.0000
vn -0.6420 -0.7667 -0.0000
vn -0.6430 -0.7658 -0.0000
vn -0.6436 -0.7654 -0.0000
vn -0.6436 -0.7653 -0.0000
vn -0.6432 -0.7657 -0.0000
vn -0.8746 0.4848 -0.0000
vn 0.2937 0.9559 -0.0000
vn 0.2597 0.9657 -0.0000
vn 0.2272 0.9739 -0.0000
vn 0.1960 0.9806 -0.0000
vn 0.1662 0.9861 -0.0000
vn 0.1380 0.9904 -0.0000
vn 0.1113 0.9938 -0.0000
vn 0.0861 0.9963 -0.0000
vn 0.0624 0.9980 -0.0000
vn 0.0402 0.9992 -0.0000
vn 0.0195 0.9998 -0.0000
vn -0.0205 0.9998 -0.0000
vn -0.1026 0.9947 -0.0000
vn -0.2083 0.9781 -0.0000
vn -0.3164 0.9486 -0.0000
vn -0.4254 0.9050 -0.0000
vn -0.5338 0.8456 -0.0000
vn -0.6389 0.7693 -0.0000
vn -0.7377 0.6751 -0.0000
vn -0.8262 0.5634 -0.0000
vn -0.9001 0.4358 -0.0000
vn -0.9553 0.2958 -0.0000
vn -0.9889 0.1486 -0.0000
vn -1.0000 0.0021 -0.0000
vn -0.9898 -0.1427 -0.0000
vn -0.9570 -0.2901 -0.0000
vn -0.9000 -0.4359 -0.0000
vn -0.8203 -0.5720 -0.0000
vn -0.7226 -0.6913 -0.0000
vn -0.6137 -0.7896 -0.0000
vn -0.5003 -0.8659 -0.0000
vn -0.3880 -0.9217 -0.0000
vn -0.2804 -0.9599 -0.0000
vn -0.1796 -0.9837 -0.0000
vn -0.0864 -0.9963 -0.0000
vn -0.0025 -1.0000 -0.0000
vn 0.0761 -0.9971 -0.0000
vn 0.1580 -0.9874 -0.0000
vn 0.2470 -0.9690 -0.0000
vn 0.3434 -0.9392 -0.0000
vn 0.4468 -0.8946 -0.0000
vn 0.5555 -0.8315 -0.0000
vn 0.6662 -0.7458 -0.0000
vn 0.7728 -0.6347 -0.0000
vn 0.8671 -0.4981 -0.0000
vn 0.9403 -0.3405 -0.0000
vn 0.9853 -0.1710 -0.0000
vn 1.0000 -0.0055 -0.0000
vn 0.9893 0.1461 -0.0000
vn 0.9577 0.2879 -0.0000
vn 0.9069 0.4213 -0.0000
vn 0.8394 0.5435 -0.0000
vn 0.7577 0.6527 -0.0000
vn 0.6643 0.7474 -0.0000
vn 0.5620 0.8271 -0.0000
vn 0.4531 0.8914 -0.0000
vn 0.3402 0.9404 -0.0000
vn 0.2256 0.9742 -0.0000
vn 0.1115 0.9938 -0.0000
vn -0.0003 1.0000 -0.0000
vn -0.1143 0.9934 -0.0000
vn -0.2341 0.9722 -0.0000
vn -0.3565 0.9343 -0.0000
vn -0.4765 0.8792 -0.0000
vn -0.5892 0.8080 -0.0000
vn -0.6903 0.7235 -0.0000
vn -0.7771 0.6294 -0.0000
vn -0.8483 0.5296 -0.0000
vn -0.9041 0.4273 -0.0000
vn -0.9457 0.3250 -0.0000
vn -0.9745 0.2243 -0.0000
vn -0.4743 0.8804 -0.0000
vn 0.4327 0.9016 -0.0000
vn 0.5067 0.8621 -0.0000
vn 0.5830 0.8125 -0.0000
vn 0.6595 0.7517 -0.0000
vn 0.7339 0.6793 -0.0000
vn 0.8032 0.5957 -0.0000
vn 0.8645 0.5027 -0.0000
vn 0.9153 0.4028 -0.0000
vn 0.9541 0.2994 -0.0000
vn 0.9806 0.1959 -0.0000
vn 0.9954 0.0956 -0.0000
vn 0.9999 -0.0168 -0.0000
vn 0.9870 -0.1606 -0.0000
vn 0.9483 -0.3174 -0.0000
vn 0.8865 -0.4628 -0.0000
vn 0.8063 -0.5915 -0.0000
vn 0.7133 -0.7008 -0.0000
vn 0.6127 -0.7903 -0.0000
vn 0.5084 -0.8611 -0.0000
vn 0.4032 -0.9151 -0.0000
vn 0.2989 -0.9543 -0.0000
vn 0.1965 -0.9805 -0.0000
vn 0.0968 -0.9953 -0.0000
vn 0.0055 -1.0000 -0.0000
vn -0.0767 -0.9971 -0.0000
vn -0.1602 -0.9871 -0.0000
vn -0.2486 -0.9686 -0.0000
vn -0.3373 -0.9414 -0.0000
vn -0.4214 -0.9069 -0.0000
vn -0.4966 -0.8680 -0.0000
vn -0.5603 -0.8283 -0.0000
vn -0.6115 -0.7912 -0.0000
vn -0.6509 -0.7592 -0.0000
vn -0.6797 -0.7335 -0.0000
vn -0.6994 -0.7147 -0.0000
vn 0.0085 -1.0000 -0.0000
vn 0.9983 0.0575 -0.0000
vn 0.6354 0.7722 -0.0000
vn 0.6368 0.7710 -0.0000
vn 0.6379 0.7701 -0.0000
vn 0.6388 0.7694 -0.0000
vn 0.6396 0.7687 -0.0000
vn 0.6404 0.7681 -0.0000
vn 0.6411 0.7675 -0.0000
vn 0.6417 0.7669 -0.0000
vn 0.6424 0.7663 -0.0000
vn 0.6432 0.7657 -0.0000
vn 0.6442 0.7649 -0.0000
vn 0.6404 0.7680 -0.0000
vn 0.6373 0.7707 -0.0000
vn 0.6392 0.7691 -0.0000
vn 0.6407 0.7678 -0.0000
vn 0.6420 0.7667 -0.0000
vn 0.6433 0.7656 -0.0000
vn 0.6446 0.7645 -0.0000
vn 0.6460 0.7633 -0.0000
vn 0.6477 0.7619 -0.0000
vn 0.6497 0.7601 -0.0000
vn 0.6524 0.7579 -0.0000
vn 0.6562 0.7546 -0.0000
vn 0.9290 -0.3701 -0.0000
vn -0.0406 -0.9992 -0.0000
vn -0.0422 -0.9991 -0.0000
vn -0.0433 -0.9991 -0.0000
vn -0.0441 -0.9990 -0.0000
vn -0.0448 -0.9990 -0.0000
vn -0.0454 -0.9990 -0.0000
vn -0.0461 -0.9989 -0.0000
vn -0.0469 -0.9989 -0.0000
vn -0.0480 -0.9988 -0.0000
vn -0.0495 -0.9988 -0.0000
vn -0.0520 -0.9986 -0.0000
vn -0.0514 -0.9987 -0.0000
vn -0.0526 -0.9986 -0.0000
vn -0.0599 -0.9982 -0.0000
vn -0.0671 -0.9977 -0.0000
vn -0.0744 -0.9972 -0.0000
vn -0.0819 -0.9966 -0.0000
vn -0.0896 -0.9960 -0.0000
vn -0.0974 -0.9952 -0.0000
vn -0.1055 -0.9944 -0.0000
vn -0.1139 -0.9935 -0.0000
vn -0.1227 -0.9924 -0.0000
vn -0.1319 -0.9913 -0.0000
vn 0.6433 -0.7656 -0.0000
vn 0.6766 0.7364 -0.0000
vn -0.1122 0.9937 -0.0000
vn -0.0970 0.9953 -0.0000
vn -0.0835 0.9965 -0.0000
vn -0.0714 0.9974 -0.0000
vn -0.0606 0.9982 -0.0000
vn -0.0506 0.9987 -0.0000
vn -0.0413 0.9991 -0.0000
vn -0.0326 0.9995 -0.0000
vn -0.0243 0.9997 -0.0000
vn -0.0163 0.9999 -0.0000
vn -0.0082 1.0000 -0.0000
vn 0.0028 1.0000 -0.0000
vn 0.3187 -0.9479 -0.0000
vn 0.8570 -0.5152 -0.0000
vn 0.8193 -0.5734 -0.0000
vn -0.6365 -0.7712 -0.0000
vn -0.6374 0.7705 -0.0000
vn 0.7423 -0.6700 -0.0000
vn 0.6944 -0.7195 -0.0000
vn 0.8379 -0.5458 -0.0000
vn -0.9474 -0.3200 -0.0000
vn -0.9865 -0.1641 -0.0000
vn -0.9230 0.3849 -0.0000
vn -0.7251 0.6887 -0.0000
vn 0.9199 -0.3922 -0.0000
vn 0.2677 0.9635 -0.0000
vn -0.5758 -0.8176 -0.0000
vn -0.0834 0.9965 -0.0000
vn 0.3388 -0.9409 -0.0000
vn 0.8925 -0.4510 -0.0000
vn 0.8868 -0.4622 -0.0000
vn 0.8815 -0.4722 -0.0000
vn 0.8763 -0.4818 -0.0000
vn 0.8711 -0.4910 -0.0000
vn 0.8658 -0.5004 -0.0000
vn 0.8600 -0.5102 -0.0000
vn 0.8537 -0.5208 -0.0000
vn 0.8465 -0.5324 -0.0000
vn 0.8380 -0.5456 -0.0000
vn 0.8277 -0.5611 -0.0000
vn 0.9595 0.2818 -0.0000
vn -0.2797 0.9601 -0.0000
vn -0.8240 0.5665 -0.0000
vn -0.8325 0.5541 -0.0000
vn -0.8396 0.5432 -0.0000
vn -0.8458 0.5335 -0.0000
vn -0.8516 0.5242 -0.0000
vn -0.8571 0.5151 -0.0000
vn -0.8627 0.5057 -0.0000
vn -0.8684 0.4958 -0.0000
vn -0.8816 0.4720 -0.0000
vn -0.8896 0.4568 -0.0000
vn -0.9415 -0.3371 -0.0000
vn 0.3349 -0.9423 -0.0000
vn 0.8891 -0.4577 -0.0000
vn 0.8837 -0.4680 -0.0000
vn 0.8783 -0.4780 -0.0000
vn 0.8727 -0.4883 -0.0000
vn 0.8667 -0.4989 -0.0000
vn 0.8601 -0.5101 -0.0000
vn 0.8529 -0.5221 -0.0000
vn 0.8447 -0.5353 -0.0000
vn 0.8352 -0.5499 -0.0000
vn 0.8241 -0.5664 -0.0000
vn 0.8108 -0.5853 -0.0000
vn 0.9638 0.2665 -0.0000
vn -0.2699 0.9629 -0.0000
vn -0.8137 0.5813 -0.0000
vn -0.8246 0.5657 -0.0000
vn -0.8333 0.5529 -0.0000
vn -0.8405 0.5418 -0.0000
vn -0.8579 0.5138 -0.0000
vn -0.8632 0.5048 -0.0000
vn -0.8687 0.4953 -0.0000
vn -0.8747 0.4846 -0.0000
vn -0.9446 -0.3282 -0.0000
vn -0.8541 0.5202 -0.0000
vn -0.9648 -0.2629 -0.0000
vn -0.9651 -0.2618 -0.0000
vn -0.9657 -0.2596 -0.0000
vn -0.9666 -0.2564 -0.0000
vn -0.9677 -0.2522 -0.0000
vn -0.9691 -0.2468 -0.0000
vn -0.9707 -0.2402 -0.0000
vn -0.9727 -0.2319 -0.0000
vn -0.9750 -0.2223 -0.0000
vn -0.9776 -0.2105 -0.0000
vn -0.9806 -0.1961 -0.0000
vn -0.9787 -0.2054 -0.0000
vn -0.9743 -0.2251 -0.0000
vn -0.9730 -0.2308 -0.0000
vn -0.9714 -0.2375 -0.0000
vn -0.9695 -0.2452 -0.0000
vn -0.9672 -0.2541 -0.0000
vn -0.9644 -0.2645 -0.0000
vn -0.9610 -0.2765 -0.0000
vn -0.9568 -0.2906 -0.0000
vn -0.9516 -0.3073 -0.0000
vn -0.9449 -0.3273 -0.0000
vn -0.9361 -0.3517 -0.0000
vn -0.9276 -0.3736 -0.0000
vn -0.9205 -0.3906 -0.0000
vn -0.9133 -0.4073 -0.0000
vn -0.9060 -0.4233 -0.0000
vn -0.8986 -0.4388 -0.0000
vn -0.8909 -0.4542 -0.0000
vn -0.8829 -0.4695 -0.0000
vn -0.8744 -0.4851 -0.0000
vn -0.8654 -0.5011 -0.0000
vn -0.8556 -0.5177 -0.0000
vn -0.8447 -0.5352 -0.0000
vn -0.8327 -0.5538 -0.0000
vn -0.2820 -0.9594 -0.0000
vn 0.9644 -0.2646 -0.0000
vn 0.8133 0.5818 -0.0000
vn 0.8282 0.5604 -0.0000
vn 0.8413 0.5405 -0.0000
vn 0.8531 0.5217 -0.0000
vn 0.8638 0.5039 -0.0000
vn 0.8735 0.4868 -0.0000
vn 0.8826 0.4701 -0.0000
vn 0.8912 0.4536 -0.0000
vn 0.8994 0.4372 -0.0000
vn 0.9074 0.4204 -0.0000
vn 0.9152 0.4030 -0.0000
vn 0.9237 0.3831 -0.0000
vn 0.9329 0.3602 -0.0000
vn 0.9414 0.3374 -0.0000
vn 0.9486 0.3165 -0.0000
vn 0.9549 0.2968 -0.0000
vn 0.9607 0.2777 -0.0000
vn 0.9660 0.2585 -0.0000
vn 0.9711 0.2389 -0.0000
vn 0.9759 0.2182 -0.0000
vn 0.9852 0.1712 -0.0000
vn 0.9897 0.1432 -0.0000
vn 0.5778 0.8162 -0.0000
vn -0.3673 0.9301 -0.0000
vn -0.8831 0.4692 -0.0000
vn -0.8900 0.4559 -0.0000
vn -0.8955 0.4452 -0.0000
vn -0.9000 0.4359 -0.0000
vn -0.9040 0.4276 -0.0000
vn -0.9076 0.4198 -0.0000
vn -0.9110 0.4123 -0.0000
vn -0.9144 0.4048 -0.0000
vn -0.9178 0.3970 -0.0000
vn -0.9215 0.3885 -0.0000
vn -0.9254 0.3790 -0.0000
vn -0.9270 0.3751 -0.0000
vn -0.9288 0.3706 -0.0000
vn -0.9328 0.3604 -0.0000
vn -0.9361 0.3516 -0.0000
vn -0.9390 0.3439 -0.0000
vn -0.9416 0.3368 -0.0000
vn -0.9440 0.3299 -0.0000
vn -0.9463 0.3232 -0.0000
vn -0.9487 0.3162 -0.0000
vn -0.9512 0.3086 -0.0000
vn -0.9539 0.3000 -0.0000
vn -0.9571 0.2899 -0.0000
vn -0.8852 -0.4651 -0.0000
vn 0.4820 -0.8762 -0.0000
vn 0.9668 -0.2554 -0.0000
vn 0.9627 -0.2705 -0.0000
vn 0.9590 -0.2835 -0.0000
vn 0.9555 -0.2951 -0.0000
vn 0.9522 -0.3054 -0.0000
vn 0.9491 -0.3149 -0.0000
vn 0.9461 -0.3238 -0.0000
vn 0.9432 -0.3323 -0.0000
vn 0.9373 -0.3486 -0.0000
vn 0.9342 -0.3569 -0.0000
vn 0.9315 -0.3638 -0.0000
vn 0.9287 -0.3707 -0.0000
vn 0.9254 -0.3790 -0.0000
vn 0.9221 -0.3870 -0.0000
vn 0.9187 -0.3950 -0.0000
vn 0.9150 -0.4035 -0.0000
vn 0.9109 -0.4126 -0.0000
vn 0.9063 -0.4227 -0.0000
vn 0.9008 -0.4342 -0.0000
vn 0.8941 -0.4478 -0.0000
vn 0.8856 -0.4644 -0.0000
vn 0.8744 -0.4852 -0.0000
vn 0.9343 0.3565 -0.0000
vn -0.0000 1.0000 -0.0000
vn 0.0025 1.0000 -0.0000
vn 0.0098 1.0000 -0.0000
vn 0.0290 0.9996 -0.0000
vn 0.0381 0.9993 -0.0000
vn 0.0469 0.9989 -0.0000
vn 0.0553 0.9985 -0.0000
vn 0.0633 0.9980 -0.0000
vn 0.0706 0.9975 -0.0000
vn 0.0771 0.9970 -0.0000
vn 0.0828 0.9966 -0.0000
vn 0.0873 0.9962 -0.0000
vn -0.6748 0.7380 -0.0000
vn -0.6869 -0.7268 -0.0000
vn 0.0607 -0.9982 -0.0000
vn 0.0666 -0.9978 -0.0000
vn 0.0686 -0.9976 -0.0000
vn 0.0677 -0.9977 -0.0000
vn 0.0647 -0.9979 -0.0000
vn 0.0600 -0.9982 -0.0000
vn 0.0537 -0.9986 -0.0000
vn 0.0459 -0.9989 -0.0000
vn 0.0366 -0.9993 -0.0000
vn 0.0259 -0.9997 -0.0000
vn 0.0136 -0.9999 -0.0000
vn 0.0035 -1.0000 -0.0000
vn -0.0000 -1.0000 -0.0000
vn -0.0015 -1.0000 -0.0000
vn -0.0060 -1.0000 -0.0000
vn -0.0119 -0.9999 -0.0000
vn -0.0178 -0.9998 -0.0000
vn -0.0238 -0.9997 -0.0000
vn -0.0300 -0.9996 -0.0000
vn -0.0365 -0.9993 -0.0000
vn -0.0435 -0.9991 -0.0000
vn -0.0512 -0.9987 -0.0000
vn -0.0699 -0.9976 -0.0000
vn 0.6751 -0.7378 -0.0000
vn 0.6838 0.7297 -0.0000
vn -0.0633 0.9980 -0.0000
vn -0.0597 0.9982 -0.0000
vn -0.0557 0.9984 -0.0000
vn -0.0514 0.9987 -0.0000
vn -0.0467 0.9989 -0.0000
vn -0.0416 0.9991 -0.0000
vn -0.0360 0.9994 -0.0000
vn -0.0299 0.9996 -0.0000
vn -0.0233 0.9997 -0.0000
vn -0.0162 0.9999 -0.0000
vn -0.0084 1.0000 -0.0000
vn -0.0022 1.0000 -0.0000
vn -0.9200 -0.3918 -0.0000
vn -0.9103 -0.4139 -0.0000
vn -0.9008 -0.4342 -0.0000
vn -0.8913 -0.4535 -0.0000
vn -0.8814 -0.4723 -0.0000
vn -0.8712 -0.4910 -0.0000
vn -0.8602 -0.5099 -0.0000
vn -0.8484 -0.5294 -0.0000
vn -0.8353 -0.5498 -0.0000
vn -0.8207 -0.5714 -0.0000
vn -0.8040 -0.5946 -0.0000
vn -0.9950 0.0995 -0.0000
vn -0.6665 0.7455 -0.0000
vn -0.6800 0.7332 -0.0000
vn -0.6916 0.7223 -0.0000
vn -0.7018 0.7124 -0.0000
vn -0.7110 0.7032 -0.0000
vn -0.7195 0.6945 -0.0000
vn -0.7276 0.6860 -0.0000
vn -0.7355 0.6775 -0.0000
vn -0.7436 0.6687 -0.0000
vn -0.7521 0.6591 -0.0000
vn -0.7615 0.6482 -0.0000
vn -0.9966 -0.0823 -0.0000
vn 0.1031 -0.9947 -0.0000
vn 0.7869 -0.6171 -0.0000
vn 0.7757 -0.6311 -0.0000
vn 0.7653 -0.6437 -0.0000
vn 0.7553 -0.6554 -0.0000
vn 0.7456 -0.6664 -0.0000
vn 0.7358 -0.6772 -0.0000
vn 0.7259 -0.6878 -0.0000
vn 0.7155 -0.6986 -0.0000
vn 0.7046 -0.7096 -0.0000
vn 0.6928 -0.7211 -0.0000
vn 0.6799 -0.7333 -0.0000
vn -0.0351 -0.9994 -0.0000
vn -0.7143 -0.6998 -0.0000
vn -0.6956 -0.7184 -0.0000
vn -0.6758 -0.7371 -0.0000
vn -0.6547 -0.7559 -0.0000
vn -0.6077 -0.7941 -0.0000
vn -0.5815 -0.8136 -0.0000
vn -0.5530 -0.8332 -0.0000
vn -0.5221 -0.8529 -0.0000
vn -0.4885 -0.8726 -0.0000
vn -0.4519 -0.8921 -0.0000
vn 0.1794 -0.9838 -0.0000
vn 0.9792 0.2029 -0.0000
vn 0.4124 0.9110 -0.0000
vn 0.4563 0.8898 -0.0000
vn 0.4962 0.8682 -0.0000
vn 0.5324 0.8465 -0.0000
vn 0.5656 0.8247 -0.0000
vn 0.5961 0.8029 -0.0000
vn 0.6244 0.7811 -0.0000
vn 0.6508 0.7593 -0.0000
vn 0.6757 0.7371 -0.0000
vn 0.6995 0.7146 -0.0000
vn 0.7225 0.6914 -0.0000
vn 0.7478 0.6639 -0.0000
vn 0.7722 0.6353 -0.0000
vn 0.7921 0.6104 -0.0000
vn 0.8097 0.5868 -0.0000
vn 0.8259 0.5638 -0.0000
vn 0.8413 0.5406 -0.0000
vn 0.8563 0.5165 -0.0000
vn 0.8713 0.4908 -0.0000
vn 0.8867 0.4624 -0.0000
vn 0.9029 0.4299 -0.0000
vn 0.9201 0.3917 -0.0000
vn 0.9386 0.3451 -0.0000
vn 0.8121 -0.5835 -0.0000
vn -0.0043 -1.0000 -0.0000
vn -0.0157 -0.9999 -0.0000
vn -0.0282 -0.9996 -0.0000
vn -0.0378 -0.9993 -0.0000
vn -0.0455 -0.9990 -0.0000
vn -0.0575 -0.9983 -0.0000
vn -0.0623 -0.9981 -0.0000
vn -0.0667 -0.9978 -0.0000
vn -0.0709 -0.9975 -0.0000
vn -0.0755 -0.9971 -0.0000
vn -0.0813 -0.9967 -0.0000
vn 0.6766 -0.7364 -0.0000
vn 0.6623 0.7492 -0.0000
vn -0.1119 0.9937 -0.0000
vn -0.0950 0.9955 -0.0000
vn -0.0843 0.9964 -0.0000
vn -0.0764 0.9971 -0.0000
vn -0.0696 0.9976 -0.0000
vn -0.0631 0.9980 -0.0000
vn -0.0566 0.9984 -0.0000
vn -0.0495 0.9988 -0.0000
vn -0.0412 0.9992 -0.0000
vn -0.0310 0.9995 -0.0000
vn -0.0177 0.9998 -0.0000
vn -0.0050 1.0000 -0.0000
vn 0.0038 1.0000 -0.0000
vn 0.0156 0.9999 -0.0000
vn 0.0319 0.9995 -0.0000
vn 0.0491 0.9988 -0.0000
vn 0.0674 0.9977 -0.0000
vn 0.1085 0.9941 -0.0000
vn 0.1319 0.9913 -0.0000
vn 0.1576 0.9875 -0.0000
vn 0.1863 0.9825 -0.0000
vn 0.2188 0.9758 -0.0000
vn 0.2561 0.9666 -0.0000
vn -0.1855 0.9826 -0.0000
vn -0.9891 0.1470 -0.0000
vn -0.8206 -0.5715 -0.0000
vn -0.8346 -0.5509 -0.0000
vn -0.8528 -0.5222 -0.0000
vn -0.8600 -0.5104 -0.0000
vn -0.8667 -0.4989 -0.0000
vn -0.8733 -0.4872 -0.0000
vn -0.8802 -0.4745 -0.0000
vn -0.8879 -0.4601 -0.0000
vn -0.8966 -0.4429 -0.0000
vn -0.9069 -0.4213 -0.0000
vn -0.9188 -0.3947 -0.0000
vn 0.9999 -0.0114 -0.0000
vn 0.9998 -0.0220 -0.0000
vn 0.9995 -0.0326 -0.0000
vn 0.9991 -0.0434 -0.0000
vn 0.9985 -0.0548 -0.0000
vn 0.9977 -0.0672 -0.0000
vn 0.9967 -0.0808 -0.0000
vn 0.9954 -0.0963 -0.0000
vn 0.9935 -0.1141 -0.0000
vn 0.9908 -0.1350 -0.0000
vn 0.9871 -0.1602 -0.0000
vn 0.7662 0.6426 -0.0000
vn -0.7402 0.6724 -0.0000
vn -0.9955 -0.0948 -0.0000
vn -0.9957 -0.0925 -0.0000
vn -0.9960 -0.0894 -0.0000
vn -0.9963 -0.0854 -0.0000
vn -0.9968 -0.0804 -0.0000
vn -0.9972 -0.0744 -0.0000
vn -0.9977 -0.0672 -0.0000
vn -0.9983 -0.0585 -0.0000
vn -0.9989 -0.0479 -0.0000
vn -0.9994 -0.0350 -0.0000
vn -0.9998 -0.0192 -0.0000
vn -1.0000 -0.0052 -0.0000
vn -0.8055 0.5926 -0.0000
vn -0.3043 0.9526 -0.0000
vn -0.3168 0.9485 -0.0000
vn -0.3280 0.9447 -0.0000
vn -0.3384 0.9410 -0.0000
vn -0.3485 0.9373 -0.0000
vn -0.3586 0.9335 -0.0000
vn -0.3693 0.9293 -0.0000
vn -0.3808 0.9246 -0.0000
vn -0.3938 0.9192 -0.0000
vn -0.4091 0.9125 -0.0000
vn -0.4278 0.9039 -0.0000
vn -0.9329 0.3601 -0.0000
vn -0.3471 -0.9378 -0.0000
vn 0.4518 -0.8921 -0.0000
vn 0.4313 -0.9022 -0.0000
vn 0.4141 -0.9102 -0.0000
vn 0.3992 -0.9169 -0.0000
vn 0.3859 -0.9225 -0.0000
vn 0.3738 -0.9275 -0.0000
vn 0.3624 -0.9320 -0.0000
vn 0.3512 -0.9363 -0.0000
vn 0.3400 -0.9404 -0.0000
vn 0.3282 -0.9446 -0.0000
vn 0.3153 -0.9490 -0.0000
vn -0.5892 -0.8080 -0.0000
vn -1.0000 0.0040 -0.0000
vn -1.0000 0.0094 -0.0000
vn -0.9998 0.0177 -0.0000
vn -0.9997 0.0252 -0.0000
vn -0.9995 0.0322 -0.0000
vn -0.9992 0.0392 -0.0000
vn -0.9989 0.0466 -0.0000
vn -0.9985 0.0545 -0.0000
vn -0.9980 0.0634 -0.0000
vn -0.9973 0.0738 -0.0000
vn -0.9963 0.0861 -0.0000
vn -0.9948 0.1014 -0.0000
vn -0.7450 -0.6671 -0.0000
vn 0.9916 0.1297 -0.0000
vn 0.9940 0.1091 -0.0000
vn 0.9958 0.0920 -0.0000
vn 0.9970 0.0776 -0.0000
vn 0.9979 0.0651 -0.0000
vn 0.9985 0.0540 -0.0000
vn 0.9990 0.0440 -0.0000
vn 0.9994 0.0346 -0.0000
vn 0.9997 0.0258 -0.0000
vn 0.9999 0.0173 -0.0000
vn 1.0000 0.0088 -0.0000
vn 1.0000 0.0023 -0.0000
vn 1.0000 -0.0000 -0.0000
vn 1.0000 -0.0030 -0.0000
vt 0.113636 0.000000
vt 0.136364 0.000000
vt 0.125000 0.000000
vt 0.147727 0.000000
vt 0.159091 0.000000
vt 0.102273 0.000000
vt 0.170455 0.000000
vt 0.090909 0.000000
vt 0.181818 0.000000
vt 0.079545 0.000000
vt 0.193182 0.000000
vt 0.068182 0.000000
vt 0.204545 0.000000
vt 0.056818 0.000000
vt 0.215909 0.000000
vt 0.045455 0.000000
vt 0.227273 0.000000
vt 0.034091 0.000000
vt 0.238636 0.000000
vt 0.022727 0.000000
vt 0.250000 0.000000
vt 0.011364 0.000000
vt 0.261364 0.000000
vt 0.000000 0.000000
vt 0.272727 0.000000
vt 1.000000 0.000000
vt 0.988636 0.000000
vt 0.284091 0.000000
vt 0.977273 0.000000
vt 0.965909 0.000000
vt 0.954545 0.000000
vt 0.295455 0.000000
vt 0.306818 0.000000
vt 0.943182 0.000000
vt 0.318182 0.000000
vt 0.329545 0.000000
vt 0.340909 0.000000
vt 0.352273 0.000000
vt 0.931818 0.000000
vt 0.568182 0.000000
vt 0.363636 0.000000
vt 0.579545 0.000000
vt 0.556818 0.000000
vt 0.375000 0.000000
vt 0.545455 0.000000
vt 0.386364 0.000000
vt 0.534091 0.000000
vt 0.522727 0.000000
vt 0.397727 0.000000
vt 0.511364 0.000000
vt 0.409091 0.000000
vt 0.920455 0.000000
vt 0.500000 0.000000
vt 0.420455 0.000000
vt 0.488636 0.000000
vt 0.477273 0.000000
vt 0.465909 0.000000
vt 0.454545 0.000000
vt 0.443182 0.000000
vt 0.431818 0.000000
vt 0.909091 0.000000
vt 0.897727 0.000000
vt 0.886364 0.000000
vt 0.875000 0.000000
vt 0.863636 0.000000
vt 0.852273 0.000000
vt 0.590909 0.000000
vt 0.602273 0.000000
vt 0.840909 0.000000
vt 0.613636 0.000000
vt 0.829545 0.000000
vt 0.625000 0.000000
vt 0.818182 0.000000
vt 0.636364 0.000000
vt 0.806818 0.000000
vt 0.647727 0.000000
vt 0.795455 0.000000
vt 0.659091 0.000000
vt 0.784091 0.000000
vt 0.670455 0.000000
vt 0.772727 0.000000
vt 0.681818 0.000000
vt 0.761364 0.000000
vt 0.693182 0.000000
vt 0.750000 0.000000
vt 0.704545 0.000000
vt 0.738636 0.000000
vt 0.715909 0.000000
vt 0.727273 0.000000
vt 0.904762 0.000000
vt 0.918367 0.000000
vt 0.911565 0.000000
vt 0.897959 0.000000
vt 0.659864 0.000000
vt 0.673469 0.000000
vt 0.666667 0.000000
vt 0.891156 0.000000
vt 0.680272 0.000000
vt 0.687075 0.000000
vt 0.884354 0.000000
vt 0.693878 0.000000
vt 0.877551 0.000000
vt 0.700680 0.000000
vt 0.707483 0.000000
vt 0.870748 0.000000
vt 0.714286 0.000000
vt 0.863946 0.000000
vt 0.721088 0.000000
vt 0.857143 0.000000
vt 0.727891 0.000000
vt 0.850340 0.000000
vt 0.734694 0.000000
vt 0.843537 0.000000
vt 0.741497 0.000000
vt 0.836735 0.000000
vt 0.748299 0.000000
vt 0.829932 0.000000
vt 0.755102 0.000000
vt 0.761905 0.000000
vt 0.768707 0.000000
vt 0.775510 0.000000
vt 0.782313 0.000000
vt 0.789116 0.000000
vt 0.795918 0.000000
vt 0.802721 0.000000
vt 0.809524 0.000000
vt 0.816327 0.000000
vt 0.823129 0.000000
vt 0.653061 0.000000
vt 0.925170 0.000000
vt 0.931973 0.000000
vt 0.646259 0.000000
vt 0.938776 0.000000
vt 0.639456 0.000000
vt 0.945578 0.000000
vt 0.632653 0.000000
vt 0.625850 0.000000
vt 0.952381 0.000000
vt 0.619048 0.000000
vt 0.959184 0.000000
vt 0.612245 0.000000
vt 0.605442 0.000000
vt 0.965986 0.000000
vt 0.598639 0.000000
vt 0.972789 0.000000
vt 0.591837 0.000000
vt 0.979592 0.000000
vt 0.986395 0.000000
vt 0.585034 0.000000
vt 0.993197 0.000000
vt 0.578231 0.000000
vt 0.564626 0.000000
vt 0.557823 0.000000
vt 0.551020 0.000000
vt 0.544218 0.000000
vt 0.537415 0.000000
vt 0.530612 0.000000
vt 0.523810 0.000000
vt 0.517007 0.000000
vt 0.510204 0.000000
vt 0.503401 0.000000
vt 0.496599 0.000000
vt 0.571429 0.000000
vt 0.489796 0.000000
vt 0.006803 0.000000
vt 0.482993 0.000000
vt 0.013605 0.000000
vt 0.476190 0.000000
vt 0.020408 0.000000
vt 0.469388 0.000000
vt 0.027211 0.000000
vt 0.462585 0.000000
vt 0.034014 0.000000
vt 0.455782 0.000000
vt 0.040816 0.000000
vt 0.448980 0.000000
vt 0.047619 0.000000
vt 0.442177 0.000000
vt 0.435374 0.000000
vt 0.054422 0.000000
vt 0.428571 0.000000
vt 0.061224 0.000000
vt 0.421769 0.000000
vt 0.068027 0.000000
vt 0.414966 0.000000
vt 0.074830 0.000000
vt 0.408163 0.000000
vt 0.081633 0.000000
vt 0.401361 0.000000
vt 0.088435 0.000000
vt 0.394558 0.000000
vt 0.244898 0.000000
vt 0.095238 0.000000
vt 0.251701 0.000000
vt 0.238095 0.000000
vt 0.102041 0.000000
vt 0.387755 0.000000
vt 0.231293 0.000000
vt 0.258503 0.000000
vt 0.108844 0.000000
vt 0.380952 0.000000
vt 0.224490 0.000000
vt 0.265306 0.000000
vt 0.115646 0.000000
vt 0.374150 0.000000
vt 0.217687 0.000000
vt 0.272109 0.000000
vt 0.122449 0.000000
vt 0.367347 0.000000
vt 0.210884 0.000000
vt 0.278912 0.000000
vt 0.129252 0.000000
vt 0.360544 0.000000
vt 0.204082 0.000000
vt 0.285714 0.000000
vt 0.136054 0.000000
vt 0.353741 0.000000
vt 0.197279 0.000000
vt 0.292517 0.000000
vt 0.346939 0.000000
vt 0.142857 0.000000
vt 0.190476 0.000000
vt 0.299320 0.000000
vt 0.340136 0.000000
vt 0.149660 0.000000
vt 0.183673 0.000000
vt 0.333333 0.000000
vt 0.306122 0.000000
vt 0.156463 0.000000
vt 0.326531 0.000000
vt 0.176871 0.000000
vt 0.312925 0.000000
vt 0.170068 0.000000
vt 0.163265 0.000000
vt 0.319728 0.000000
vt 0.821918 0.000000
vt 0.849315 0.000000
vt 0.835616 0.000000
vt 0.301370 0.000000
vt 0.328767 0.000000
vt 0.315068 0.000000
vt 0.863014 0.000000
vt 0.287671 0.000000
vt 0.876712 0.000000
vt 0.273973 0.000000
vt 0.890411 0.000000
vt 0.260274 0.000000
vt 0.904110 0.000000
vt 0.246575 0.000000
vt 0.917808 0.000000
vt 0.232877 0.000000
vt 0.931507 0.000000
vt 0.219178 0.000000
vt 0.945205 0.000000
vt 0.205479 0.000000
vt 0.958904 0.000000
vt 0.191781 0.000000
vt 0.972603 0.000000
vt 0.178082 0.000000
vt 0.986301 0.000000
vt 0.164384 0.000000
vt 0.150685 0.000000
vt 0.013699 0.000000
vt 0.027397 0.000000
vt 0.041096 0.000000
vt 0.054795 0.000000
vt 0.068493 0.000000
vt 0.082192 0.000000
vt 0.095890 0.000000
vt 0.109589 0.000000
vt 0.123288 0.000000
vt 0.136986 0.000000
vt 0.808219 0.000000
vt 0.794521 0.000000
vt 0.780822 0.000000
vt 0.767123 0.000000
vt 0.753425 0.000000
vt 0.739726 0.000000
vt 0.726027 0.000000
vt 0.712329 0.000000
vt 0.698630 0.000000
vt 0.684932 0.000000
vt 0.671233 0.000000
vt 0.657534 0.000000
vt 0.643836 0.000000
vt 0.630137 0.000000
vt 0.616438 0.000000
vt 0.589041 0.000000
vt 0.547945 0.000000
vt 0.506849 0.000000
vt 0.493151 0.000000
vt 0.479452 0.000000
vt 0.465753 0.000000
vt 0.452055 0.000000
vt 0.438356 0.000000
vt 0.424658 0.000000
vt 0.410959 0.000000
vt 0.397260 0.000000
vt 0.602740 0.000000
vt 0.575342 0.000000
vt 0.561644 0.000000
vt 0.534247 0.000000
vt 0.520548 0.000000
vt 0.383562 0.000000
vt 0.369863 0.000000
vt 0.356164 0.000000
vt 0.342466 0.000000
vt 0.613497 0.000000
vt 0.625767 0.000000
vt 0.619632 0.000000
vt 0.631902 0.000000
vt 0.638037 0.000000
vt 0.607362 0.000000
vt 0.644172 0.000000
vt 0.601227 0.000000
vt 0.453988 0.000000
vt 0.466258 0.000000
vt 0.460123 0.000000
vt 0.595092 0.000000
vt 0.650307 0.000000
vt 0.472393 0.000000
vt 0.588957 0.000000
vt 0.656442 0.000000
vt 0.478528 0.000000
vt 0.447853 0.000000
vt 0.582822 0.000000
vt 0.662577 0.000000
vt 0.484663 0.000000
vt 0.441718 0.000000
vt 0.576687 0.000000
vt 0.668712 0.000000
vt 0.490798 0.000000
vt 0.435583 0.000000
vt 0.570552 0.000000
vt 0.674847 0.000000
vt 0.496933 0.000000
vt 0.429448 0.000000
vt 0.564417 0.000000
vt 0.680982 0.000000
vt 0.423313 0.000000
vt 0.503067 0.000000
vt 0.558282 0.000000
vt 0.687117 0.000000
vt 0.417178 0.000000
vt 0.509202 0.000000
vt 0.552147 0.000000
vt 0.693252 0.000000
vt 0.411043 0.000000
vt 0.515337 0.000000
vt 0.546012 0.000000
vt 0.539877 0.000000
vt 0.705521 0.000000
vt 0.699386 0.000000
vt 0.404908 0.000000
vt 0.521472 0.000000
vt 0.527607 0.000000
vt 0.398773 0.000000
vt 0.711656 0.000000
vt 0.993865 0.000000
vt 0.533742 0.000000
vt 0.392638 0.000000
vt 0.386503 0.000000
vt 0.380368 0.000000
vt 0.717791 0.000000
vt 0.987730 0.000000
vt 0.723926 0.000000
vt 0.981595 0.000000
vt 0.730061 0.000000
vt 0.975460 0.000000
vt 0.736196 0.000000
vt 0.969325 0.000000
vt 0.742331 0.000000
vt 0.963190 0.000000
vt 0.748466 0.000000
vt 0.957055 0.000000
vt 0.950920 0.000000
vt 0.754601 0.000000
vt 0.944785 0.000000
vt 0.760736 0.000000
vt 0.938650 0.000000
vt 0.766871 0.000000
vt 0.773006 0.000000
vt 0.932515 0.000000
vt 0.779141 0.000000
vt 0.926380 0.000000
vt 0.785276 0.000000
vt 0.920245 0.000000
vt 0.791411 0.000000
vt 0.914110 0.000000
vt 0.797546 0.000000
vt 0.907975 0.000000
vt 0.901841 0.000000
vt 0.803681 0.000000
vt 0.895706 0.000000
vt 0.809816 0.000000
vt 0.889571 0.000000
vt 0.815951 0.000000
vt 0.883436 0.000000
vt 0.822086 0.000000
vt 0.877301 0.000000
vt 0.828221 0.000000
vt 0.871166 0.000000
vt 0.834356 0.000000
vt 0.865031 0.000000
vt 0.840491 0.000000
vt 0.858896 0.000000
vt 0.846626 0.000000
vt 0.852761 0.000000
vt 0.368098 0.000000
vt 0.374233 0.000000
vt 0.006135 0.000000
vt 0.012270 0.000000
vt 0.361963 0.000000
vt 0.018405 0.000000
vt 0.024540 0.000000
vt 0.030675 0.000000
vt 0.036810 0.000000
vt 0.042945 0.000000
vt 0.355828 0.000000
vt 0.049080 0.000000
vt 0.055215 0.000000
vt 0.061350 0.000000
vt 0.067485 0.000000
vt 0.073620 0.000000
vt 0.079755 0.000000
vt 0.349693 0.000000
vt 0.085890 0.000000
vt 0.343558 0.000000
vt 0.092025 0.000000
vt 0.098160 0.000000
vt 0.337423 0.000000
vt 0.104294 0.000000
vt 0.331288 0.000000
vt 0.110429 0.000000
vt 0.325153 0.000000
vt 0.116564 0.000000
vt 0.319018 0.000000
vt 0.122699 0.000000
vt 0.312883 0.000000
vt 0.128834 0.000000
vt 0.306748 0.000000
vt 0.134969 0.000000
vt 0.300613 0.000000
vt 0.141104 0.000000
vt 0.294479 0.000000
vt 0.147239 0.000000
vt 0.288344 0.000000
vt 0.153374 0.000000
vt 0.282209 0.000000
vt 0.159509 0.000000
vt 0.276074 0.000000
vt 0.165644 0.000000
vt 0.269939 0.000000
vt 0.171779 0.000000
vt 0.263804 0.000000
vt 0.177914 0.000000
vt 0.257669 0.000000
vt 0.184049 0.000000
vt 0.251534 0.000000
vt 0.190184 0.000000
vt 0.245399 0.000000
vt 0.196319 0.000000
vt 0.239264 0.000000
vt 0.202454 0.000000
vt 0.233129 0.000000
vt 0.208589 0.000000
vt 0.226994 0.000000
vt 0.214724 0.000000
vt 0.220859 0.000000
vt 0.263158 0.000000
vt 0.270677 0.000000
vt 0.266917 0.000000
vt 0.259398 0.000000
vt 0.255639 0.000000
vt 0.251880 0.000000
vt 0.248120 0.000000
vt 0.244361 0.000000
vt 0.240602 0.000000
vt 0.236842 0.000000
vt 0.233083 0.000000
vt 0.229323 0.000000
vt 0.225564 0.000000
vt 0.221805 0.000000
vt 0.218045 0.000000
vt 0.214286 0.000000
vt 0.210526 0.000000
vt 0.206767 0.000000
vt 0.203008 0.000000
vt 0.199248 0.000000
vt 0.195489 0.000000
vt 0.951128 0.000000
vt 0.958647 0.000000
vt 0.954887 0.000000
vt 0.191729 0.000000
vt 0.962406 0.000000
vt 0.966165 0.000000
vt 0.187970 0.000000
vt 0.969925 0.000000
vt 0.973684 0.000000
vt 0.184211 0.000000
vt 0.977444 0.000000
vt 0.981203 0.000000
vt 0.180451 0.000000
vt 0.984962 0.000000
vt 0.988722 0.000000
vt 0.992481 0.000000
vt 0.996241 0.000000
vt 0.947368 0.000000
vt 0.943609 0.000000
vt 0.939850 0.000000
vt 0.936090 0.000000
vt 0.932331 0.000000
vt 0.928571 0.000000
vt 0.924812 0.000000
vt 0.921053 0.000000
vt 0.274436 0.000000
vt 0.917293 0.000000
vt 0.278196 0.000000
vt 0.913534 0.000000
vt 0.281955 0.000000
vt 0.909774 0.000000
vt 0.902256 0.000000
vt 0.898496 0.000000
vt 0.894737 0.000000
vt 0.890977 0.000000
vt 0.887218 0.000000
vt 0.883459 0.000000
vt 0.289474 0.000000
vt 0.879699 0.000000
vt 0.875940 0.000000
vt 0.872180 0.000000
vt 0.868421 0.000000
vt 0.864662 0.000000
vt 0.860902 0.000000
vt 0.293233 0.000000
vt 0.296992 0.000000
vt 0.300752 0.000000
vt 0.304511 0.000000
vt 0.308271 0.000000
vt 0.312030 0.000000
vt 0.853383 0.000000
vt 0.906015 0.000000
vt 0.315789 0.000000
vt 0.319549 0.000000
vt 0.849624 0.000000
vt 0.323308 0.000000
vt 0.845865 0.000000
vt 0.327068 0.000000
vt 0.330827 0.000000
vt 0.842105 0.000000
vt 0.334586 0.000000
vt 0.838346 0.000000
vt 0.834586 0.000000
vt 0.338346 0.000000
vt 0.830827 0.000000
vt 0.342105 0.000000
vt 0.827068 0.000000
vt 0.345865 0.000000
vt 0.823308 0.000000
vt 0.349624 0.000000
vt 0.819549 0.000000
vt 0.353383 0.000000
vt 0.815789 0.000000
vt 0.812030 0.000000
vt 0.357143 0.000000
vt 0.808271 0.000000
vt 0.402256 0.000000
vt 0.409774 0.000000
vt 0.406015 0.000000
vt 0.398496 0.000000
vt 0.394737 0.000000
vt 0.390977 0.000000
vt 0.387218 0.000000
vt 0.413534 0.000000
vt 0.383459 0.000000
vt 0.360902 0.000000
vt 0.379699 0.000000
vt 0.375940 0.000000
vt 0.804511 0.000000
vt 0.417293 0.000000
vt 0.372180 0.000000
vt 0.368421 0.000000
vt 0.364662 0.000000
vt 0.421053 0.000000
vt 0.800752 0.000000
vt 0.424812 0.000000
vt 0.796992 0.000000
vt 0.721804 0.000000
vt 0.725564 0.000000
vt 0.718045 0.000000
vt 0.793233 0.000000
vt 0.729323 0.000000
vt 0.432331 0.000000
vt 0.733083 0.000000
vt 0.710526 0.000000
vt 0.706767 0.000000
vt 0.736842 0.000000
vt 0.789474 0.000000
vt 0.703008 0.000000
vt 0.740601 0.000000
vt 0.436090 0.000000
vt 0.699248 0.000000
vt 0.744361 0.000000
vt 0.785714 0.000000
vt 0.695489 0.000000
vt 0.748120 0.000000
vt 0.439850 0.000000
vt 0.781955 0.000000
vt 0.691729 0.000000
vt 0.751880 0.000000
vt 0.443609 0.000000
vt 0.687970 0.000000
vt 0.778196 0.000000
vt 0.755639 0.000000
vt 0.684211 0.000000
vt 0.774436 0.000000
vt 0.447368 0.000000
vt 0.759399 0.000000
vt 0.770677 0.000000
vt 0.680451 0.000000
vt 0.451128 0.000000
vt 0.763158 0.000000
vt 0.766917 0.000000
vt 0.676692 0.000000
vt 0.582707 0.000000
vt 0.590226 0.000000
vt 0.586466 0.000000
vt 0.578947 0.000000
vt 0.593985 0.000000
vt 0.575188 0.000000
vt 0.672932 0.000000
vt 0.597744 0.000000
vt 0.454887 0.000000
vt 0.601504 0.000000
vt 0.567669 0.000000
vt 0.605263 0.000000
vt 0.669173 0.000000
vt 0.563910 0.000000
vt 0.609023 0.000000
vt 0.560150 0.000000
vt 0.665414 0.000000
vt 0.458647 0.000000
vt 0.556391 0.000000
vt 0.176692 0.000000
vt 0.612782 0.000000
vt 0.172932 0.000000
vt 0.003759 0.000000
vt 0.169173 0.000000
vt 0.007519 0.000000
vt 0.661654 0.000000
vt 0.165414 0.000000
vt 0.011278 0.000000
vt 0.552632 0.000000
vt 0.015038 0.000000
vt 0.616541 0.000000
vt 0.161654 0.000000
vt 0.018797 0.000000
vt 0.157895 0.000000
vt 0.022556 0.000000
vt 0.657895 0.000000
vt 0.548872 0.000000
vt 0.462406 0.000000
vt 0.026316 0.000000
vt 0.154135 0.000000
vt 0.620301 0.000000
vt 0.030075 0.000000
vt 0.654135 0.000000
vt 0.545113 0.000000
vt 0.150376 0.000000
vt 0.033835 0.000000
vt 0.037594 0.000000
vt 0.624060 0.000000
vt 0.650376 0.000000
vt 0.146617 0.000000
vt 0.541353 0.000000
vt 0.041353 0.000000
vt 0.466165 0.000000
vt 0.045113 0.000000
vt 0.646617 0.000000
vt 0.537594 0.000000
vt 0.627820 0.000000
vt 0.048872 0.000000
vt 0.642857 0.000000
vt 0.139098 0.000000
vt 0.052632 0.000000
vt 0.469925 0.000000
vt 0.639098 0.000000
vt 0.533835 0.000000
vt 0.631579 0.000000
vt 0.056391 0.000000
vt 0.135338 0.000000
vt 0.635338 0.000000
vt 0.060150 0.000000
vt 0.530075 0.000000
vt 0.063910 0.000000
vt 0.473684 0.000000
vt 0.131579 0.000000
vt 0.067669 0.000000
vt 0.526316 0.000000
vt 0.071429 0.000000
vt 0.075188 0.000000
vt 0.127820 0.000000
vt 0.078947 0.000000
vt 0.124060 0.000000
vt 0.120301 0.000000
vt 0.116541 0.000000
vt 0.112782 0.000000
vt 0.082707 0.000000
vt 0.477444 0.000000
vt 0.109023 0.000000
vt 0.105263 0.000000
vt 0.101504 0.000000
vt 0.097744 0.000000
vt 0.086466 0.000000
vt 0.093985 0.000000
vt 0.090226 0.000000
vt 0.522556 0.000000
vt 0.518797 0.000000
vt 0.481203 0.000000
vt 0.515038 0.000000
vt 0.484962 0.000000
vt 0.511278 0.000000
vt 0.488722 0.000000
vt 0.507519 0.000000
vt 0.503759 0.000000
vt 0.492481 0.000000
vt 0.496241 0.000000
vt 0.913043 0.000000
vt 0.925466 0.000000
vt 0.919255 0.000000
vt 0.906832 0.000000
vt 0.900621 0.000000
vt 0.894410 0.000000
vt 0.888199 0.000000
vt 0.881988 0.000000
vt 0.875776 0.000000
vt 0.869565 0.000000
vt 0.863354 0.000000
vt 0.850932 0.000000
vt 0.844720 0.000000
vt 0.931677 0.000000
vt 0.838509 0.000000
vt 0.937888 0.000000
vt 0.944099 0.000000
vt 0.950311 0.000000
vt 0.956522 0.000000
vt 0.832298 0.000000
vt 0.962733 0.000000
vt 0.968944 0.000000
vt 0.975155 0.000000
vt 0.826087 0.000000
vt 0.981366 0.000000
vt 0.987578 0.000000
vt 0.993789 0.000000
vt 0.322981 0.000000
vt 0.819876 0.000000
vt 0.329193 0.000000
vt 0.813665 0.000000
vt 0.335404 0.000000
vt 0.807453 0.000000
vt 0.341615 0.000000
vt 0.236025 0.000000
vt 0.248447 0.000000
vt 0.242236 0.000000
vt 0.801242 0.000000
vt 0.347826 0.000000
vt 0.254658 0.000000
vt 0.260870 0.000000
vt 0.229814 0.000000
vt 0.795031 0.000000
vt 0.354037 0.000000
vt 0.267081 0.000000
vt 0.223602 0.000000
vt 0.273292 0.000000
vt 0.217391 0.000000
vt 0.074534 0.000000
vt 0.086957 0.000000
vt 0.080745 0.000000
vt 0.360248 0.000000
vt 0.788820 0.000000
vt 0.093168 0.000000
vt 0.211180 0.000000
vt 0.279503 0.000000
vt 0.099379 0.000000
vt 0.068323 0.000000
vt 0.204969 0.000000
vt 0.366460 0.000000
vt 0.782609 0.000000
vt 0.105590 0.000000
vt 0.062112 0.000000
vt 0.198758 0.000000
vt 0.291925 0.000000
vt 0.055901 0.000000
vt 0.111801 0.000000
vt 0.776398 0.000000
vt 0.372671 0.000000
vt 0.192547 0.000000
vt 0.298137 0.000000
vt 0.049689 0.000000
vt 0.118012 0.000000
vt 0.186335 0.000000
vt 0.304348 0.000000
vt 0.770186 0.000000
vt 0.378882 0.000000
vt 0.043478 0.000000
vt 0.124224 0.000000
vt 0.180124 0.000000
vt 0.310559 0.000000
vt 0.037267 0.000000
vt 0.763975 0.000000
vt 0.130435 0.000000
vt 0.173913 0.000000
vt 0.316770 0.000000
vt 0.385093 0.000000
vt 0.031056 0.000000
vt 0.167702 0.000000
vt 0.161491 0.000000
vt 0.136646 0.000000
vt 0.757764 0.000000
vt 0.391304 0.000000
vt 0.024845 0.000000
vt 0.751553 0.000000
vt 0.018634 0.000000
vt 0.397516 0.000000
vt 0.149068 0.000000
vt 0.745342 0.000000
vt 0.012422 0.000000
vt 0.403727 0.000000
vt 0.155280 0.000000
vt 0.409938 0.000000
vt 0.006211 0.000000
vt 0.739130 0.000000
vt 0.416149 0.000000
vt 0.422360 0.000000
vt 0.732919 0.000000
vt 0.726708 0.000000
vt 0.434783 0.000000
vt 0.440994 0.000000
vt 0.720497 0.000000
vt 0.447205 0.000000
vt 0.453416 0.000000
vt 0.459627 0.000000
vt 0.708075 0.000000
vt 0.465839 0.000000
vt 0.472050 0.000000
vt 0.701863 0.000000
vt 0.695652 0.000000
vt 0.478261 0.000000
vt 0.689441 0.000000
vt 0.484472 0.000000
vt 0.683230 0.000000
vt 0.490683 0.000000
vt 0.677019 0.000000
vt 0.496894 0.000000
vt 0.670807 0.000000
vt 0.503106 0.000000
vt 0.664596 0.000000
vt 0.509317 0.000000
vt 0.658385 0.000000
vt 0.652174 0.000000
vt 0.515528 0.000000
vt 0.645963 0.000000
vt 0.521739 0.000000
vt 0.639752 0.000000
vt 0.527950 0.000000
vt 0.633540 0.000000
vt 0.534162 0.000000
vt 0.627329 0.000000
vt 0.540373 0.000000
vt 0.621118 0.000000
vt 0.614907 0.000000
vt 0.608696 0.000000
vt 0.602484 0.000000
vt 0.596273 0.000000
vt 0.590062 0.000000
vt 0.583851 0.000000
vt 0.577640 0.000000
vt 0.565217 0.000000
vt 0.559006 0.000000
vt 0.552795 0.000000
vt 0.546584 0.000000
vt 0.000000 1.000000
vt 0.038462 1.000000
vt 0.038462 0.000000
vt 0.076923 1.000000
vt 0.076923 0.000000
vt 0.115385 1.000000
vt 0.115385 0.000000
vt 0.153846 1.000000
vt 0.153846 0.000000
vt 0.192308 1.000000
vt 0.192308 0.000000
vt 0.230769 1.000000
vt 0.230769 0.000000
vt 0.269231 1.000000
vt 0.269231 0.000000
vt 0.307692 1.000000
vt 0.307692 0.000000
vt 0.346154 1.000000
vt 0.346154 0.000000
vt 0.384615 1.000000
vt 0.384615 0.000000
vt 0.423077 1.000000
vt 0.423077 0.000000
vt 0.461538 1.000000
vt 0.461538 0.000000
vt 0.500000 1.000000
vt 0.538462 1.000000
vt 0.538462 0.000000
vt 0.576923 1.000000
vt 0.576923 0.000000
vt 0.615385 1.000000
vt 0.615385 0.000000
vt 0.653846 1.000000
vt 0.653846 0.000000
vt 0.692308 1.000000
vt 0.692308 0.000000
vt 0.730769 1.000000
vt 0.730769 0.000000
vt 0.769231 1.000000
vt 0.769231 0.000000
vt 0.807692 1.000000
vt 0.807692 0.000000
vt 0.846154 1.000000
vt 0.846154 0.000000
vt 0.884615 1.000000
vt 0.884615 0.000000
vt 0.923077 1.000000
vt 0.923077 0.000000
vt 0.961538 1.000000
vt 0.961538 0.000000
vt 1.000000 1.000000
vt 0.009091 1.000000
vt 0.009091 0.000000
vt 0.018182 1.000000
vt 0.018182 0.000000
vt 0.027273 1.000000
vt 0.027273 0.000000
vt 0.036364 1.000000
vt 0.036364 0.000000
vt 0.045455 1.000000
vt 0.054545 1.000000
vt 0.054545 0.000000
vt 0.063636 1.000000
vt 0.063636 0.000000
vt 0.072727 1.000000
vt 0.072727 0.000000
vt 0.081818 1.000000
vt 0.081818 0.000000
vt 0.090909 1.000000
vt 0.100000 1.000000
vt 0.100000 0.000000
vt 0.109091 1.000000
vt 0.109091 0.000000
vt 0.118182 1.000000
vt 0.118182 0.000000
vt 0.127273 1.000000
vt 0.127273 0.000000
vt 0.136364 1.000000
vt 0.145455 1.000000
vt 0.145455 0.000000
vt 0.154545 1.000000
vt 0.154545 0.000000
vt 0.163636 1.000000
vt 0.163636 0.000000
vt 0.172727 1.000000
vt 0.172727 0.000000
vt 0.181818 1.000000
vt 0.190909 1.000000
vt 0.190909 0.000000
vt 0.200000 1.000000
vt 0.200000 0.000000
vt 0.209091 1.000000
vt 0.209091 0.000000
vt 0.218182 1.000000
vt 0.218182 0.000000
vt 0.227273 1.000000
vt 0.236364 1.000000
vt 0.236364 0.000000
vt 0.245455 1.000000
vt 0.245455 0.000000
vt 0.254545 1.000000
vt 0.254545 0.000000
vt 0.263636 1.000000
vt 0.263636 0.000000
vt 0.272727 1.000000
vt 0.281818 1.000000
vt 0.281818 0.000000
vt 0.290909 1.000000
vt 0.290909 0.000000
vt 0.300000 1.000000
vt 0.300000 0.000000
vt 0.309091 1.000000
vt 0.309091 0.000000
vt 0.318182 1.000000
vt 0.327273 1.000000
vt 0.327273 0.000000
vt 0.336364 1.000000
vt 0.336364 0.000000
vt 0.345455 1.000000
vt 0.345455 0.000000
vt 0.354545 1.000000
vt 0.354545 0.000000
vt 0.363636 1.000000
vt 0.372727 1.000000
vt 0.372727 0.000000
vt 0.381818 1.000000
vt 0.381818 0.000000
vt 0.390909 1.000000
vt 0.390909 0.000000
vt 0.400000 1.000000
vt 0.400000 0.000000
vt 0.409091 1.000000
vt 0.418182 1.000000
vt 0.418182 0.000000
vt 0.427273 1.000000
vt 0.427273 0.000000
vt 0.436364 1.000000
vt 0.436364 0.000000
vt 0.445455 1.000000
vt 0.445455 0.000000
vt 0.454545 1.000000
vt 0.463636 1.000000
vt 0.463636 0.000000
vt 0.472727 1.000000
vt 0.472727 0.000000
vt 0.481818 1.000000
vt 0.481818 0.000000
vt 0.490909 1.000000
vt 0.490909 0.000000
vt 0.509091 1.000000
vt 0.509091 0.000000
vt 0.518182 1.000000
vt 0.518182 0.000000
vt 0.527273 1.000000
vt 0.527273 0.000000
vt 0.536364 1.000000
vt 0.536364 0.000000
vt 0.545455 1.000000
vt 0.554545 1.000000
vt 0.554545 0.000000
vt 0.563636 1.000000
vt 0.563636 0.000000
vt 0.572727 1.000000
vt 0.572727 0.000000
vt 0.581818 1.000000
vt 0.581818 0.000000
vt 0.590909 1.000000
vt 0.600000 1.000000
vt 0.600000 0.000000
vt 0.609091 1.000000
vt 0.609091 0.000000
vt 0.618182 1.000000
vt 0.618182 0.000000
vt 0.627273 1.000000
vt 0.627273 0.000000
vt 0.636364 1.000000
vt 0.645455 1.000000
vt 0.645455 0.000000
vt 0.654545 1.000000
vt 0.654545 0.000000
vt 0.663636 1.000000
vt 0.663636 0.000000
vt 0.672727 1.000000
vt 0.672727 0.000000
vt 0.681818 1.000000
vt 0.690909 1.000000
vt 0.690909 0.000000
vt 0.700000 1.000000
vt 0.700000 0.000000
vt 0.709091 1.000000
vt 0.709091 0.000000
vt 0.718182 1.000000
vt 0.718182 0.000000
vt 0.727273 1.000000
vt 0.736364 1.000000
vt 0.736364 0.000000
vt 0.745455 1.000000
vt 0.745455 0.000000
vt 0.754545 1.000000
vt 0.754545 0.000000
vt 0.763636 1.000000
vt 0.763636 0.000000
vt 0.772727 1.000000
vt 0.781818 1.000000
vt 0.781818 0.000000
vt 0.790909 1.000000
vt 0.790909 0.000000
vt 0.800000 1.000000
vt 0.800000 0.000000
vt 0.809091 1.000000
vt 0.809091 0.000000
vt 0.818182 1.000000
vt 0.827273 1.000000
vt 0.827273 0.000000
vt 0.836364 1.000000
vt 0.836364 0.000000
vt 0.845455 1.000000
vt 0.845455 0.000000
vt 0.854545 1.000000
vt 0.854545 0.000000
vt 0.863636 1.000000
vt 0.872727 1.000000
vt 0.872727 0.000000
vt 0.881818 1.000000
vt 0.881818 0.000000
vt 0.890909 1.000000
vt 0.890909 0.000000
vt 0.900000 1.000000
vt 0.900000 0.000000
vt 0.909091 1.000000
vt 0.918182 1.000000
vt 0.918182 0.000000
vt 0.927273 1.000000
vt 0.927273 0.000000
vt 0.936364 1.000000
vt 0.936364 0.000000
vt 0.945455 1.000000
vt 0.945455 0.000000
vt 0.954545 1.000000
vt 0.963636 1.000000
vt 0.963636 0.000000
vt 0.972727 1.000000
vt 0.972727 0.000000
vt 0.981818 1.000000
vt 0.981818 0.000000
vt 0.990909 1.000000
vt 0.990909 0.000000
vt 0.020833 1.000000
vt 0.020833 0.000000
vt 0.041667 1.000000
vt 0.041667 0.000000
vt 0.062500 1.000000
vt 0.062500 0.000000
vt 0.083333 1.000000
vt 0.083333 0.000000
vt 0.104167 1.000000
vt 0.104167 0.000000
vt 0.125000 1.000000
vt 0.145833 1.000000
vt 0.145833 0.000000
vt 0.166667 1.000000
vt 0.166667 0.000000
vt 0.187500 1.000000
vt 0.187500 0.000000
vt 0.208333 1.000000
vt 0.208333 0.000000
vt 0.229167 1.000000
vt 0.229167 0.000000
vt 0.250000 1.000000
vt 0.270833 1.000000
vt 0.270833 0.000000
vt 0.291667 1.000000
vt 0.291667 0.000000
vt 0.312500 1.000000
vt 0.312500 0.000000
vt 0.333333 1.000000
vt 0.354167 1.000000
vt 0.354167 0.000000
vt 0.375000 1.000000
vt 0.395833 1.000000
vt 0.395833 0.000000
vt 0.416667 1.000000
vt 0.416667 0.000000
vt 0.437500 1.000000
vt 0.437500 0.000000
vt 0.458333 1.000000
vt 0.458333 0.000000
vt 0.479167 1.000000
vt 0.479167 0.000000
vt 0.520833 1.000000
vt 0.520833 0.000000
vt 0.541667 1.000000
vt 0.541667 0.000000
vt 0.562500 1.000000
vt 0.562500 0.000000
vt 0.583333 1.000000
vt 0.583333 0.000000
vt 0.604167 1.000000
vt 0.604167 0.000000
vt 0.625000 1.000000
vt 0.645833 1.000000
vt 0.645833 0.000000
vt 0.666667 1.000000
vt 0.687500 1.000000
vt 0.687500 0.000000
vt 0.708333 1.000000
vt 0.708333 0.000000
vt 0.729167 1.000000
vt 0.729167 0.000000
vt 0.750000 1.000000
vt 0.770833 1.000000
vt 0.770833 0.000000
vt 0.791667 1.000000
vt 0.791667 0.000000
vt 0.812500 1.000000
vt 0.812500 0.000000
vt 0.833333 1.000000
vt 0.833333 0.000000
vt 0.854167 1.000000
vt 0.854167 0.000000
vt 0.875000 1.000000
vt 0.895833 1.000000
vt 0.895833 0.000000
vt 0.916667 1.000000
vt 0.916667 0.000000
vt 0.937500 1.000000
vt 0.937500 0.000000
vt 0.958333 1.000000
vt 0.958333 0.000000
vt 0.979167 1.000000
vt 0.979167 0.000000
vt 0.004566 1.000000
vt 0.004566 0.000000
vt 0.009132 1.000000
vt 0.009132 0.000000
vt 0.013699 1.000000
vt 0.018265 1.000000
vt 0.018265 0.000000
vt 0.022831 1.000000
vt 0.022831 0.000000
vt 0.027397 1.000000
vt 0.031963 1.000000
vt 0.031963 0.000000
vt 0.036530 1.000000
vt 0.036530 0.000000
vt 0.041096 1.000000
vt 0.045662 1.000000
vt 0.045662 0.000000
vt 0.050228 1.000000
vt 0.050228 0.000000
vt 0.054795 1.000000
vt 0.059361 1.000000
vt 0.059361 0.000000
vt 0.063927 1.000000
vt 0.063927 0.000000
vt 0.068493 1.000000
vt 0.073059 1.000000
vt 0.073059 0.000000
vt 0.077626 1.000000
vt 0.077626 0.000000
vt 0.082192 1.000000
vt 0.086758 1.000000
vt 0.086758 0.000000
vt 0.091324 1.000000
vt 0.091324 0.000000
vt 0.095890 1.000000
vt 0.100457 1.000000
vt 0.100457 0.000000
vt 0.105023 1.000000
vt 0.105023 0.000000
vt 0.109589 1.000000
vt 0.114155 1.000000
vt 0.114155 0.000000
vt 0.118721 1.000000
vt 0.118721 0.000000
vt 0.123288 1.000000
vt 0.127854 1.000000
vt 0.127854 0.000000
vt 0.132420 1.000000
vt 0.132420 0.000000
vt 0.136986 1.000000
vt 0.141553 1.000000
vt 0.141553 0.000000
vt 0.146119 1.000000
vt 0.146119 0.000000
vt 0.150685 1.000000
vt 0.155251 1.000000
vt 0.155251 0.000000
vt 0.159817 1.000000
vt 0.159817 0.000000
vt 0.164384 1.000000
vt 0.168950 1.000000
vt 0.168950 0.000000
vt 0.173516 1.000000
vt 0.173516 0.000000
vt 0.178082 1.000000
vt 0.182648 1.000000
vt 0.182648 0.000000
vt 0.187215 1.000000
vt 0.187215 0.000000
vt 0.191781 1.000000
vt 0.196347 1.000000
vt 0.196347 0.000000
vt 0.200913 1.000000
vt 0.200913 0.000000
vt 0.205479 1.000000
vt 0.210046 1.000000
vt 0.210046 0.000000
vt 0.214612 1.000000
vt 0.214612 0.000000
vt 0.219178 1.000000
vt 0.223744 1.000000
vt 0.223744 0.000000
vt 0.228310 1.000000
vt 0.228310 0.000000
vt 0.232877 1.000000
vt 0.237443 1.000000
vt 0.237443 0.000000
vt 0.242009 1.000000
vt 0.242009 0.000000
vt 0.246575 1.000000
vt 0.251142 1.000000
vt 0.251142 0.000000
vt 0.255708 1.000000
vt 0.255708 0.000000
vt 0.260274 1.000000
vt 0.264840 1.000000
vt 0.264840 0.000000
vt 0.269406 1.000000
vt 0.269406 0.000000
vt 0.273973 1.000000
vt 0.278539 1.000000
vt 0.278539 0.000000
vt 0.283105 1.000000
vt 0.283105 0.000000
vt 0.287671 1.000000
vt 0.292237 1.000000
vt 0.292237 0.000000
vt 0.296804 1.000000
vt 0.296804 0.000000
vt 0.301370 1.000000
vt 0.305936 1.000000
vt 0.305936 0.000000
vt 0.310502 1.000000
vt 0.310502 0.000000
vt 0.315068 1.000000
vt 0.319635 1.000000
vt 0.319635 0.000000
vt 0.324201 1.000000
vt 0.324201 0.000000
vt 0.328767 1.000000
vt 0.337900 1.000000
vt 0.337900 0.000000
vt 0.342466 1.000000
vt 0.347032 1.000000
vt 0.347032 0.000000
vt 0.351598 1.000000
vt 0.351598 0.000000
vt 0.356164 1.000000
vt 0.360731 1.000000
vt 0.360731 0.000000
vt 0.365297 1.000000
vt 0.365297 0.000000
vt 0.369863 1.000000
vt 0.374429 1.000000
vt 0.374429 0.000000
vt 0.378995 1.000000
vt 0.378995 0.000000
vt 0.383562 1.000000
vt 0.388128 1.000000
vt 0.388128 0.000000
vt 0.392694 1.000000
vt 0.392694 0.000000
vt 0.397260 1.000000
vt 0.401826 1.000000
vt 0.401826 0.000000
vt 0.406393 1.000000
vt 0.406393 0.000000
vt 0.410959 1.000000
vt 0.415525 1.000000
vt 0.415525 0.000000
vt 0.420091 1.000000
vt 0.420091 0.000000
vt 0.424658 1.000000
vt 0.429224 1.000000
vt 0.429224 0.000000
vt 0.433790 1.000000
vt 0.433790 0.000000
vt 0.438356 1.000000
vt 0.442922 1.000000
vt 0.442922 0.000000
vt 0.447489 1.000000
vt 0.447489 0.000000
vt 0.452055 1.000000
vt 0.456621 1.000000
vt 0.456621 0.000000
vt 0.461187 1.000000
vt 0.461187 0.000000
vt 0.465753 1.000000
vt 0.470320 1.000000
vt 0.470320 0.000000
vt 0.474886 1.000000
vt 0.474886 0.000000
vt 0.479452 1.000000
vt 0.484018 1.000000
vt 0.484018 0.000000
vt 0.488584 1.000000
vt 0.488584 0.000000
vt 0.493151 1.000000
vt 0.497717 1.000000
vt 0.497717 0.000000
vt 0.502283 1.000000
vt 0.502283 0.000000
vt 0.506849 1.000000
vt 0.511416 1.000000
vt 0.511416 0.000000
vt 0.515982 1.000000
vt 0.515982 0.000000
vt 0.520548 1.000000
vt 0.525114 1.000000
vt 0.525114 0.000000
vt 0.529680 1.000000
vt 0.529680 0.000000
vt 0.534247 1.000000
vt 0.538813 1.000000
vt 0.538813 0.000000
vt 0.543379 1.000000
vt 0.543379 0.000000
vt 0.547945 1.000000
vt 0.552511 1.000000
vt 0.552511 0.000000
vt 0.557078 1.000000
vt 0.557078 0.000000
vt 0.561644 1.000000
vt 0.566210 1.000000
vt 0.566210 0.000000
vt 0.570776 1.000000
vt 0.570776 0.000000
vt 0.575342 1.000000
vt 0.579909 1.000000
vt 0.579909 0.000000
vt 0.584475 1.000000
vt 0.584475 0.000000
vt 0.589041 1.000000
vt 0.593607 1.000000
vt 0.593607 0.000000
vt 0.598173 1.000000
vt 0.598173 0.000000
vt 0.602740 1.000000
vt 0.607306 1.000000
vt 0.607306 0.000000
vt 0.611872 1.000000
vt 0.611872 0.000000
vt 0.616438 1.000000
vt 0.621005 1.000000
vt 0.621005 0.000000
vt 0.625571 1.000000
vt 0.625571 0.000000
vt 0.630137 1.000000
vt 0.634703 1.000000
vt 0.634703 0.000000
vt 0.639269 1.000000
vt 0.639269 0.000000
vt 0.643836 1.000000
vt 0.648402 1.000000
vt 0.648402 0.000000
vt 0.652968 1.000000
vt 0.652968 0.000000
vt 0.657534 1.000000
vt 0.662100 1.000000
vt 0.662100 0.000000
vt 0.671233 1.000000
vt 0.675799 1.000000
vt 0.675799 0.000000
vt 0.680365 1.000000
vt 0.680365 0.000000
vt 0.684932 1.000000
vt 0.689498 1.000000
vt 0.689498 0.000000
vt 0.694064 1.000000
vt 0.694064 0.000000
vt 0.698630 1.000000
vt 0.703196 1.000000
vt 0.703196 0.000000
vt 0.707763 1.000000
vt 0.707763 0.000000
vt 0.712329 1.000000
vt 0.716895 1.000000
vt 0.716895 0.000000
vt 0.721461 1.000000
vt 0.721461 0.000000
vt 0.726027 1.000000
vt 0.730594 1.000000
vt 0.730594 0.000000
vt 0.735160 1.000000
vt 0.735160 0.000000
vt 0.739726 1.000000
vt 0.744292 1.000000
vt 0.744292 0.000000
vt 0.748858 1.000000
vt 0.748858 0.000000
vt 0.753425 1.000000
vt 0.757991 1.000000
vt 0.757991 0.000000
vt 0.762557 1.000000
vt 0.762557 0.000000
vt 0.767123 1.000000
vt 0.771689 1.000000
vt 0.771689 0.000000
vt 0.776256 1.000000
vt 0.776256 0.000000
vt 0.780822 1.000000
vt 0.785388 1.000000
vt 0.785388 0.000000
vt 0.789954 1.000000
vt 0.789954 0.000000
vt 0.794521 1.000000
vt 0.799087 1.000000
vt 0.799087 0.000000
vt 0.803653 1.000000
vt 0.803653 0.000000
vt 0.808219 1.000000
vt 0.812785 1.000000
vt 0.812785 0.000000
vt 0.817352 1.000000
vt 0.817352 0.000000
vt 0.821918 1.000000
vt 0.826484 1.000000
vt 0.826484 0.000000
vt 0.831050 1.000000
vt 0.831050 0.000000
vt 0.835616 1.000000
vt 0.840183 1.000000
vt 0.840183 0.000000
vt 0.844749 1.000000
vt 0.844749 0.000000
vt 0.849315 1.000000
vt 0.853881 1.000000
vt 0.853881 0.000000
vt 0.858447 1.000000
vt 0.858447 0.000000
vt 0.863014 1.000000
vt 0.867580 1.000000
vt 0.867580 0.000000
vt 0.872146 1.000000
vt 0.872146 0.000000
vt 0.876712 1.000000
vt 0.881279 1.000000
vt 0.881279 0.000000
vt 0.885845 1.000000
vt 0.885845 0.000000
vt 0.890411 1.000000
vt 0.894977 1.000000
vt 0.894977 0.000000
vt 0.899543 1.000000
vt 0.899543 0.000000
vt 0.904110 1.000000
vt 0.908676 1.000000
vt 0.908676 0.000000
vt 0.913242 1.000000
vt 0.913242 0.000000
vt 0.917808 1.000000
vt 0.922374 1.000000
vt 0.922374 0.000000
vt 0.926941 1.000000
vt 0.926941 0.000000
vt 0.931507 1.000000
vt 0.936073 1.000000
vt 0.936073 0.000000
vt 0.940639 1.000000
vt 0.940639 0.000000
vt 0.945205 1.000000
vt 0.949772 1.000000
vt 0.949772 0.000000
vt 0.954338 1.000000
vt 0.954338 0.000000
vt 0.958904 1.000000
vt 0.963470 1.000000
vt 0.963470 0.000000
vt 0.968037 1.000000
vt 0.968037 0.000000
vt 0.972603 1.000000
vt 0.977169 1.000000
vt 0.977169 0.000000
vt 0.981735 1.000000
vt 0.981735 0.000000
vt 0.986301 1.000000
vt 0.990868 1.000000
vt 0.990868 0.000000
vt 0.995434 1.000000
vt 0.995434 0.000000
vt 0.016129 1.000000
vt 0.016129 0.000000
vt 0.032258 1.000000
vt 0.032258 0.000000
vt 0.048387 1.000000
vt 0.048387 0.000000
vt 0.064516 1.000000
vt 0.064516 0.000000
vt 0.080645 1.000000
vt 0.080645 0.000000
vt 0.096774 1.000000
vt 0.096774 0.000000
vt 0.112903 1.000000
vt 0.112903 0.000000
vt 0.129032 1.000000
vt 0.129032 0.000000
vt 0.145161 1.000000
vt 0.145161 0.000000
vt 0.161290 1.000000
vt 0.161290 0.000000
vt 0.177419 1.000000
vt 0.177419 0.000000
vt 0.193548 1.000000
vt 0.193548 0.000000
vt 0.209677 1.000000
vt 0.209677 0.000000
vt 0.225806 1.000000
vt 0.225806 0.000000
vt 0.241935 1.000000
vt 0.241935 0.000000
vt 0.258065 1.000000
vt 0.258065 0.000000
vt 0.274194 1.000000
vt 0.274194 0.000000
vt 0.290323 1.000000
vt 0.290323 0.000000
vt 0.306452 1.000000
vt 0.306452 0.000000
vt 0.322581 1.000000
vt 0.322581 0.000000
vt 0.338710 1.000000
vt 0.338710 0.000000
vt 0.354839 1.000000
vt 0.354839 0.000000
vt 0.370968 1.000000
vt 0.370968 0.000000
vt 0.387097 1.000000
vt 0.387097 0.000000
vt 0.403226 1.000000
vt 0.403226 0.000000
vt 0.419355 1.000000
vt 0.419355 0.000000
vt 0.435484 1.000000
vt 0.435484 0.000000
vt 0.451613 1.000000
vt 0.451613 0.000000
vt 0.467742 1.000000
vt 0.467742 0.000000
vt 0.483871 1.000000
vt 0.483871 0.000000
vt 0.516129 1.000000
vt 0.516129 0.000000
vt 0.532258 1.000000
vt 0.532258 0.000000
vt 0.548387 1.000000
vt 0.548387 0.000000
vt 0.564516 1.000000
vt 0.564516 0.000000
vt 0.580645 1.000000
vt 0.580645 0.000000
vt 0.596774 1.000000
vt 0.596774 0.000000
vt 0.612903 1.000000
vt 0.612903 0.000000
vt 0.629032 1.000000
vt 0.629032 0.000000
vt 0.645161 1.000000
vt 0.645161 0.000000
vt 0.661290 1.000000
vt 0.661290 0.000000
vt 0.677419 1.000000
vt 0.677419 0.000000
vt 0.693548 1.000000
vt 0.693548 0.000000
vt 0.709677 1.000000
vt 0.709677 0.000000
vt 0.725806 1.000000
vt 0.725806 0.000000
vt 0.741935 1.000000
vt 0.741935 0.000000
vt 0.758065 1.000000
vt 0.758065 0.000000
vt 0.774194 1.000000
vt 0.774194 0.000000
vt 0.790323 1.000000
vt 0.790323 0.000000
vt 0.806452 1.000000
vt 0.806452 0.000000
vt 0.822581 1.000000
vt 0.822581 0.000000
vt 0.838710 1.000000
vt 0.838710 0.000000
vt 0.854839 1.000000
vt 0.854839 0.000000
vt 0.870968 1.000000
vt 0.870968 0.000000
vt 0.887097 1.000000
vt 0.887097 0.000000
vt 0.903226 1.000000
vt 0.903226 0.000000
vt 0.919355 1.000000
vt 0.919355 0.000000
vt 0.935484 1.000000
vt 0.935484 0.000000
vt 0.951613 1.000000
vt 0.951613 0.000000
vt 0.967742 1.000000
vt 0.967742 0.000000
vt 0.983871 1.000000
vt 0.983871 0.000000
vt 0.020000 1.000000
vt 0.020000 0.000000
vt 0.040000 1.000000
vt 0.040000 0.000000
vt 0.060000 1.000000
vt 0.060000 0.000000
vt 0.080000 1.000000
vt 0.080000 0.000000
vt 0.120000 1.000000
vt 0.120000 0.000000
vt 0.140000 1.000000
vt 0.140000 0.000000
vt 0.160000 1.000000
vt 0.160000 0.000000
vt 0.180000 1.000000
vt 0.180000 0.000000
vt 0.220000 1.000000
vt 0.220000 0.000000
vt 0.240000 1.000000
vt 0.240000 0.000000
vt 0.260000 1.000000
vt 0.260000 0.000000
vt 0.280000 1.000000
vt 0.280000 0.000000
vt 0.320000 1.000000
vt 0.320000 0.000000
vt 0.340000 1.000000
vt 0.340000 0.000000
vt 0.360000 1.000000
vt 0.360000 0.000000
vt 0.380000 1.000000
vt 0.380000 0.000000
vt 0.420000 1.000000
vt 0.420000 0.000000
vt 0.440000 1.000000
vt 0.440000 0.000000
vt 0.460000 1.000000
vt 0.460000 0.000000
vt 0.480000 1.000000
vt 0.480000 0.000000
vt 0.520000 1.000000
vt 0.520000 0.000000
vt 0.540000 1.000000
vt 0.540000 0.000000
vt 0.560000 1.000000
vt 0.560000 0.000000
vt 0.580000 1.000000
vt 0.580000 0.000000
vt 0.620000 1.000000
vt 0.620000 0.000000
vt 0.640000 1.000000
vt 0.640000 0.000000
vt 0.660000 1.000000
vt 0.660000 0.000000
vt 0.680000 1.000000
vt 0.680000 0.000000
vt 0.720000 1.000000
vt 0.720000 0.000000
vt 0.740000 1.000000
vt 0.740000 0.000000
vt 0.760000 1.000000
vt 0.760000 0.000000
vt 0.780000 1.000000
vt 0.780000 0.000000
vt 0.820000 1.000000
vt 0.820000 0.000000
vt 0.840000 1.000000
vt 0.840000 0.000000
vt 0.860000 1.000000
vt 0.860000 0.000000
vt 0.880000 1.000000
vt 0.880000 0.000000
vt 0.920000 1.000000
vt 0.920000 0.000000
vt 0.940000 1.000000
vt 0.940000 0.000000
vt 0.960000 1.000000
vt 0.960000 0.000000
vt 0.980000 1.000000
vt 0.980000 0.000000
vt 0.013514 1.000000
vt 0.013514 0.000000
vt 0.027027 1.000000
vt 0.027027 0.000000
vt 0.040541 1.000000
vt 0.040541 0.000000
vt 0.054054 1.000000
vt 0.054054 0.000000
vt 0.067568 1.000000
vt 0.067568 0.000000
vt 0.081081 1.000000
vt 0.081081 0.000000
vt 0.094595 1.000000
vt 0.094595 0.000000
vt 0.108108 1.000000
vt 0.108108 0.000000
vt 0.121622 1.000000
vt 0.121622 0.000000
vt 0.135135 1.000000
vt 0.135135 0.000000
vt 0.148649 1.000000
vt 0.148649 0.000000
vt 0.162162 1.000000
vt 0.162162 0.000000
vt 0.175676 1.000000
vt 0.175676 0.000000
vt 0.189189 1.000000
vt 0.189189 0.000000
vt 0.202703 1.000000
vt 0.202703 0.000000
vt 0.216216 1.000000
vt 0.216216 0.000000
vt 0.229730 1.000000
vt 0.229730 0.000000
vt 0.243243 1.000000
vt 0.243243 0.000000
vt 0.256757 1.000000
vt 0.256757 0.000000
vt 0.270270 1.000000
vt 0.270270 0.000000
vt 0.283784 1.000000
vt 0.283784 0.000000
vt 0.297297 1.000000
vt 0.297297 0.000000
vt 0.310811 1.000000
vt 0.310811 0.000000
vt 0.324324 1.000000
vt 0.324324 0.000000
vt 0.337838 1.000000
vt 0.337838 0.000000
vt 0.351351 1.000000
vt 0.351351 0.000000
vt 0.364865 1.000000
vt 0.364865 0.000000
vt 0.378378 1.000000
vt 0.378378 0.000000
vt 0.391892 1.000000
vt 0.391892 0.000000
vt 0.405405 1.000000
vt 0.405405 0.000000
vt 0.418919 1.000000
vt 0.418919 0.000000
vt 0.432432 1.000000
vt 0.432432 0.000000
vt 0.445946 1.000000
vt 0.445946 0.000000
vt 0.459459 1.000000
vt 0.459459 0.000000
vt 0.472973 1.000000
vt 0.472973 0.000000
vt 0.486486 1.000000
vt 0.486486 0.000000
vt 0.513514 1.000000
vt 0.513514 0.000000
vt 0.527027 1.000000
vt 0.527027 0.000000
vt 0.540541 1.000000
vt 0.540541 0.000000
vt 0.554054 1.000000
vt 0.554054 0.000000
vt 0.567568 1.000000
vt 0.567568 0.000000
vt 0.581081 1.000000
vt 0.581081 0.000000
vt 0.594595 1.000000
vt 0.594595 0.000000
vt 0.608108 1.000000
vt 0.608108 0.000000
vt 0.621622 1.000000
vt 0.621622 0.000000
vt 0.635135 1.000000
vt 0.635135 0.000000
vt 0.648649 1.000000
vt 0.648649 0.000000
vt 0.662162 1.000000
vt 0.662162 0.000000
vt 0.675676 1.000000
vt 0.675676 0.000000
vt 0.689189 1.000000
vt 0.689189 0.000000
vt 0.702703 1.000000
vt 0.702703 0.000000
vt 0.716216 1.000000
vt 0.716216 0.000000
vt 0.729730 1.000000
vt 0.729730 0.000000
vt 0.743243 1.000000
vt 0.743243 0.000000
vt 0.756757 1.000000
vt 0.756757 0.000000
vt 0.770270 1.000000
vt 0.770270 0.000000
vt 0.783784 1.000000
vt 0.783784 0.000000
vt 0.797297 1.000000
vt 0.797297 0.000000
vt 0.810811 1.000000
vt 0.810811 0.000000
vt 0.824324 1.000000
vt 0.824324 0.000000
vt 0.837838 1.000000
vt 0.837838 0.000000
vt 0.851351 1.000000
vt 0.851351 0.000000
vt 0.864865 1.000000
vt 0.864865 0.000000
vt 0.878378 1.000000
vt 0.878378 0.000000
vt 0.891892 1.000000
vt 0.891892 0.000000
vt 0.905405 1.000000
vt 0.905405 0.000000
vt 0.918919 1.000000
vt 0.918919 0.000000
vt 0.932432 1.000000
vt 0.932432 0.000000
vt 0.945946 1.000000
vt 0.945946 0.000000
vt 0.959459 1.000000
vt 0.959459 0.000000
vt 0.972973 1.000000
vt 0.972973 0.000000
vt 0.986486 1.000000
vt 0.986486 0.000000
vt 0.006757 1.000000
vt 0.006757 0.000000
vt 0.020270 1.000000
vt 0.020270 0.000000
vt 0.033784 1.000000
vt 0.033784 0.000000
vt 0.047297 1.000000
vt 0.047297 0.000000
vt 0.060811 1.000000
vt 0.060811 0.000000
vt 0.074324 1.000000
vt 0.074324 0.000000
vt 0.087838 1.000000
vt 0.087838 0.000000
vt 0.101351 1.000000
vt 0.101351 0.000000
vt 0.114865 1.000000
vt 0.114865 0.000000
vt 0.128378 1.000000
vt 0.128378 0.000000
vt 0.141892 1.000000
vt 0.141892 0.000000
vt 0.155405 1.000000
vt 0.155405 0.000000
vt 0.168919 1.000000
vt 0.168919 0.000000
vt 0.182432 1.000000
vt 0.182432 0.000000
vt 0.195946 1.000000
vt 0.195946 0.000000
vt 0.209459 1.000000
vt 0.209459 0.000000
vt 0.222973 1.000000
vt 0.222973 0.000000
vt 0.236486 1.000000
vt 0.236486 0.000000
vt 0.263514 1.000000
vt 0.263514 0.000000
vt 0.277027 1.000000
vt 0.277027 0.000000
vt 0.290541 1.000000
vt 0.290541 0.000000
vt 0.304054 1.000000
vt 0.304054 0.000000
vt 0.317568 1.000000
vt 0.317568 0.000000
vt 0.331081 1.000000
vt 0.331081 0.000000
vt 0.344595 1.000000
vt 0.344595 0.000000
vt 0.358108 1.000000
vt 0.358108 0.000000
vt 0.371622 1.000000
vt 0.371622 0.000000
vt 0.385135 1.000000
vt 0.385135 0.000000
vt 0.398649 1.000000
vt 0.398649 0.000000
vt 0.412162 1.000000
vt 0.412162 0.000000
vt 0.425676 1.000000
vt 0.425676 0.000000
vt 0.439189 1.000000
vt 0.439189 0.000000
vt 0.452703 1.000000
vt 0.452703 0.000000
vt 0.466216 1.000000
vt 0.466216 0.000000
vt 0.479730 1.000000
vt 0.479730 0.000000
vt 0.493243 1.000000
vt 0.493243 0.000000
vt 0.506757 1.000000
vt 0.506757 0.000000
vt 0.520270 1.000000
vt 0.520270 0.000000
vt 0.533784 1.000000
vt 0.533784 0.000000
vt 0.547297 1.000000
vt 0.547297 0.000000
vt 0.560811 1.000000
vt 0.560811 0.000000
vt 0.574324 1.000000
vt 0.574324 0.000000
vt 0.587838 1.000000
vt 0.587838 0.000000
vt 0.601351 1.000000
vt 0.601351 0.000000
vt 0.614865 1.000000
vt 0.614865 0.000000
vt 0.628378 1.000000
vt 0.628378 0.000000
vt 0.641892 1.000000
vt 0.641892 0.000000
vt 0.655405 1.000000
vt 0.655405 0.000000
vt 0.668919 1.000000
vt 0.668919 0.000000
vt 0.682432 1.000000
vt 0.682432 0.000000
vt 0.695946 1.000000
vt 0.695946 0.000000
vt 0.709459 1.000000
vt 0.709459 0.000000
vt 0.722973 1.000000
vt 0.722973 0.000000
vt 0.736486 1.000000
vt 0.736486 0.000000
vt 0.763514 1.000000
vt 0.763514 0.000000
vt 0.777027 1.000000
vt 0.777027 0.000000
vt 0.790541 1.000000
vt 0.790541 0.000000
vt 0.804054 1.000000
vt 0.804054 0.000000
vt 0.817568 1.000000
vt 0.817568 0.000000
vt 0.831081 1.000000
vt 0.831081 0.000000
vt 0.844595 1.000000
vt 0.844595 0.000000
vt 0.858108 1.000000
vt 0.858108 0.000000
vt 0.871622 1.000000
vt 0.871622 0.000000
vt 0.885135 1.000000
vt 0.885135 0.000000
vt 0.898649 1.000000
vt 0.898649 0.000000
vt 0.912162 1.000000
vt 0.912162 0.000000
vt 0.925676 1.000000
vt 0.925676 0.000000
vt 0.939189 1.000000
vt 0.939189 0.000000
vt 0.952703 1.000000
vt 0.952703 0.000000
vt 0.966216 1.000000
vt 0.966216 0.000000
vt 0.979730 1.000000
vt 0.979730 0.000000
vt 0.993243 1.000000
vt 0.993243 0.000000
vt 0.011236 1.000000
vt 0.011236 0.000000
vt 0.022472 1.000000
vt 0.022472 0.000000
vt 0.033708 1.000000
vt 0.033708 0.000000
vt 0.044944 1.000000
vt 0.044944 0.000000
vt 0.056180 1.000000
vt 0.056180 0.000000
vt 0.067416 1.000000
vt 0.067416 0.000000
vt 0.078652 1.000000
vt 0.078652 0.000000
vt 0.089888 1.000000
vt 0.089888 0.000000
vt 0.101124 1.000000
vt 0.101124 0.000000
vt 0.112360 1.000000
vt 0.112360 0.000000
vt 0.123596 1.000000
vt 0.123596 0.000000
vt 0.134831 1.000000
vt 0.134831 0.000000
vt 0.146067 1.000000
vt 0.146067 0.000000
vt 0.157303 1.000000
vt 0.157303 0.000000
vt 0.168539 1.000000
vt 0.168539 0.000000
vt 0.179775 1.000000
vt 0.179775 0.000000
vt 0.191011 1.000000
vt 0.191011 0.000000
vt 0.202247 1.000000
vt 0.202247 0.000000
vt 0.213483 1.000000
vt 0.213483 0.000000
vt 0.224719 1.000000
vt 0.224719 0.000000
vt 0.235955 1.000000
vt 0.235955 0.000000
vt 0.247191 1.000000
vt 0.247191 0.000000
vt 0.258427 1.000000
vt 0.258427 0.000000
vt 0.269663 1.000000
vt 0.269663 0.000000
vt 0.280899 1.000000
vt 0.280899 0.000000
vt 0.292135 1.000000
vt 0.292135 0.000000
vt 0.303371 1.000000
vt 0.303371 0.000000
vt 0.314607 1.000000
vt 0.314607 0.000000
vt 0.325843 1.000000
vt 0.325843 0.000000
vt 0.337079 1.000000
vt 0.337079 0.000000
vt 0.348315 1.000000
vt 0.348315 0.000000
vt 0.359551 1.000000
vt 0.359551 0.000000
vt 0.370787 1.000000
vt 0.370787 0.000000
vt 0.382022 1.000000
vt 0.382022 0.000000
vt 0.393258 1.000000
vt 0.393258 0.000000
vt 0.404494 1.000000
vt 0.404494 0.000000
vt 0.415730 1.000000
vt 0.415730 0.000000
vt 0.426966 1.000000
vt 0.426966 0.000000
vt 0.438202 1.000000
vt 0.438202 0.000000
vt 0.449438 1.000000
vt 0.449438 0.000000
vt 0.460674 1.000000
vt 0.460674 0.000000
vt 0.471910 1.000000
vt 0.471910 0.000000
vt 0.483146 1.000000
vt 0.483146 0.000000
vt 0.494382 1.000000
vt 0.494382 0.000000
vt 0.505618 1.000000
vt 0.505618 0.000000
vt 0.516854 1.000000
vt 0.516854 0.000000
vt 0.528090 1.000000
vt 0.528090 0.000000
vt 0.539326 1.000000
vt 0.539326 0.000000
vt 0.550562 1.000000
vt 0.550562 0.000000
vt 0.561798 1.000000
vt 0.561798 0.000000
vt 0.573034 1.000000
vt 0.573034 0.000000
vt 0.584270 1.000000
vt 0.584270 0.000000
vt 0.595506 1.000000
vt 0.595506 0.000000
vt 0.606742 1.000000
vt 0.606742 0.000000
vt 0.617977 1.000000
vt 0.617977 0.000000
vt 0.629214 1.000000
vt 0.629214 0.000000
vt 0.640449 1.000000
vt 0.640449 0.000000
vt 0.651685 1.000000
vt 0.651685 0.000000
vt 0.662921 1.000000
vt 0.662921 0.000000
vt 0.674157 1.000000
vt 0.674157 0.000000
vt 0.685393 1.000000
vt 0.685393 0.000000
vt 0.696629 1.000000
vt 0.696629 0.000000
vt 0.707865 1.000000
vt 0.707865 0.000000
vt 0.719101 1.000000
vt 0.719101 0.000000
vt 0.730337 1.000000
vt 0.730337 0.000000
vt 0.741573 1.000000
vt 0.741573 0.000000
vt 0.752809 1.000000
vt 0.752809 0.000000
vt 0.764045 1.000000
vt 0.764045 0.000000
vt 0.775281 1.000000
vt 0.775281 0.000000
vt 0.786517 1.000000
vt 0.786517 0.000000
vt 0.797753 1.000000
vt 0.797753 0.000000
vt 0.808989 1.000000
vt 0.808989 0.000000
vt 0.820225 1.000000
vt 0.820225 0.000000
vt 0.831461 1.000000
vt 0.831461 0.000000
vt 0.842697 1.000000
vt 0.842697 0.000000
vt 0.853933 1.000000
vt 0.853933 0.000000
vt 0.865169 1.000000
vt 0.865169 0.000000
vt 0.876405 1.000000
vt 0.876405 0.000000
vt 0.887640 1.000000
vt 0.887640 0.000000
vt 0.898876 1.000000
vt 0.898876 0.000000
vt 0.910112 1.000000
vt 0.910112 0.000000
vt 0.921348 1.000000
vt 0.921348 0.000000
vt 0.932584 1.000000
vt 0.932584 0.000000
vt 0.943820 1.000000
vt 0.943820 0.000000
vt 0.955056 1.000000
vt 0.955056 0.000000
vt 0.966292 1.000000
vt 0.966292 0.000000
vt 0.977528 1.000000
vt 0.977528 0.000000
vt 0.988764 1.000000
vt 0.988764 0.000000
s 1
usemtl マテリアル
f 11/1/1 13/2/1 12/3/1
f 11/1/1 14/4/1 13/2/1
f 11/1/1 15/5/1 14/4/1
f 10/6/1 15/5/1 11/1/1
f 10/6/1 16/7/1 15/5/1
f 9/8/1 16/7/1 10/6/1
f 9/8/1 17/9/1 16/7/1
f 8/10/1 17/9/1 9/8/1
f 8/10/1 18/11/1 17/9/1
f 7/12/1 18/11/1 8/10/1
f 7/12/1 19/13/1 18/11/1
f 6/14/1 19/13/1 7/12/1
f 6/14/1 20/15/1 19/13/1
f 5/16/1 20/15/1 6/14/1
f 5/16/1 21/17/1 20/15/1
f 4/18/1 21/17/1 5/16/1
f 4/18/1 22/19/1 21/17/1
f 3/20/1 22/19/1 4/18/1
f 3/20/1 23/21/1 22/19/1
f 2/22/1 23/21/1 3/20/1
f 2/22/1 24/23/1 23/21/1
f 1/24/1 24/23/1 2/22/1
f 1/24/1 25/25/1 24/23/1
f 89/26/1 25/25/1 1/24/1
f 88/27/1 25/25/1 89/26/1
f 88/27/1 26/28/1 25/25/1
f 87/29/1 26/28/1 88/27/1
f 86/30/1 26/28/1 87/29/1
f 85/31/1 26/28/1 86/30/1
f 85/31/1 27/32/1 26/28/1
f 85/31/1 28/33/1 27/32/1
f 84/34/1 28/33/1 85/31/1
f 84/34/1 29/35/1 28/33/1
f 84/34/1 30/36/1 29/35/1
f 84/34/1 31/37/1 30/36/1
f 84/34/1 32/38/1 31/37/1
f 83/39/1 51/40/1 84/34/1
f 51/40/1 32/38/1 84/34/1
f 51/40/1 33/41/1 32/38/1
f 83/39/1 52/42/1 51/40/1
f 50/43/1 33/41/1 51/40/1
f 50/43/1 34/44/1 33/41/1
f 49/45/1 34/44/1 50/43/1
f 49/45/1 35/46/1 34/44/1
f 48/47/1 35/46/1 49/45/1
f 47/48/1 35/46/1 48/47/1
f 47/48/1 36/49/1 35/46/1
f 46/50/1 36/49/1 47/48/1
f 46/50/1 37/51/1 36/49/1
f 82/52/1 52/42/1 83/39/1
f 45/53/1 37/51/1 46/50/1
f 45/53/1 38/54/1 37/51/1
f 44/55/1 38/54/1 45/53/1
f 44/55/1 43/56/1 38/54/1
f 43/56/1 42/57/1 38/54/1
f 42/57/1 41/58/1 38/54/1
f 41/58/1 40/59/1 38/54/1
f 40/59/1 39/60/1 38/54/1
f 81/61/1 52/42/1 82/52/1
f 80/62/1 52/42/1 81/61/1
f 79/63/1 52/42/1 80/62/1
f 78/64/1 52/42/1 79/63/1
f 77/65/1 52/42/1 78/64/1
f 76/66/1 52/42/1 77/65/1
f 76/66/1 53/67/1 52/42/1
f 76/66/1 54/68/1 53/67/1
f 75/69/1 54/68/1 76/66/1
f 75/69/1 55/70/1 54/68/1
f 74/71/1 55/70/1 75/69/1
f 74/71/1 56/72/1 55/70/1
f 73/73/1 56/72/1 74/71/1
f 73/73/1 57/74/1 56/72/1
f 72/75/1 57/74/1 73/73/1
f 72/75/1 58/76/1 57/74/1
f 71/77/1 58/76/1 72/75/1
f 71/77/1 59/78/1 58/76/1
f 70/79/1 59/78/1 71/77/1
f 70/79/1 60/80/1 59/78/1
f 69/81/1 60/80/1 70/79/1
f 69/81/1 61/82/1 60/80/1
f 68/83/1 61/82/1 69/81/1
f 68/83/1 62/84/1 61/82/1
f 67/85/1 62/84/1 68/83/1
f 67/85/1 63/86/1 62/84/1
f 66/87/1 63/86/1 67/85/1
f 66/87/1 64/88/1 63/86/1
f 65/89/1 64/88/1 66/87/1
f 223/90/1 225/91/1 224/92/1
f 222/93/1 225/91/1 223/90/1
f 187/94/1 189/95/1 188/96/1
f 221/97/1 225/91/1 222/93/1
f 187/94/1 190/98/1 189/95/1
f 187/94/1 191/99/1 190/98/1
f 220/100/1 225/91/1 221/97/1
f 187/94/1 192/101/1 191/99/1
f 219/102/1 225/91/1 220/100/1
f 187/94/1 193/103/1 192/101/1
f 187/94/1 194/104/1 193/103/1
f 218/105/1 225/91/1 219/102/1
f 187/94/1 195/106/1 194/104/1
f 217/107/1 225/91/1 218/105/1
f 187/94/1 196/108/1 195/106/1
f 216/109/1 225/91/1 217/107/1
f 187/94/1 197/110/1 196/108/1
f 215/111/1 225/91/1 216/109/1
f 187/94/1 198/112/1 197/110/1
f 214/113/1 225/91/1 215/111/1
f 187/94/1 199/114/1 198/112/1
f 213/115/1 225/91/1 214/113/1
f 187/94/1 200/116/1 199/114/1
f 212/117/1 225/91/1 213/115/1
f 187/94/1 201/118/1 200/116/1
f 187/94/1 202/119/1 201/118/1
f 187/94/1 203/120/1 202/119/1
f 187/94/1 204/121/1 203/120/1
f 187/94/1 205/122/1 204/121/1
f 187/94/1 206/123/1 205/122/1
f 187/94/1 207/124/1 206/123/1
f 187/94/1 208/125/1 207/124/1
f 187/94/1 209/126/1 208/125/1
f 187/94/1 210/127/1 209/126/1
f 187/94/1 211/128/1 210/127/1
f 187/94/1 212/117/1 211/128/1
f 187/94/1 225/91/1 212/117/1
f 187/94/1 186/129/1 225/91/1
f 186/129/1 226/130/1 225/91/1
f 186/129/1 227/131/1 226/130/1
f 186/129/1 185/132/1 227/131/1
f 185/132/1 228/133/1 227/131/1
f 185/132/1 184/134/1 228/133/1
f 184/134/1 229/135/1 228/133/1
f 184/134/1 183/136/1 229/135/1
f 183/136/1 182/137/1 229/135/1
f 182/137/1 230/138/1 229/135/1
f 182/137/1 181/139/1 230/138/1
f 181/139/1 231/140/1 230/138/1
f 181/139/1 180/141/1 231/140/1
f 180/141/1 179/142/1 231/140/1
f 179/142/1 232/143/1 231/140/1
f 179/142/1 178/144/1 232/143/1
f 178/144/1 233/145/1 232/143/1
f 178/144/1 177/146/2 233/145/1
f 177/146/2 234/147/1 233/145/1
f 177/146/2 235/148/1 234/147/1
f 177/146/2 176/149/1 235/148/1
f 176/149/1 236/150/1 235/148/1
f 176/149/1 237/26/1 236/150/1
f 176/149/1 175/151/1 237/26/1
f 175/151/1 173/152/1 237/26/1
f 173/152/1 172/153/1 237/26/1
f 172/153/1 171/154/1 237/26/1
f 171/154/1 170/155/1 237/26/1
f 170/155/1 169/156/1 237/26/1
f 169/156/1 168/157/1 237/26/1
f 168/157/1 167/158/1 237/26/1
f 167/158/1 166/159/1 237/26/1
f 166/159/1 165/160/1 237/26/1
f 165/160/1 164/161/1 237/26/1
f 164/161/1 163/162/1 237/26/1
f 163/162/1 90/24/1 237/26/1
s 0
f 174/163/1 173/152/1 175/151/1
s 1
f 162/164/1 90/24/1 163/162/1
f 162/164/1 91/165/1 90/24/1
f 161/166/1 91/165/1 162/164/1
f 161/166/1 92/167/1 91/165/1
f 160/168/1 92/167/1 161/166/1
f 160/168/1 93/169/1 92/167/1
f 159/170/1 93/169/1 160/168/1
f 159/170/1 94/171/1 93/169/1
f 158/172/1 94/171/1 159/170/1
f 158/172/1 95/173/1 94/171/1
f 157/174/1 95/173/1 158/172/1
f 157/174/1 96/175/1 95/173/1
f 156/176/1 96/175/1 157/174/1
f 156/176/1 97/177/1 96/175/1
f 155/178/1 97/177/1 156/176/1
f 154/179/1 97/177/1 155/178/1
f 154/179/1 98/180/1 97/177/1
f 153/181/1 98/180/1 154/179/1
f 153/181/1 99/182/1 98/180/1
f 152/183/1 99/182/1 153/181/1
f 152/183/1 100/184/1 99/182/1
f 151/185/1 100/184/1 152/183/1
f 151/185/1 101/186/1 100/184/1
f 150/187/1 101/186/1 151/185/1
f 150/187/1 102/188/1 101/186/1
f 149/189/1 102/188/1 150/187/1
f 149/189/1 103/190/1 102/188/1
f 148/191/1 103/190/1 149/189/1
f 148/191/1 126/192/1 103/190/1
f 126/192/1 104/193/1 103/190/1
f 148/191/1 127/194/1 126/192/1
f 125/195/1 104/193/1 126/192/1
f 125/195/1 105/196/1 104/193/1
f 147/197/1 127/194/1 148/191/1
f 124/198/1 105/196/1 125/195/1
f 147/197/1 128/199/1 127/194/1
f 124/198/1 106/200/1 105/196/1
f 146/201/1 128/199/1 147/197/1
f 123/202/1 106/200/1 124/198/1
f 146/201/1 129/203/1 128/199/1
f 123/202/1 107/204/1 106/200/1
f 145/205/1 129/203/1 146/201/1
f 122/206/1 107/204/1 123/202/1
f 145/205/1 130/207/1 129/203/1
f 122/206/1 108/208/1 107/204/1
f 144/209/1 130/207/1 145/205/1
f 121/210/1 108/208/1 122/206/1
f 144/209/1 131/211/1 130/207/1
f 121/210/1 109/212/1 108/208/1
f 143/213/1 131/211/1 144/209/1
f 120/214/1 109/212/1 121/210/1
f 143/213/1 132/215/1 131/211/1
f 120/214/1 110/216/1 109/212/1
f 142/217/1 132/215/1 143/213/1
f 119/218/1 110/216/1 120/214/1
f 142/217/1 133/219/1 132/215/1
f 141/220/1 133/219/1 142/217/1
f 119/218/1 111/221/1 110/216/1
f 118/222/1 111/221/1 119/218/1
f 141/220/1 134/223/1 133/219/1
f 140/224/1 134/223/1 141/220/1
f 118/222/1 112/225/1 111/221/1
f 117/226/1 112/225/1 118/222/1
f 139/227/1 134/223/1 140/224/1
f 139/227/1 135/228/1 134/223/1
f 117/226/1 113/229/1 112/225/1
f 138/230/1 135/228/1 139/227/1
f 116/231/1 113/229/1 117/226/1
f 138/230/1 136/232/1 135/228/1
f 116/231/1 115/233/1 113/229/1
f 115/233/1 114/234/1 113/229/1
f 138/230/1 137/235/1 136/232/1
f 298/236/1 300/237/1 299/238/1
f 260/239/1 262/240/1 261/241/1
f 298/236/1 301/242/1 300/237/1
f 259/243/1 262/240/1 260/239/1
f 298/236/1 302/244/1 301/242/1
f 258/245/1 262/240/1 259/243/1
f 298/236/1 303/246/1 302/244/1
f 257/247/1 262/240/1 258/245/1
f 298/236/1 304/248/1 303/246/1
f 256/249/1 262/240/1 257/247/1
f 298/236/1 305/250/1 304/248/1
f 255/251/1 262/240/1 256/249/1
f 298/236/1 306/252/1 305/250/1
f 254/253/1 262/240/1 255/251/1
f 298/236/1 307/254/1 306/252/1
f 253/255/1 262/240/1 254/253/1
f 298/236/1 308/256/1 307/254/1
f 252/257/1 262/240/1 253/255/1
f 298/236/1 309/258/1 308/256/1
f 251/259/1 262/240/1 252/257/1
f 298/236/1 310/260/1 309/258/1
f 250/261/1 262/240/1 251/259/1
f 298/236/1 311/26/1 310/260/1
f 249/262/1 262/240/1 250/261/1
f 298/236/1 238/24/1 311/26/1
f 298/236/1 239/263/1 238/24/1
f 298/236/1 240/264/1 239/263/1
f 298/236/1 241/265/1 240/264/1
f 298/236/1 242/266/1 241/265/1
f 298/236/1 243/267/1 242/266/1
f 298/236/1 244/268/1 243/267/1
f 298/236/1 245/269/1 244/268/1
f 298/236/1 246/270/1 245/269/1
f 298/236/1 247/271/1 246/270/1
f 298/236/1 248/272/1 247/271/1
f 298/236/1 249/262/1 248/272/1
f 298/236/1 297/273/1 249/262/1
f 297/273/1 296/274/1 249/262/1
f 296/274/1 295/275/1 249/262/1
f 295/275/1 294/276/1 249/262/1
f 294/276/1 293/277/1 249/262/1
f 293/277/1 292/278/1 249/262/1
f 292/278/1 291/279/1 249/262/1
f 291/279/1 290/280/1 249/262/1
f 290/280/1 289/281/1 249/262/1
f 289/281/1 288/282/1 249/262/1
f 288/282/1 287/283/1 249/262/1
f 287/283/1 286/284/1 249/262/1
f 286/284/1 285/285/1 249/262/1
f 285/285/1 284/286/1 249/262/1
f 284/286/1 283/287/1 249/262/1
f 283/287/1 281/288/1 249/262/1
f 281/288/1 278/289/1 249/262/1
f 278/289/1 275/290/1 249/262/1
f 275/290/1 274/291/1 249/262/1
f 274/291/1 273/292/1 249/262/1
f 273/292/1 272/293/1 249/262/1
f 272/293/1 271/294/1 249/262/1
f 271/294/1 270/295/1 249/262/1
f 270/295/1 269/296/1 249/262/1
f 269/296/1 268/297/1 249/262/1
f 268/297/1 267/298/1 249/262/1
f 267/298/1 262/240/1 249/262/1
s 0
f 282/299/1 281/288/1 283/287/1
f 280/300/1 278/289/1 281/288/1
f 279/301/1 278/289/1 280/300/1
f 277/302/3 275/290/3 278/289/3
f 276/303/1 275/290/1 277/302/1
s 1
f 266/304/1 262/240/1 267/298/1
f 265/305/1 262/240/1 266/304/1
f 264/306/1 262/240/1 265/305/1
f 263/307/1 262/240/1 264/306/1
f 412/308/1 414/309/1 413/310/1
f 412/308/1 415/311/1 414/309/1
f 412/308/1 416/312/1 415/311/1
f 411/313/1 416/312/1 412/308/1
f 411/313/1 417/314/1 416/312/1
f 410/315/1 417/314/1 411/313/1
f 386/316/1 388/317/1 387/318/1
f 409/319/1 417/314/1 410/315/1
f 409/319/1 418/320/1 417/314/1
f 386/316/1 389/321/1 388/317/1
f 408/322/1 418/320/1 409/319/1
f 408/322/1 419/323/1 418/320/1
f 386/316/1 390/324/1 389/321/1
f 385/325/1 390/324/1 386/316/1
f 407/326/1 419/323/1 408/322/1
f 407/326/1 420/327/1 419/323/1
f 385/325/1 391/328/1 390/324/1
f 384/329/1 391/328/1 385/325/1
f 406/330/1 420/327/1 407/326/1
f 406/330/1 421/331/1 420/327/1
f 384/329/1 392/332/1 391/328/1
f 383/333/1 392/332/1 384/329/1
f 405/334/1 421/331/1 406/330/1
f 405/334/1 422/335/1 421/331/1
f 383/333/1 393/336/1 392/332/1
f 382/337/1 393/336/1 383/333/1
f 404/338/1 422/335/1 405/334/1
f 404/338/1 423/339/1 422/335/1
f 381/340/1 393/336/1 382/337/1
f 381/340/1 394/341/1 393/336/1
f 403/342/1 423/339/1 404/338/1
f 403/342/1 424/343/1 423/339/1
f 380/344/1 394/341/1 381/340/1
f 380/344/1 395/345/1 394/341/1
f 402/346/1 424/343/1 403/342/1
f 402/346/1 425/347/1 424/343/1
f 379/348/1 395/345/1 380/344/1
f 379/348/1 396/349/1 395/345/1
f 402/346/1 401/350/1 425/347/1
f 401/350/1 400/351/1 425/347/1
f 475/26/1 427/352/1 426/353/1
f 378/354/1 396/349/1 379/348/1
f 378/354/1 397/355/1 396/349/1
f 378/354/1 398/356/1 397/355/1
f 377/357/1 398/356/1 378/354/1
f 475/26/1 428/358/1 427/352/1
f 474/359/1 428/358/1 475/26/1
f 377/357/1 399/360/1 398/356/1
f 376/361/1 399/360/1 377/357/1
f 376/361/1 375/362/1 399/360/1
f 375/362/1 374/363/1 399/360/1
f 474/359/1 429/364/1 428/358/1
f 473/365/1 429/364/1 474/359/1
f 473/365/1 430/366/1 429/364/1
f 472/367/1 430/366/1 473/365/1
f 472/367/1 431/368/1 430/366/1
f 471/369/1 431/368/1 472/367/1
f 471/369/1 432/370/1 431/368/1
f 470/371/1 432/370/1 471/369/1
f 470/371/1 433/372/1 432/370/1
f 469/373/1 433/372/1 470/371/1
f 469/373/1 434/374/1 433/372/1
f 468/375/1 434/374/1 469/373/1
f 467/376/1 434/374/1 468/375/1
f 467/376/1 435/377/1 434/374/1
f 466/378/1 435/377/1 467/376/1
f 466/378/1 436/379/1 435/377/1
f 465/380/1 436/379/1 466/378/1
f 465/380/1 437/381/1 436/379/1
f 465/380/1 438/382/1 437/381/1
f 464/383/1 438/382/1 465/380/1
f 464/383/1 439/384/1 438/382/1
f 463/385/1 439/384/1 464/383/1
f 463/385/1 440/386/1 439/384/1
f 462/387/1 440/386/1 463/385/1
f 462/387/1 441/388/1 440/386/1
f 461/389/1 441/388/1 462/387/1
f 461/389/1 442/390/1 441/388/1
f 460/391/1 442/390/1 461/389/1
f 459/392/1 442/390/1 460/391/1
f 459/392/1 443/393/1 442/390/1
f 458/394/1 443/393/1 459/392/1
f 458/394/1 444/395/1 443/393/1
f 457/396/1 444/395/1 458/394/1
f 457/396/1 445/397/1 444/395/1
f 456/398/1 445/397/1 457/396/1
f 456/398/1 446/399/1 445/397/1
f 455/400/1 446/399/1 456/398/1
f 455/400/1 447/401/1 446/399/1
f 454/402/1 447/401/1 455/400/1
f 454/402/1 448/403/1 447/401/1
f 453/404/1 448/403/1 454/402/1
f 453/404/1 449/405/1 448/403/1
f 452/406/1 449/405/1 453/404/1
f 452/406/1 450/407/1 449/405/1
f 452/406/1 451/408/1 450/407/1
f 372/409/1 312/24/1 373/410/1
f 372/409/1 313/411/1 312/24/1
f 372/409/1 314/412/1 313/411/1
f 371/413/1 314/412/1 372/409/1
f 371/413/1 315/414/1 314/412/1
f 371/413/1 316/415/1 315/414/1
f 371/413/1 317/416/1 316/415/1
f 371/413/1 318/417/1 317/416/1
f 371/413/1 319/418/1 318/417/1
f 370/419/1 319/418/1 371/413/1
f 370/419/1 320/420/1 319/418/1
f 370/419/1 321/421/1 320/420/1
f 370/419/1 322/422/1 321/421/1
f 370/419/1 323/423/1 322/422/1
f 370/419/1 324/424/1 323/423/1
f 370/419/1 325/425/1 324/424/1
f 369/426/1 325/425/1 370/419/1
f 369/426/1 326/427/1 325/425/1
f 368/428/1 326/427/1 369/426/1
f 368/428/1 327/429/1 326/427/1
f 368/428/1 328/430/1 327/429/1
f 367/431/1 328/430/1 368/428/1
f 367/431/1 329/432/1 328/430/1
f 366/433/1 329/432/1 367/431/1
f 366/433/1 330/434/1 329/432/1
f 365/435/1 330/434/1 366/433/1
f 365/435/1 331/436/1 330/434/1
f 364/437/1 331/436/1 365/435/1
f 364/437/1 332/438/1 331/436/1
f 363/439/1 332/438/1 364/437/1
f 363/439/1 333/440/1 332/438/1
f 362/441/1 333/440/1 363/439/1
f 362/441/1 334/442/1 333/440/1
f 361/443/1 334/442/1 362/441/1
f 361/443/1 335/444/1 334/442/1
f 360/445/1 335/444/1 361/443/1
f 360/445/1 336/446/1 335/444/1
f 359/447/1 336/446/1 360/445/1
f 359/447/1 337/448/1 336/446/1
f 358/449/1 337/448/1 359/447/1
f 358/449/1 338/450/1 337/448/1
f 357/451/1 338/450/1 358/449/1
f 357/451/1 339/452/1 338/450/1
f 356/453/1 339/452/1 357/451/1
f 356/453/1 340/454/1 339/452/1
f 355/455/1 340/454/1 356/453/1
f 355/455/1 341/456/1 340/454/1
f 354/457/1 341/456/1 355/455/1
f 354/457/1 342/458/1 341/456/1
f 353/459/1 342/458/1 354/457/1
f 353/459/1 343/460/1 342/458/1
f 352/461/1 343/460/1 353/459/1
f 352/461/1 344/462/1 343/460/1
f 351/463/1 344/462/1 352/461/1
f 351/463/1 345/464/1 344/462/1
f 350/465/1 345/464/1 351/463/1
f 350/465/1 346/466/1 345/464/1
f 349/467/1 346/466/1 350/465/1
f 349/467/1 347/468/1 346/466/1
f 348/469/1 347/468/1 349/467/1
f 546/470/1 548/471/1 547/472/1
f 545/473/1 548/471/1 546/470/1
f 544/474/1 548/471/1 545/473/1
f 543/475/1 548/471/1 544/474/1
f 542/476/1 548/471/1 543/475/1
f 541/477/1 548/471/1 542/476/1
f 540/478/1 548/471/1 541/477/1
f 539/479/1 548/471/1 540/478/1
f 538/480/1 548/471/1 539/479/1
f 537/481/1 548/471/1 538/480/1
f 536/482/1 548/471/1 537/481/1
f 535/483/1 548/471/1 536/482/1
f 534/484/1 548/471/1 535/483/1
f 533/485/1 548/471/1 534/484/1
f 532/486/1 548/471/1 533/485/1
f 531/487/1 548/471/1 532/486/1
f 530/488/1 548/471/1 531/487/1
f 529/489/1 548/471/1 530/488/1
f 528/490/1 548/471/1 529/489/1
f 729/491/1 731/492/1 730/493/1
f 527/494/1 548/471/1 528/490/1
f 729/491/1 732/495/1 731/492/1
f 729/491/1 733/496/1 732/495/1
f 526/497/1 548/471/1 527/494/1
f 729/491/1 734/498/1 733/496/1
f 729/491/1 735/499/1 734/498/1
f 525/500/1 548/471/1 526/497/1
f 729/491/1 736/501/1 735/499/1
f 729/491/1 737/502/1 736/501/1
f 524/503/1 548/471/1 525/500/1
f 729/491/1 738/504/1 737/502/1
f 729/491/1 739/505/1 738/504/1
f 729/491/1 740/506/1 739/505/1
f 742/26/1 548/471/1 524/503/1
f 729/491/1 741/507/1 740/506/1
f 729/491/1 742/26/1 741/507/1
f 729/491/1 728/508/1 742/26/1
f 728/508/1 727/509/1 742/26/1
f 727/509/1 726/510/1 742/26/1
f 726/510/1 725/511/1 742/26/1
f 725/511/1 724/512/1 742/26/1
f 724/512/1 723/513/1 742/26/1
f 723/513/1 722/514/1 742/26/1
f 722/514/1 548/471/1 742/26/1
f 722/514/1 721/515/1 548/471/1
f 721/515/1 549/516/1 548/471/1
f 721/515/1 720/517/4 549/516/1
f 720/517/4 550/518/1 549/516/1
f 720/517/4 719/519/1 550/518/1
f 719/519/1 551/520/1 550/518/1
f 719/519/1 718/521/1 551/520/1
f 718/521/1 552/215/1 551/520/1
f 718/521/1 716/522/1 552/215/1
f 716/522/1 715/523/1 552/215/1
f 715/523/1 714/524/1 552/215/1
f 714/524/1 713/525/1 552/215/1
f 713/525/1 712/526/1 552/215/1
f 712/526/1 711/527/1 552/215/1
f 711/527/1 553/528/1 552/215/1
f 711/527/1 710/529/2 553/528/1
f 710/529/2 709/530/1 553/528/1
f 709/530/1 708/531/1 553/528/1
f 708/531/1 707/532/1 553/528/1
f 707/532/1 706/533/1 553/528/1
f 706/533/1 705/534/1 553/528/1
f 705/534/1 554/535/1 553/528/1
f 705/534/1 555/536/1 554/535/1
f 704/109/1 555/536/1 705/534/1
f 704/109/1 556/537/1 555/536/1
f 704/109/1 557/538/1 556/537/1
f 704/109/1 558/539/1 557/538/1
f 704/109/1 559/540/1 558/539/1
f 703/541/1 559/540/1 704/109/1
f 718/521/1 717/542/1 716/522/1
f 703/541/1 560/543/1 559/540/1
f 703/541/1 561/544/1 560/543/1
f 702/545/1 561/544/1 703/541/1
f 702/545/1 562/546/1 561/544/1
f 701/547/1 562/546/1 702/545/1
f 701/547/1 563/548/1 562/546/1
f 701/547/1 564/549/1 563/548/1
f 700/550/1 564/549/1 701/547/1
f 700/550/1 565/551/1 564/549/1
f 699/552/1 565/551/1 700/550/1
f 698/553/1 565/551/1 699/552/1
f 698/553/1 566/554/1 565/551/1
f 697/555/1 566/554/1 698/553/1
f 697/555/1 567/556/1 566/554/1
f 696/557/1 567/556/1 697/555/1
f 696/557/1 568/558/1 567/556/1
f 695/559/1 568/558/1 696/557/1
f 695/559/1 569/560/1 568/558/1
f 694/561/1 569/560/1 695/559/1
f 694/561/1 570/562/1 569/560/1
f 693/563/1 570/562/1 694/561/1
f 692/564/1 570/562/1 693/563/1
f 692/564/1 571/565/1 570/562/1
f 691/566/1 571/565/1 692/564/1
f 583/567/1 585/568/1 584/569/1
f 582/570/1 585/568/1 583/567/1
f 581/571/1 585/568/1 582/570/1
f 580/572/1 585/568/1 581/571/1
f 579/573/1 585/568/1 580/572/1
f 579/573/1 586/574/1 585/568/1
f 578/575/1 586/574/1 579/573/1
f 691/566/1 572/576/1 571/565/1
f 577/577/1 586/574/1 578/575/1
f 576/578/1 586/574/1 577/577/1
f 690/579/1 572/576/1 691/566/1
f 576/578/1 587/580/1 586/574/1
f 575/581/1 587/580/1 576/578/1
f 574/582/1 587/580/1 575/581/1
f 573/583/1 587/580/1 574/582/1
f 572/576/1 587/580/1 573/583/1
f 572/576/1 588/584/1 587/580/1
f 690/579/1 588/584/1 572/576/1
f 689/585/1 588/584/1 690/579/1
f 689/585/1 589/586/1 588/584/1
f 688/587/1 589/586/1 689/585/1
f 688/587/1 668/588/1 589/586/1
f 668/588/1 590/181/1 589/586/1
f 688/587/1 669/589/1 668/588/1
f 667/590/1 590/181/1 668/588/1
f 687/591/1 669/589/1 688/587/1
f 687/591/1 670/592/1 669/589/1
f 666/106/1 590/181/1 667/590/1
f 666/106/1 591/593/1 590/181/1
f 687/591/1 671/594/1 670/592/1
f 665/595/1 591/593/1 666/106/1
f 664/596/1 591/593/1 665/595/1
f 687/591/1 672/597/1 671/594/1
f 686/598/1 672/597/1 687/591/1
f 663/599/1 591/593/1 664/596/1
f 686/598/1 673/600/1 672/597/1
f 663/599/1 592/601/1 591/593/1
f 662/602/1 592/601/1 663/599/1
f 686/598/1 674/603/1 673/600/1
f 685/604/1 674/603/1 686/598/1
f 661/605/1 592/601/1 662/602/1
f 685/604/1 675/606/1 674/603/1
f 661/605/1 593/607/1 592/601/1
f 684/608/1 675/606/1 685/604/1
f 660/609/1 593/607/1 661/605/1
f 684/608/1 676/610/1 675/606/1
f 660/609/1 594/611/1 593/607/1
f 659/612/1 594/611/1 660/609/1
f 683/613/1 676/610/1 684/608/1
f 683/613/1 677/614/1 676/610/1
f 658/615/1 594/611/1 659/612/1
f 682/616/1 677/614/1 683/613/1
f 658/615/1 595/617/1 594/611/1
f 682/616/1 678/618/1 677/614/1
f 681/619/1 678/618/1 682/616/1
f 657/620/1 595/617/1 658/615/1
f 657/620/1 596/621/1 595/617/1
f 681/619/1 679/622/1 678/618/1
f 680/623/1 679/622/1 681/619/1
f 656/624/1 596/621/1 657/620/1
f 631/625/1 633/626/1 632/627/1
f 630/628/1 633/626/1 631/625/1
f 630/628/1 634/629/1 633/626/1
f 629/630/1 634/629/1 630/628/1
f 655/631/1 596/621/1 656/624/1
f 629/630/1 635/632/1 634/629/1
f 655/631/1 597/633/1 596/621/1
f 628/163/1 635/632/1 629/630/1
f 628/163/1 636/634/1 635/632/1
f 627/635/1 636/634/1 628/163/1
f 627/635/1 637/636/1 636/634/1
f 654/637/1 597/633/1 655/631/1
f 626/638/1 637/636/1 627/635/1
f 626/638/1 638/639/1 637/636/1
f 625/640/1 638/639/1 626/638/1
f 653/641/1 597/633/1 654/637/1
f 653/641/1 598/642/1 597/633/1
f 624/643/1 638/639/1 625/640/1
f 624/643/1 523/644/1 638/639/1
f 523/644/1 639/645/1 638/639/1
f 624/643/1 476/24/1 523/644/1
f 522/646/1 639/645/1 523/644/1
f 624/643/1 477/647/1 476/24/1
f 521/648/1 639/645/1 522/646/1
f 624/643/1 478/649/1 477/647/1
f 652/650/1 598/642/1 653/641/1
f 520/651/1 639/645/1 521/648/1
f 624/643/1 479/652/1 478/649/1
f 623/653/1 479/652/1 624/643/1
f 623/653/1 480/654/1 479/652/1
f 520/651/1 640/655/1 639/645/1
f 519/656/1 640/655/1 520/651/1
f 623/653/1 481/657/1 480/654/1
f 518/658/1 640/655/1 519/656/1
f 623/653/1 482/659/1 481/657/1
f 651/660/1 598/642/1 652/650/1
f 622/661/1 482/659/1 623/653/1
f 651/660/1 599/662/1 598/642/1
f 622/661/1 483/663/1 482/659/1
f 517/664/1 640/655/1 518/658/1
f 517/664/1 641/665/1 640/655/1
f 622/661/1 484/666/1 483/663/1
f 650/667/1 599/662/1 651/660/1
f 621/668/1 484/666/1 622/661/1
f 516/669/1 641/665/1 517/664/1
f 621/668/1 485/670/1 484/666/1
f 621/668/1 486/671/1 485/670/1
f 516/669/1 642/672/1 641/665/1
f 649/673/1 599/662/1 650/667/1
f 515/674/1 642/672/1 516/669/1
f 620/675/1 486/671/1 621/668/1
f 620/675/1 487/676/1 486/671/1
f 649/673/1 600/677/1 599/662/1
f 620/675/1 488/678/1 487/676/1
f 648/679/1 600/677/1 649/673/1
f 514/221/1 642/672/1 515/674/1
f 619/680/1 488/678/1 620/675/1
f 514/221/1 643/681/1 642/672/1
f 619/680/1 489/682/1 488/678/1
f 647/683/1 600/677/1 648/679/1
f 513/684/1 643/681/1 514/221/1
f 619/680/1 490/685/1 489/682/1
f 647/683/1 601/686/1 600/677/1
f 646/687/1 601/686/1 647/683/1
f 618/688/1 490/685/1 619/680/1
f 513/684/1 644/689/1 643/681/1
f 618/688/1 491/690/1 490/685/1
f 512/691/1 644/689/1 513/684/1
f 645/692/1 601/686/1 646/687/1
f 618/688/1 492/693/1 491/690/1
f 644/689/1 601/686/1 645/692/1
f 617/694/1 492/693/1 618/688/1
f 617/694/1 493/695/1 492/693/1
f 644/689/1 602/696/1 601/686/1
f 511/697/1 644/689/1 512/691/1
f 511/697/1 602/696/1 644/689/1
f 617/694/1 494/698/1 493/695/1
f 616/699/1 494/698/1 617/694/1
f 616/699/1 495/700/1 494/698/1
f 616/699/1 496/701/1 495/700/1
f 510/702/1 602/696/1 511/697/1
f 616/699/1 497/703/1 496/701/1
f 509/704/1 602/696/1 510/702/1
f 508/705/1 602/696/1 509/704/1
f 507/706/1 602/696/1 508/705/1
f 506/707/1 602/696/1 507/706/1
f 616/699/1 498/708/1 497/703/1
f 506/707/1 603/709/1 602/696/1
f 505/710/1 603/709/1 506/707/1
f 504/711/1 603/709/1 505/710/1
f 503/712/1 603/709/1 504/711/1
f 502/713/1 603/709/1 503/712/1
f 616/699/1 499/714/1 498/708/1
f 501/715/1 603/709/1 502/713/1
f 500/716/1 603/709/1 501/715/1
f 499/714/1 603/709/1 500/716/1
f 616/699/1 603/709/1 499/714/1
f 615/717/1 603/709/1 616/699/1
f 614/718/1 603/709/1 615/717/1
f 614/718/1 604/719/1 603/709/1
f 613/720/1 604/719/1 614/718/1
f 613/720/1 605/721/1 604/719/1
f 612/722/1 605/721/1 613/720/1
f 612/722/1 606/723/1 605/721/1
f 611/724/1 606/723/1 612/722/1
f 610/725/1 606/723/1 611/724/1
f 610/725/1 607/726/1 606/723/1
f 609/53/1 607/726/1 610/725/1
f 609/53/1 608/727/1 607/726/1
f 890/728/1 892/729/1 891/730/1
f 889/731/1 892/729/1 890/728/1
f 888/732/1 892/729/1 889/731/1
f 887/733/1 892/729/1 888/732/1
f 886/734/1 892/729/1 887/733/1
f 885/735/1 892/729/1 886/734/1
f 884/736/1 892/729/1 885/735/1
f 883/737/1 892/729/1 884/736/1
f 882/738/1 892/729/1 883/737/1
f 881/109/1 892/729/1 882/738/1
f 880/739/1 892/729/1 881/109/1
f 879/740/1 892/729/1 880/739/1
f 879/740/1 893/741/1 892/729/1
f 878/742/1 893/741/1 879/740/1
f 878/742/1 894/743/1 893/741/1
f 878/742/1 895/744/1 894/743/1
f 878/742/1 896/745/1 895/744/1
f 878/742/1 897/746/1 896/745/1
f 877/747/1 897/746/1 878/742/1
f 877/747/1 898/748/1 897/746/1
f 877/747/1 899/749/1 898/748/1
f 877/747/1 900/750/1 899/749/1
f 876/751/1 900/750/1 877/747/1
f 876/751/1 901/752/1 900/750/1
f 876/751/1 902/753/1 901/752/1
f 876/751/1 903/754/1 902/753/1
f 876/751/1 904/26/1 903/754/1
f 876/751/1 795/755/1 904/26/1
f 875/756/1 795/755/1 876/751/1
f 875/756/1 796/757/1 795/755/1
f 874/758/1 796/757/1 875/756/1
f 874/758/1 797/759/1 796/757/1
f 873/760/1 797/759/1 874/758/1
f 873/760/1 798/761/1 797/759/1
f 781/762/1 783/763/1 782/764/1
f 872/765/1 798/761/1 873/760/1
f 872/765/1 799/766/1 798/761/1
f 781/762/1 784/767/1 783/763/1
f 781/762/1 785/768/1 784/767/1
f 780/769/1 785/768/1 781/762/1
f 871/770/1 799/766/1 872/765/1
f 871/770/1 800/771/1 799/766/1
f 780/769/1 786/772/1 785/768/1
f 779/773/1 786/772/1 780/769/1
f 779/773/1 787/774/1 786/772/1
f 778/775/1 787/774/1 779/773/1
f 755/776/1 757/777/1 756/778/1
f 871/770/1 801/779/1 800/771/1
f 870/780/1 801/779/1 871/770/1
f 755/776/1 758/781/1 757/777/1
f 777/782/1 787/774/1 778/775/1
f 777/782/1 788/783/1 787/774/1
f 755/776/1 759/784/1 758/781/1
f 754/785/1 759/784/1 755/776/1
f 776/786/1 788/783/1 777/782/1
f 776/786/1 789/215/1 788/783/1
f 870/780/1 802/787/1 801/779/1
f 869/788/1 802/787/1 870/780/1
f 754/785/1 760/789/1 759/784/1
f 753/790/1 760/789/1 754/785/1
f 775/791/1 789/215/1 776/786/1
f 775/791/1 790/792/1 789/215/1
f 752/793/1 760/789/1 753/790/1
f 752/793/1 761/794/1 760/789/1
f 868/795/1 802/787/1 869/788/1
f 868/795/1 803/796/1 802/787/1
f 774/797/1 790/792/1 775/791/1
f 774/797/1 791/798/1 790/792/1
f 751/799/1 761/794/1 752/793/1
f 751/799/1 762/800/1 761/794/1
f 773/801/1 791/798/1 774/797/1
f 773/801/1 792/802/1 791/798/1
f 867/803/1 803/796/1 868/795/1
f 867/803/1 804/804/1 803/796/1
f 750/805/1 762/800/1 751/799/1
f 750/805/1 763/806/1 762/800/1
f 772/807/1 792/802/1 773/801/1
f 772/807/1 793/808/1 792/802/1
f 749/809/1 763/806/1 750/805/1
f 866/810/1 804/804/1 867/803/1
f 749/809/1 764/811/1 763/806/1
f 771/812/1 793/808/1 772/807/1
f 771/812/1 794/813/1 793/808/1
f 866/810/1 805/814/1 804/804/1
f 748/815/1 764/811/1 749/809/1
f 771/812/1 770/816/1 794/813/1
f 770/816/1 769/817/1 794/813/1
f 748/815/1 765/818/1 764/811/1
f 865/819/1 805/814/1 866/810/1
f 865/819/1 806/820/1 805/814/1
f 747/821/1 765/818/1 748/815/1
f 747/821/1 766/221/1 765/818/1
f 864/822/1 806/820/1 865/819/1
f 746/823/1 766/221/1 747/821/1
f 864/822/1 807/824/1 806/820/1
f 746/823/1 767/825/1 766/221/1
f 863/826/1 807/824/1 864/822/1
f 745/827/1 767/825/1 746/823/1
f 863/826/1 808/828/1 807/824/1
f 745/827/1 768/829/1 767/825/1
f 863/826/1 809/830/1 808/828/1
f 745/827/1 744/831/1 768/829/1
f 744/831/1 743/24/1 768/829/1
f 862/832/1 809/830/1 863/826/1
f 862/832/1 810/833/1 809/830/1
f 862/832/1 811/834/1 810/833/1
f 861/835/1 811/834/1 862/832/1
f 861/835/1 812/181/1 811/834/1
f 860/836/1 812/181/1 861/835/1
f 860/836/1 813/837/1 812/181/1
f 860/836/1 814/838/1 813/837/1
f 859/839/1 814/838/1 860/836/1
f 859/839/1 815/840/1 814/838/1
f 859/839/1 816/841/1 815/840/1
f 858/106/1 816/841/1 859/839/1
f 858/106/1 817/842/1 816/841/1
f 857/843/1 817/842/1 858/106/1
f 857/843/1 818/844/1 817/842/1
f 857/843/1 819/845/1 818/844/1
f 856/846/1 819/845/1 857/843/1
f 855/847/1 819/845/1 856/846/1
f 855/847/1 820/848/1 819/845/1
f 854/849/1 820/848/1 855/847/1
f 854/849/1 821/850/1 820/848/1
f 853/851/1 821/850/1 854/849/1
f 853/851/1 822/852/1 821/850/1
f 852/853/1 822/852/1 853/851/1
f 852/853/1 823/854/1 822/852/1
f 851/855/1 823/854/1 852/853/1
f 851/855/1 824/856/1 823/854/1
f 850/857/1 824/856/1 851/855/1
f 850/857/1 825/858/1 824/856/1
f 849/859/1 825/858/1 850/857/1
f 848/860/1 825/858/1 849/859/1
f 848/860/1 826/861/1 825/858/1
f 847/862/1 826/861/1 848/860/1
f 847/862/1 827/863/1 826/861/1
f 846/864/1 827/863/1 847/862/1
f 846/864/1 828/865/1 827/863/1
f 845/866/1 828/865/1 846/864/1
f 845/866/1 829/867/1 828/865/1
f 844/868/1 829/867/1 845/866/1
f 844/868/1 830/869/1 829/867/1
f 843/870/1 830/869/1 844/868/1
f 842/871/1 830/869/1 843/870/1
f 841/872/1 830/869/1 842/871/1
f 841/872/1 840/873/1 830/869/1
f 840/873/1 839/874/1 830/869/1
f 839/874/1 838/875/1 830/869/1
f 838/875/1 837/876/1 830/869/1
f 837/876/1 836/877/1 830/869/1
f 836/877/1 835/163/1 830/869/1
f 835/163/1 834/878/1 830/869/1
f 834/878/1 833/879/1 830/869/1
f 833/879/1 832/880/1 830/869/1
f 832/880/1 831/881/1 830/869/1
f 975/470/1 977/471/1 976/472/1
f 974/473/1 977/471/1 975/470/1
f 973/474/1 977/471/1 974/473/1
f 972/475/1 977/471/1 973/474/1
f 971/476/1 977/471/1 972/475/1
f 970/477/1 977/471/1 971/476/1
f 969/478/1 977/471/1 970/477/1
f 968/479/1 977/471/1 969/478/1
f 967/480/1 977/471/1 968/479/1
f 966/481/1 977/471/1 967/480/1
f 965/482/1 977/471/1 966/481/1
f 964/483/1 977/471/1 965/482/1
f 963/484/1 977/471/1 964/483/1
f 962/485/1 977/471/1 963/484/1
f 961/486/1 977/471/1 962/485/1
f 960/487/1 977/471/1 961/486/1
f 959/488/1 977/471/1 960/487/1
f 958/489/1 977/471/1 959/488/1
f 957/490/1 977/471/1 958/489/1
f 1158/491/1 1160/492/1 1159/493/1
f 956/494/1 977/471/1 957/490/1
f 1158/491/1 1161/495/1 1160/492/1
f 1158/491/1 1162/496/1 1161/495/1
f 955/497/1 977/471/1 956/494/1
f 1158/491/1 1163/498/1 1162/496/1
f 1158/491/1 1164/499/1 1163/498/1
f 954/500/1 977/471/1 955/497/1
f 1158/491/1 1165/501/1 1164/499/1
f 1158/491/1 1166/502/1 1165/501/1
f 953/503/1 977/471/1 954/500/1
f 1158/491/1 1167/504/1 1166/502/1
f 1158/491/1 1168/505/1 1167/504/1
f 1158/491/1 1169/506/1 1168/505/1
f 1171/26/1 977/471/1 953/503/1
f 1158/491/1 1170/507/1 1169/506/1
f 1158/491/1 1171/26/1 1170/507/1
f 1158/491/1 1157/508/1 1171/26/1
f 1157/508/1 1156/509/1 1171/26/1
f 1156/509/1 1155/510/1 1171/26/1
f 1155/510/1 1154/511/1 1171/26/1
f 1154/511/1 1153/512/1 1171/26/1
f 1153/512/1 1152/513/1 1171/26/1
f 1152/513/1 1151/514/1 1171/26/1
f 1151/514/1 977/471/1 1171/26/1
f 1151/514/1 1150/515/1 977/471/1
f 1150/515/1 978/516/1 977/471/1
f 1150/515/1 1149/517/1 978/516/1
f 1149/517/1 979/518/1 978/516/1
f 1149/517/1 1148/519/1 979/518/1
f 1148/519/1 980/520/1 979/518/1
f 1148/519/1 1147/521/1 980/520/1
f 1147/521/1 981/215/1 980/520/1
f 1147/521/1 1145/522/1 981/215/1
f 1145/522/1 1144/523/1 981/215/1
f 1144/523/1 1143/524/1 981/215/1
f 1143/524/1 1142/525/1 981/215/1
f 1142/525/1 1141/526/1 981/215/1
f 1141/526/1 1140/527/1 981/215/1
f 1140/527/1 982/528/1 981/215/1
f 1140/527/1 1139/529/2 982/528/1
f 1139/529/2 1138/530/1 982/528/1
f 1138/530/1 1137/531/1 982/528/1
f 1137/531/1 1136/532/1 982/528/1
f 1136/532/1 1135/533/1 982/528/1
f 1135/533/1 1134/534/1 982/528/1
f 1134/534/1 983/535/1 982/528/1
f 1134/534/1 984/536/1 983/535/1
f 1133/109/1 984/536/1 1134/534/1
f 1133/109/1 985/537/1 984/536/1
f 1133/109/1 986/538/1 985/537/1
f 1133/109/1 987/539/1 986/538/1
f 1133/109/1 988/540/1 987/539/1
f 1132/541/1 988/540/1 1133/109/1
f 1147/521/1 1146/542/1 1145/522/1
f 1132/541/1 989/543/1 988/540/1
f 1132/541/1 990/544/1 989/543/1
f 1131/545/1 990/544/1 1132/541/1
f 1131/545/1 991/546/1 990/544/1
f 1130/547/1 991/546/1 1131/545/1
f 1130/547/1 992/548/1 991/546/1
f 1130/547/1 993/549/1 992/548/1
f 1129/550/1 993/549/1 1130/547/1
f 1129/550/1 994/551/1 993/549/1
f 1128/552/1 994/551/1 1129/550/1
f 1127/553/1 994/551/1 1128/552/1
f 1127/553/1 995/554/1 994/551/1
f 1126/555/1 995/554/1 1127/553/1
f 1126/555/1 996/556/1 995/554/1
f 1125/557/1 996/556/1 1126/555/1
f 1125/557/1 997/558/1 996/556/1
f 1124/559/1 997/558/1 1125/557/1
f 1124/559/1 998/560/1 997/558/1
f 1123/561/1 998/560/1 1124/559/1
f 1123/561/1 999/562/1 998/560/1
f 1122/563/1 999/562/1 1123/561/1
f 1121/564/1 999/562/1 1122/563/1
f 1121/564/1 1000/565/1 999/562/1
f 1120/566/1 1000/565/1 1121/564/1
f 1012/567/1 1014/568/1 1013/569/1
f 1011/570/1 1014/568/1 1012/567/1
f 1010/571/1 1014/568/1 1011/570/1
f 1009/572/1 1014/568/1 1010/571/1
f 1008/573/1 1014/568/1 1009/572/1
f 1008/573/1 1015/574/1 1014/568/1
f 1007/575/1 1015/574/1 1008/573/1
f 1120/566/1 1001/576/1 1000/565/1
f 1006/577/1 1015/574/1 1007/575/1
f 1005/578/1 1015/574/1 1006/577/1
f 1119/579/1 1001/576/1 1120/566/1
f 1005/578/1 1016/580/1 1015/574/1
f 1004/581/1 1016/580/1 1005/578/1
f 1003/582/1 1016/580/1 1004/581/1
f 1002/583/1 1016/580/1 1003/582/1
f 1001/576/1 1016/580/1 1002/583/1
f 1001/576/1 1017/584/1 1016/580/1
f 1119/579/1 1017/584/1 1001/576/1
f 1118/585/1 1017/584/1 1119/579/1
f 1118/585/1 1018/586/1 1017/584/1
f 1117/587/1 1018/586/1 1118/585/1
f 1117/587/1 1097/588/1 1018/586/1
f 1097/588/1 1019/181/1 1018/586/1
f 1117/587/1 1098/589/1 1097/588/1
f 1096/590/1 1019/181/1 1097/588/1
f 1116/591/1 1098/589/1 1117/587/1
f 1116/591/1 1099/592/1 1098/589/1
f 1095/106/1 1019/181/1 1096/590/1
f 1095/106/1 1020/593/1 1019/181/1
f 1116/591/1 1100/594/1 1099/592/1
f 1094/595/1 1020/593/1 1095/106/1
f 1093/596/1 1020/593/1 1094/595/1
f 1116/591/1 1101/597/1 1100/594/1
f 1115/598/1 1101/597/1 1116/591/1
f 1092/599/1 1020/593/1 1093/596/1
f 1115/598/1 1102/600/1 1101/597/1
f 1092/599/1 1021/601/1 1020/593/1
f 1091/602/1 1021/601/1 1092/599/1
f 1115/598/1 1103/603/1 1102/600/1
f 1114/604/1 1103/603/1 1115/598/1
f 1090/605/1 1021/601/1 1091/602/1
f 1114/604/1 1104/606/1 1103/603/1
f 1090/605/1 1022/607/1 1021/601/1
f 1113/608/1 1104/606/1 1114/604/1
f 1089/609/1 1022/607/1 1090/605/1
f 1113/608/1 1105/610/1 1104/606/1
f 1089/609/1 1023/611/1 1022/607/1
f 1088/612/1 1023/611/1 1089/609/1
f 1112/613/1 1105/610/1 1113/608/1
f 1112/613/1 1106/614/1 1105/610/1
f 1087/615/1 1023/611/1 1088/612/1
f 1111/616/1 1106/614/1 1112/613/1
f 1087/615/1 1024/617/1 1023/611/1
f 1111/616/1 1107/618/1 1106/614/1
f 1110/619/1 1107/618/1 1111/616/1
f 1086/620/1 1024/617/1 1087/615/1
f 1086/620/1 1025/621/1 1024/617/1
f 1110/619/1 1108/622/1 1107/618/1
f 1109/623/1 1108/622/1 1110/619/1
f 1085/624/1 1025/621/1 1086/620/1
f 1060/625/1 1062/626/1 1061/627/1
f 1059/628/1 1062/626/1 1060/625/1
f 1059/628/1 1063/629/1 1062/626/1
f 1058/630/1 1063/629/1 1059/628/1
f 1084/631/1 1025/621/1 1085/624/1
f 1058/630/1 1064/632/1 1063/629/1
f 1084/631/1 1026/633/1 1025/621/1
f 1057/163/1 1064/632/1 1058/630/1
f 1057/163/1 1065/634/1 1064/632/1
f 1056/635/1 1065/634/1 1057/163/1
f 1056/635/1 1066/636/1 1065/634/1
f 1083/637/1 1026/633/1 1084/631/1
f 1055/638/1 1066/636/1 1056/635/1
f 1055/638/1 1067/639/1 1066/636/1
f 1054/640/1 1067/639/1 1055/638/1
f 1082/641/1 1026/633/1 1083/637/1
f 1082/641/1 1027/642/1 1026/633/1
f 1053/643/1 1067/639/1 1054/640/1
f 1053/643/1 952/644/1 1067/639/1
f 952/644/1 1068/645/1 1067/639/1
f 1053/643/1 905/24/1 952/644/1
f 951/646/1 1068/645/1 952/644/1
f 1053/643/1 906/647/1 905/24/1
f 950/648/1 1068/645/1 951/646/1
f 1053/643/1 907/649/1 906/647/1
f 1081/650/1 1027/642/1 1082/641/1
f 949/651/1 1068/645/1 950/648/1
f 1053/643/1 908/652/1 907/649/1
f 1052/653/1 908/652/1 1053/643/1
f 1052/653/1 909/654/1 908/652/1
f 949/651/1 1069/655/1 1068/645/1
f 948/656/1 1069/655/1 949/651/1
f 1052/653/1 910/657/1 909/654/1
f 947/658/1 1069/655/1 948/656/1
f 1052/653/1 911/659/1 910/657/1
f 1080/660/1 1027/642/1 1081/650/1
f 1051/661/1 911/659/1 1052/653/1
f 1080/660/1 1028/662/1 1027/642/1
f 1051/661/1 912/663/1 911/659/1
f 946/664/1 1069/655/1 947/658/1
f 946/664/1 1070/665/1 1069/655/1
f 1051/661/1 913/666/1 912/663/1
f 1079/667/1 1028/662/1 1080/660/1
f 1050/668/1 913/666/1 1051/661/1
f 945/669/1 1070/665/1 946/664/1
f 1050/668/1 914/670/1 913/666/1
f 1050/668/1 915/671/1 914/670/1
f 945/669/1 1071/672/1 1070/665/1
f 1078/673/1 1028/662/1 1079/667/1
f 944/674/1 1071/672/1 945/669/1
f 1049/675/1 915/671/1 1050/668/1
f 1049/675/1 916/676/1 915/671/1
f 1078/673/1 1029/677/1 1028/662/1
f 1049/675/1 917/678/1 916/676/1
f 1077/679/1 1029/677/1 1078/673/1
f 943/221/1 1071/672/1 944/674/1
f 1048/680/1 917/678/1 1049/675/1
f 943/221/1 1072/681/1 1071/672/1
f 1048/680/1 918/682/1 917/678/1
f 1076/683/1 1029/677/1 1077/679/1
f 942/684/1 1072/681/1 943/221/1
f 1048/680/1 919/685/1 918/682/1
f 1076/683/1 1030/686/1 1029/677/1
f 1075/687/1 1030/686/1 1076/683/1
f 1047/688/1 919/685/1 1048/680/1
f 942/684/1 1073/689/1 1072/681/1
f 1047/688/1 920/690/1 919/685/1
f 941/691/1 1073/689/1 942/684/1
f 1074/692/1 1030/686/1 1075/687/1
f 1047/688/1 921/693/1 920/690/1
f 1073/689/1 1030/686/1 1074/692/1
f 1046/694/1 921/693/1 1047/688/1
f 1046/694/1 922/695/1 921/693/1
f 1073/689/1 1031/696/1 1030/686/1
f 940/697/1 1073/689/1 941/691/1
f 940/697/1 1031/696/1 1073/689/1
f 1046/694/1 923/698/1 922/695/1
f 1045/699/1 923/698/1 1046/694/1
f 1045/699/1 924/700/1 923/698/1
f 1045/699/1 925/701/1 924/700/1
f 939/702/1 1031/696/1 940/697/1
f 1045/699/1 926/703/1 925/701/1
f 938/704/1 1031/696/1 939/702/1
f 937/705/1 1031/696/1 938/704/1
f 936/706/1 1031/696/1 937/705/1
f 935/707/1 1031/696/1 936/706/1
f 1045/699/1 927/708/1 926/703/1
f 935/707/1 1032/709/1 1031/696/1
f 934/710/1 1032/709/1 935/707/1
f 933/711/1 1032/709/1 934/710/1
f 932/712/1 1032/709/1 933/711/1
f 931/713/1 1032/709/1 932/712/1
f 1045/699/1 928/714/1 927/708/1
f 930/715/1 1032/709/1 931/713/1
f 929/716/1 1032/709/1 930/715/1
f 928/714/1 1032/709/1 929/716/1
f 1045/699/1 1032/709/1 928/714/1
f 1044/717/1 1032/709/1 1045/699/1
f 1043/718/1 1032/709/1 1044/717/1
f 1043/718/1 1033/719/1 1032/709/1
f 1042/720/1 1033/719/1 1043/718/1
f 1042/720/1 1034/721/1 1033/719/1
f 1041/722/1 1034/721/1 1042/720/1
f 1041/722/1 1035/723/1 1034/721/1
f 1040/724/1 1035/723/1 1041/722/1
f 1039/725/1 1035/723/1 1040/724/1
f 1039/725/1 1036/726/1 1035/723/1
f 1038/53/1 1036/726/1 1039/725/1
f 1038/53/1 1037/727/1 1036/726/1
f 1319/728/1 1321/729/1 1320/730/1
f 1318/731/1 1321/729/1 1319/728/1
f 1317/732/1 1321/729/1 1318/731/1
f 1316/733/1 1321/729/1 1317/732/1
f 1315/734/1 1321/729/1 1316/733/1
f 1314/735/1 1321/729/1 1315/734/1
f 1313/736/1 1321/729/1 1314/735/1
f 1312/737/1 1321/729/1 1313/736/1
f 1311/738/1 1321/729/1 1312/737/1
f 1310/109/1 1321/729/1 1311/738/1
f 1309/739/1 1321/729/1 1310/109/1
f 1308/740/1 1321/729/1 1309/739/1
f 1308/740/1 1322/741/1 1321/729/1
f 1307/742/1 1322/741/1 1308/740/1
f 1307/742/1 1323/743/1 1322/741/1
f 1307/742/1 1324/744/1 1323/743/1
f 1307/742/1 1325/745/1 1324/744/1
f 1307/742/1 1326/746/1 1325/745/1
f 1306/747/1 1326/746/1 1307/742/1
f 1306/747/1 1327/748/1 1326/746/1
f 1306/747/1 1328/749/1 1327/748/1
f 1306/747/1 1329/750/1 1328/749/1
f 1305/751/1 1329/750/1 1306/747/1
f 1305/751/1 1330/752/1 1329/750/1
f 1305/751/1 1331/753/1 1330/752/1
f 1305/751/1 1332/754/1 1331/753/1
f 1305/751/1 1333/26/1 1332/754/1
f 1305/751/1 1224/755/1 1333/26/1
f 1304/756/1 1224/755/1 1305/751/1
f 1304/756/1 1225/757/1 1224/755/1
f 1303/758/1 1225/757/1 1304/756/1
f 1303/758/1 1226/759/1 1225/757/1
f 1302/760/1 1226/759/1 1303/758/1
f 1302/760/1 1227/761/1 1226/759/1
f 1210/762/1 1212/763/1 1211/764/1
f 1301/765/1 1227/761/1 1302/760/1
f 1301/765/1 1228/766/1 1227/761/1
f 1210/762/1 1213/767/1 1212/763/1
f 1210/762/1 1214/768/1 1213/767/1
f 1209/769/1 1214/768/1 1210/762/1
f 1300/770/1 1228/766/1 1301/765/1
f 1300/770/1 1229/771/1 1228/766/1
f 1209/769/1 1215/772/1 1214/768/1
f 1208/773/1 1215/772/1 1209/769/1
f 1208/773/1 1216/774/1 1215/772/1
f 1207/775/1 1216/774/1 1208/773/1
f 1184/776/1 1186/777/1 1185/778/1
f 1300/770/1 1230/779/1 1229/771/1
f 1299/780/1 1230/779/1 1300/770/1
f 1184/776/1 1187/781/1 1186/777/1
f 1206/782/1 1216/774/1 1207/775/1
f 1206/782/1 1217/783/1 1216/774/1
f 1184/776/1 1188/784/1 1187/781/1
f 1183/785/1 1188/784/1 1184/776/1
f 1205/786/1 1217/783/1 1206/782/1
f 1205/786/1 1218/215/1 1217/783/1
f 1299/780/1 1231/787/1 1230/779/1
f 1298/788/1 1231/787/1 1299/780/1
f 1183/785/1 1189/789/1 1188/784/1
f 1182/790/1 1189/789/1 1183/785/1
f 1204/791/1 1218/215/1 1205/786/1
f 1204/791/1 1219/792/1 1218/215/1
f 1181/793/1 1189/789/1 1182/790/1
f 1181/793/1 1190/794/1 1189/789/1
f 1297/795/1 1231/787/1 1298/788/1
f 1297/795/1 1232/796/1 1231/787/1
f 1203/797/1 1219/792/1 1204/791/1
f 1203/797/1 1220/798/1 1219/792/1
f 1180/799/1 1190/794/1 1181/793/1
f 1180/799/1 1191/800/1 1190/794/1
f 1202/801/1 1220/798/1 1203/797/1
f 1202/801/1 1221/802/1 1220/798/1
f 1296/803/1 1232/796/1 1297/795/1
f 1296/803/1 1233/804/1 1232/796/1
f 1179/805/1 1191/800/1 1180/799/1
f 1179/805/1 1192/806/1 1191/800/1
f 1201/807/1 1221/802/1 1202/801/1
f 1201/807/1 1222/808/1 1221/802/1
f 1178/809/1 1192/806/1 1179/805/1
f 1295/810/1 1233/804/1 1296/803/1
f 1178/809/1 1193/811/1 1192/806/1
f 1200/812/1 1222/808/1 1201/807/1
f 1200/812/1 1223/813/1 1222/808/1
f 1295/810/1 1234/814/1 1233/804/1
f 1177/815/1 1193/811/1 1178/809/1
f 1200/812/1 1199/816/1 1223/813/1
f 1199/816/1 1198/817/1 1223/813/1
f 1177/815/1 1194/818/1 1193/811/1
f 1294/819/1 1234/814/1 1295/810/1
f 1294/819/1 1235/820/1 1234/814/1
f 1176/821/1 1194/818/1 1177/815/1
f 1176/821/1 1195/221/1 1194/818/1
f 1293/822/1 1235/820/1 1294/819/1
f 1175/823/1 1195/221/1 1176/821/1
f 1293/822/1 1236/824/1 1235/820/1
f 1175/823/1 1196/825/1 1195/221/1
f 1292/826/1 1236/824/1 1293/822/1
f 1174/827/1 1196/825/1 1175/823/1
f 1292/826/1 1237/828/1 1236/824/1
f 1174/827/1 1197/829/1 1196/825/1
f 1292/826/1 1238/830/1 1237/828/1
f 1174/827/1 1173/831/1 1197/829/1
f 1173/831/1 1172/24/1 1197/829/1
f 1291/832/1 1238/830/1 1292/826/1
f 1291/832/1 1239/833/1 1238/830/1
f 1291/832/1 1240/834/1 1239/833/1
f 1290/835/1 1240/834/1 1291/832/1
f 1290/835/1 1241/181/1 1240/834/1
f 1289/836/1 1241/181/1 1290/835/1
f 1289/836/1 1242/837/1 1241/181/1
f 1289/836/1 1243/838/1 1242/837/1
f 1288/839/1 1243/838/1 1289/836/1
f 1288/839/1 1244/840/1 1243/838/1
f 1288/839/1 1245/841/1 1244/840/1
f 1287/106/1 1245/841/1 1288/839/1
f 1287/106/1 1246/842/1 1245/841/1
f 1286/843/1 1246/842/1 1287/106/1
f 1286/843/1 1247/844/1 1246/842/1
f 1286/843/1 1248/845/1 1247/844/1
f 1285/846/1 1248/845/1 1286/843/1
f 1284/847/1 1248/845/1 1285/846/1
f 1284/847/1 1249/848/1 1248/845/1
f 1283/849/1 1249/848/1 1284/847/1
f 1283/849/1 1250/850/1 1249/848/1
f 1282/851/1 1250/850/1 1283/849/1
f 1282/851/1 1251/852/1 1250/850/1
f 1281/853/1 1251/852/1 1282/851/1
f 1281/853/1 1252/854/1 1251/852/1
f 1280/855/1 1252/854/1 1281/853/1
f 1280/855/1 1253/856/1 1252/854/1
f 1279/857/1 1253/856/1 1280/855/1
f 1279/857/1 1254/858/1 1253/856/1
f 1278/859/1 1254/858/1 1279/857/1
f 1277/860/1 1254/858/1 1278/859/1
f 1277/860/1 1255/861/1 1254/858/1
f 1276/862/1 1255/861/1 1277/860/1
f 1276/862/1 1256/863/1 1255/861/1
f 1275/864/1 1256/863/1 1276/862/1
f 1275/864/1 1257/865/1 1256/863/1
f 1274/866/1 1257/865/1 1275/864/1
f 1274/866/1 1258/867/1 1257/865/1
f 1273/868/1 1258/867/1 1274/866/1
f 1273/868/1 1259/869/1 1258/867/1
f 1272/870/1 1259/869/1 1273/868/1
f 1271/871/1 1259/869/1 1272/870/1
f 1270/872/1 1259/869/1 1271/871/1
f 1270/872/1 1269/873/1 1259/869/1
f 1269/873/1 1268/874/1 1259/869/1
f 1268/874/1 1267/875/1 1259/869/1
f 1267/875/1 1266/876/1 1259/869/1
f 1266/876/1 1265/877/1 1259/869/1
f 1265/877/1 1264/163/1 1259/869/1
f 1264/163/1 1263/878/1 1259/869/1
f 1263/878/1 1262/879/1 1259/869/1
f 1262/879/1 1261/880/1 1259/869/1
f 1261/880/1 1260/881/1 1259/869/1
f 1344/1/3 1345/3/3 1346/2/3
f 1344/1/3 1346/2/3 1347/4/3
f 1344/1/3 1347/4/3 1348/5/3
f 1343/6/3 1344/1/3 1348/5/3
f 1343/6/3 1348/5/3 1349/7/3
f 1342/8/3 1343/6/3 1349/7/3
f 1342/8/3 1349/7/3 1350/9/3
f 1341/10/3 1342/8/3 1350/9/3
f 1341/10/3 1350/9/3 1351/11/3
f 1340/12/3 1341/10/3 1351/11/3
f 1340/12/3 1351/11/3 1352/13/3
f 1339/14/3 1340/12/3 1352/13/3
f 1339/14/3 1352/13/3 1353/15/3
f 1338/16/3 1339/14/3 1353/15/3
f 1338/16/3 1353/15/3 1354/17/3
f 1337/18/3 1338/16/3 1354/17/3
f 1337/18/3 1354/17/3 1355/19/3
f 1336/20/3 1337/18/3 1355/19/3
f 1336/20/3 1355/19/3 1356/21/3
f 1335/22/3 1336/20/3 1356/21/3
f 1335/22/3 1356/21/3 1357/23/3
f 1334/24/3 1335/22/3 1357/23/3
f 1334/24/3 1357/23/3 1358/25/3
f 1422/26/3 1334/24/3 1358/25/3
f 1421/27/3 1422/26/3 1358/25/3
f 1421/27/3 1358/25/3 1359/28/3
f 1420/29/3 1421/27/3 1359/28/3
f 1419/30/3 1420/29/3 1359/28/3
f 1418/31/3 1419/30/3 1359/28/3
f 1418/31/3 1359/28/3 1360/32/3
f 1418/31/3 1360/32/3 1361/33/3
f 1417/34/3 1418/31/3 1361/33/3
f 1417/34/3 1361/33/3 1362/35/3
f 1417/34/3 1362/35/3 1363/36/3
f 1417/34/3 1363/36/3 1364/37/3
f 1417/34/3 1364/37/3 1365/38/3
f 1416/39/3 1417/34/3 1384/40/3
f 1384/40/3 1417/34/3 1365/38/3
f 1384/40/3 1365/38/3 1366/41/3
f 1416/39/3 1384/40/3 1385/42/3
f 1383/43/3 1384/40/3 1366/41/3
f 1383/43/3 1366/41/3 1367/44/3
f 1382/45/3 1383/43/3 1367/44/3
f 1382/45/3 1367/44/3 1368/46/3
f 1381/47/3 1382/45/3 1368/46/3
f 1380/48/3 1381/47/3 1368/46/3
f 1380/48/3 1368/46/3 1369/49/3
f 1379/50/3 1380/48/3 1369/49/3
f 1379/50/3 1369/49/3 1370/51/3
f 1415/52/3 1416/39/3 1385/42/3
f 1378/53/3 1379/50/3 1370/51/3
f 1378/53/3 1370/51/3 1371/54/3
f 1377/55/3 1378/53/3 1371/54/3
f 1377/55/3 1371/54/3 1376/56/3
f 1376/56/3 1371/54/3 1375/57/3
f 1375/57/3 1371/54/3 1374/58/3
f 1374/58/3 1371/54/3 1373/59/3
f 1373/59/3 1371/54/3 1372/60/3
f 1414/61/3 1415/52/3 1385/42/3
f 1413/62/3 1414/61/3 1385/42/3
f 1412/63/3 1413/62/3 1385/42/3
f 1411/64/3 1412/63/3 1385/42/3
f 1410/65/3 1411/64/3 1385/42/3
f 1409/66/3 1410/65/3 1385/42/3
f 1409/66/3 1385/42/3 1386/67/3
f 1409/66/3 1386/67/3 1387/68/3
f 1408/69/3 1409/66/3 1387/68/3
f 1408/69/3 1387/68/3 1388/70/3
f 1407/71/3 1408/69/3 1388/70/3
f 1407/71/3 1388/70/3 1389/72/3
f 1406/73/3 1407/71/3 1389/72/3
f 1406/73/3 1389/72/3 1390/74/3
f 1405/75/3 1406/73/3 1390/74/3
f 1405/75/3 1390/74/3 1391/76/3
f 1404/77/3 1405/75/3 1391/76/3
f 1404/77/3 1391/76/3 1392/78/3
f 1403/79/3 1404/77/3 1392/78/3
f 1403/79/3 1392/78/3 1393/80/3
f 1402/81/3 1403/79/3 1393/80/3
f 1402/81/3 1393/80/3 1394/82/3
f 1401/83/3 1402/81/3 1394/82/3
f 1401/83/3 1394/82/3 1395/84/3
f 1400/85/3 1401/83/3 1395/84/3
f 1400/85/3 1395/84/3 1396/86/3
f 1399/87/3 1400/85/3 1396/86/3
f 1399/87/3 1396/86/3 1397/88/3
f 1398/89/3 1399/87/3 1397/88/3
f 1556/90/3 1557/92/3 1558/91/3
f 1555/93/3 1556/90/3 1558/91/3
f 1520/94/3 1521/96/3 1522/95/3
f 1554/97/3 1555/93/3 1558/91/3
f 1520/94/3 1522/95/3 1523/98/3
f 1520/94/3 1523/98/3 1524/99/3
f 1553/100/3 1554/97/3 1558/91/3
f 1520/94/3 1524/99/3 1525/101/3
f 1552/102/3 1553/100/3 1558/91/3
f 1520/94/3 1525/101/3 1526/103/3
f 1520/94/3 1526/103/3 1527/104/3
f 1551/105/3 1552/102/3 1558/91/3
f 1520/94/3 1527/104/3 1528/106/3
f 1550/107/3 1551/105/3 1558/91/3
f 1520/94/3 1528/106/3 1529/108/3
f 1549/109/3 1550/107/3 1558/91/3
f 1520/94/3 1529/108/3 1530/110/3
f 1548/111/3 1549/109/3 1558/91/3
f 1520/94/3 1530/110/3 1531/112/3
f 1547/113/3 1548/111/3 1558/91/3
f 1520/94/3 1531/112/3 1532/114/3
f 1546/115/3 1547/113/3 1558/91/3
f 1520/94/3 1532/114/3 1533/116/3
f 1545/117/3 1546/115/3 1558/91/3
f 1520/94/3 1533/116/3 1534/118/3
f 1520/94/3 1534/118/3 1535/119/3
f 1520/94/3 1535/119/3 1536/120/3
f 1520/94/3 1536/120/3 1537/121/3
f 1520/94/3 1537/121/3 1538/122/3
f 1520/94/3 1538/122/3 1539/123/3
f 1520/94/3 1539/123/3 1540/124/3
f 1520/94/3 1540/124/3 1541/125/3
f 1520/94/3 1541/125/3 1542/126/3
f 1520/94/3 1542/126/3 1543/127/3
f 1520/94/3 1543/127/3 1544/128/3
f 1520/94/3 1544/128/3 1545/117/3
f 1520/94/3 1545/117/3 1558/91/3
f 1520/94/3 1558/91/3 1519/129/3
f 1519/129/3 1558/91/3 1559/130/3
f 1519/129/3 1559/130/3 1560/131/3
f 1519/129/3 1560/131/3 1518/132/3
f 1518/132/3 1560/131/3 1561/133/3
f 1518/132/3 1561/133/3 1517/134/3
f 1517/134/3 1561/133/3 1562/135/3
f 1517/134/3 1562/135/3 1516/136/3
f 1516/136/3 1562/135/3 1515/137/3
f 1515/137/3 1562/135/3 1563/138/3
f 1515/137/3 1563/138/3 1514/139/3
f 1514/139/3 1563/138/3 1564/140/3
f 1514/139/3 1564/140/3 1513/141/3
f 1513/141/3 1564/140/3 1512/142/3
f 1512/142/3 1564/140/3 1565/143/3
f 1512/142/3 1565/143/3 1511/144/3
f 1511/144/3 1565/143/3 1566/145/3
f 1511/144/3 1566/145/3 1510/146/5
f 1510/146/5 1566/145/3 1567/147/3
f 1510/146/5 1567/147/3 1568/148/3
f 1510/146/5 1568/148/3 1509/149/3
f 1509/149/3 1568/148/3 1569/150/3
f 1509/149/3 1569/150/3 1570/26/3
f 1509/149/3 1570/26/3 1508/151/3
f 1508/151/3 1570/26/3 1506/152/3
f 1506/152/3 1570/26/3 1505/153/3
f 1505/153/3 1570/26/3 1504/154/3
f 1504/154/3 1570/26/3 1503/155/3
f 1503/155/3 1570/26/3 1502/156/3
f 1502/156/3 1570/26/3 1501/157/3
f 1501/157/3 1570/26/3 1500/158/3
f 1500/158/3 1570/26/3 1499/159/3
f 1499/159/3 1570/26/3 1498/160/3
f 1498/160/3 1570/26/3 1497/161/3
f 1497/161/3 1570/26/3 1496/162/3
f 1496/162/3 1570/26/3 1423/24/3
s 0
f 1507/163/1 1508/151/1 1506/152/1
s 1
f 1495/164/3 1496/162/3 1423/24/3
f 1495/164/3 1423/24/3 1424/165/3
f 1494/166/3 1495/164/3 1424/165/3
f 1494/166/3 1424/165/3 1425/167/3
f 1493/168/3 1494/166/3 1425/167/3
f 1493/168/3 1425/167/3 1426/169/3
f 1492/170/3 1493/168/3 1426/169/3
f 1492/170/3 1426/169/3 1427/171/3
f 1491/172/3 1492/170/3 1427/171/3
f 1491/172/3 1427/171/3 1428/173/3
f 1490/174/3 1491/172/3 1428/173/3
f 1490/174/3 1428/173/3 1429/175/3
f 1489/176/3 1490/174/3 1429/175/3
f 1489/176/3 1429/175/3 1430/177/3
f 1488/178/3 1489/176/3 1430/177/3
f 1487/179/3 1488/178/3 1430/177/3
f 1487/179/3 1430/177/3 1431/180/3
f 1486/181/3 1487/179/3 1431/180/3
f 1486/181/3 1431/180/3 1432/182/3
f 1485/183/3 1486/181/3 1432/182/3
f 1485/183/3 1432/182/3 1433/184/3
f 1484/185/3 1485/183/3 1433/184/3
f 1484/185/3 1433/184/3 1434/186/3
f 1483/187/3 1484/185/3 1434/186/3
f 1483/187/3 1434/186/3 1435/188/3
f 1482/189/3 1483/187/3 1435/188/3
f 1482/189/3 1435/188/3 1436/190/3
f 1481/191/3 1482/189/3 1436/190/3
f 1481/191/3 1436/190/3 1459/192/3
f 1459/192/3 1436/190/3 1437/193/3
f 1481/191/3 1459/192/3 1460/194/3
f 1458/195/3 1459/192/3 1437/193/3
f 1458/195/3 1437/193/3 1438/196/3
f 1480/197/3 1481/191/3 1460/194/3
f 1457/198/3 1458/195/3 1438/196/3
f 1480/197/3 1460/194/3 1461/199/3
f 1457/198/3 1438/196/3 1439/200/3
f 1479/201/3 1480/197/3 1461/199/3
f 1456/202/3 1457/198/3 1439/200/3
f 1479/201/3 1461/199/3 1462/203/3
f 1456/202/3 1439/200/3 1440/204/3
f 1478/205/3 1479/201/3 1462/203/3
f 1455/206/3 1456/202/3 1440/204/3
f 1478/205/3 1462/203/3 1463/207/3
f 1455/206/3 1440/204/3 1441/208/3
f 1477/209/3 1478/205/3 1463/207/3
f 1454/210/3 1455/206/3 1441/208/3
f 1477/209/3 1463/207/3 1464/211/3
f 1454/210/3 1441/208/3 1442/212/3
f 1476/213/3 1477/209/3 1464/211/3
f 1453/214/3 1454/210/3 1442/212/3
f 1476/213/3 1464/211/3 1465/215/3
f 1453/214/3 1442/212/3 1443/216/3
f 1475/217/3 1476/213/3 1465/215/3
f 1452/218/3 1453/214/3 1443/216/3
f 1475/217/3 1465/215/3 1466/219/3
f 1474/220/3 1475/217/3 1466/219/3
f 1452/218/3 1443/216/3 1444/221/3
f 1451/222/3 1452/218/3 1444/221/3
f 1474/220/3 1466/219/3 1467/223/3
f 1473/224/3 1474/220/3 1467/223/3
f 1451/222/3 1444/221/3 1445/225/3
f 1450/226/3 1451/222/3 1445/225/3
f 1472/227/3 1473/224/3 1467/223/3
f 1472/227/3 1467/223/3 1468/228/3
f 1450/226/3 1445/225/3 1446/229/3
f 1471/230/3 1472/227/3 1468/228/3
f 1449/231/3 1450/226/3 1446/229/3
f 1471/230/3 1468/228/3 1469/232/3
f 1449/231/3 1446/229/3 1448/233/3
f 1448/233/3 1446/229/3 1447/234/3
f 1471/230/3 1469/232/3 1470/235/3
f 1631/236/3 1632/238/3 1633/237/3
f 1593/239/3 1594/241/3 1595/240/3
f 1631/236/3 1633/237/3 1634/242/3
f 1592/243/3 1593/239/3 1595/240/3
f 1631/236/3 1634/242/3 1635/244/3
f 1591/245/3 1592/243/3 1595/240/3
f 1631/236/3 1635/244/3 1636/246/3
f 1590/247/3 1591/245/3 1595/240/3
f 1631/236/3 1636/246/3 1637/248/3
f 1589/249/3 1590/247/3 1595/240/3
f 1631/236/3 1637/248/3 1638/250/3
f 1588/251/3 1589/249/3 1595/240/3
f 1631/236/3 1638/250/3 1639/252/3
f 1587/253/3 1588/251/3 1595/240/3
f 1631/236/3 1639/252/3 1640/254/3
f 1586/255/3 1587/253/3 1595/240/3
f 1631/236/3 1640/254/3 1641/256/3
f 1585/257/3 1586/255/3 1595/240/3
f 1631/236/3 1641/256/3 1642/258/3
f 1584/259/3 1585/257/3 1595/240/3
f 1631/236/3 1642/258/3 1643/260/3
f 1583/261/3 1584/259/3 1595/240/3
f 1631/236/3 1643/260/3 1644/26/3
f 1582/262/3 1583/261/3 1595/240/3
f 1631/236/3 1644/26/3 1571/24/3
f 1631/236/3 1571/24/3 1572/263/3
f 1631/236/3 1572/263/3 1573/264/3
f 1631/236/3 1573/264/3 1574/265/3
f 1631/236/3 1574/265/3 1575/266/3
f 1631/236/3 1575/266/3 1576/267/3
f 1631/236/3 1576/267/3 1577/268/3
f 1631/236/3 1577/268/3 1578/269/3
f 1631/236/3 1578/269/3 1579/270/3
f 1631/236/3 1579/270/3 1580/271/3
f 1631/236/3 1580/271/3 1581/272/3
f 1631/236/3 1581/272/3 1582/262/3
f 1631/236/3 1582/262/3 1630/273/3
f 1630/273/3 1582/262/3 1629/274/3
f 1629/274/3 1582/262/3 1628/275/3
f 1628/275/3 1582/262/3 1627/276/3
f 1627/276/3 1582/262/3 1626/277/3
f 1626/277/3 1582/262/3 1625/278/3
f 1625/278/3 1582/262/3 1624/279/3
f 1624/279/3 1582/262/3 1623/280/3
f 1623/280/3 1582/262/3 1622/281/3
f 1622/281/3 1582/262/3 1621/282/3
f 1621/282/3 1582/262/3 1620/283/3
f 1620/283/3 1582/262/3 1619/284/3
f 1619/284/3 1582/262/3 1618/285/3
f 1618/285/3 1582/262/3 1617/286/3
f 1617/286/3 1582/262/3 1616/287/3
f 1616/287/3 1582/262/3 1614/288/3
f 1614/288/3 1582/262/3 1611/289/3
f 1611/289/3 1582/262/3 1608/290/3
f 1608/290/3 1582/262/3 1607/291/3
f 1607/291/3 1582/262/3 1606/292/3
f 1606/292/3 1582/262/3 1605/293/3
f 1605/293/3 1582/262/3 1604/294/3
f 1604/294/3 1582/262/3 1603/295/3
f 1603/295/3 1582/262/3 1602/296/3
f 1602/296/3 1582/262/3 1601/297/3
f 1601/297/3 1582/262/3 1600/298/3
f 1600/298/3 1582/262/3 1595/240/3
s 0
f 1615/299/1 1616/287/1 1614/288/1
f 1613/300/1 1614/288/1 1611/289/1
f 1612/301/1 1613/300/1 1611/289/1
f 1610/302/1 1611/289/1 1608/290/1
f 1609/303/1 1610/302/1 1608/290/1
s 1
f 1599/304/3 1600/298/3 1595/240/3
f 1598/305/3 1599/304/3 1595/240/3
f 1597/306/3 1598/305/3 1595/240/3
f 1596/307/3 1597/306/3 1595/240/3
f 1745/308/3 1746/310/3 1747/309/3
f 1745/308/3 1747/309/3 1748/311/3
f 1745/308/3 1748/311/3 1749/312/3
f 1744/313/3 1745/308/3 1749/312/3
f 1744/313/3 1749/312/3 1750/314/3
f 1743/315/3 1744/313/3 1750/314/3
f 1719/316/3 1720/318/3 1721/317/3
f 1742/319/3 1743/315/3 1750/314/3
f 1742/319/3 1750/314/3 1751/320/3
f 1719/316/3 1721/317/3 1722/321/3
f 1741/322/3 1742/319/3 1751/320/3
f 1741/322/3 1751/320/3 1752/323/3
f 1719/316/3 1722/321/3 1723/324/3
f 1718/325/3 1719/316/3 1723/324/3
f 1740/326/3 1741/322/3 1752/323/3
f 1740/326/3 1752/323/3 1753/327/3
f 1718/325/3 1723/324/3 1724/328/3
f 1717/329/3 1718/325/3 1724/328/3
f 1739/330/3 1740/326/3 1753/327/3
f 1739/330/3 1753/327/3 1754/331/3
f 1717/329/3 1724/328/3 1725/332/3
f 1716/333/3 1717/329/3 1725/332/3
f 1738/334/3 1739/330/3 1754/331/3
f 1738/334/3 1754/331/3 1755/335/3
f 1716/333/3 1725/332/3 1726/336/3
f 1715/337/3 1716/333/3 1726/336/3
f 1737/338/3 1738/334/3 1755/335/3
f 1737/338/3 1755/335/3 1756/339/3
f 1714/340/3 1715/337/3 1726/336/3
f 1714/340/3 1726/336/3 1727/341/3
f 1736/342/3 1737/338/3 1756/339/3
f 1736/342/3 1756/339/3 1757/343/3
f 1713/344/3 1714/340/3 1727/341/3
f 1713/344/3 1727/341/3 1728/345/3
f 1735/346/3 1736/342/3 1757/343/3
f 1735/346/3 1757/343/3 1758/347/3
f 1712/348/3 1713/344/3 1728/345/3
f 1712/348/3 1728/345/3 1729/349/3
f 1735/346/3 1758/347/3 1734/350/3
f 1734/350/3 1758/347/3 1733/351/3
f 1808/26/3 1759/353/3 1760/352/3
f 1711/354/3 1712/348/3 1729/349/3
f 1711/354/3 1729/349/3 1730/355/3
f 1711/354/3 1730/355/3 1731/356/3
f 1710/357/3 1711/354/3 1731/356/3
f 1808/26/3 1760/352/3 1761/358/3
f 1807/359/3 1808/26/3 1761/358/3
f 1710/357/3 1731/356/3 1732/360/3
f 1709/361/3 1710/357/3 1732/360/3
f 1709/361/3 1732/360/3 1708/362/3
f 1708/362/3 1732/360/3 1707/363/3
f 1807/359/3 1761/358/3 1762/364/3
f 1806/365/3 1807/359/3 1762/364/3
f 1806/365/3 1762/364/3 1763/366/3
f 1805/367/3 1806/365/3 1763/366/3
f 1805/367/3 1763/366/3 1764/368/3
f 1804/369/3 1805/367/3 1764/368/3
f 1804/369/3 1764/368/3 1765/370/3
f 1803/371/3 1804/369/3 1765/370/3
f 1803/371/3 1765/370/3 1766/372/3
f 1802/373/3 1803/371/3 1766/372/3
f 1802/373/3 1766/372/3 1767/374/3
f 1801/375/3 1802/373/3 1767/374/3
f 1800/376/3 1801/375/3 1767/374/3
f 1800/376/3 1767/374/3 1768/377/3
f 1799/378/3 1800/376/3 1768/377/3
f 1799/378/3 1768/377/3 1769/379/3
f 1798/380/3 1799/378/3 1769/379/3
f 1798/380/3 1769/379/3 1770/381/3
f 1798/380/3 1770/381/3 1771/382/3
f 1797/383/3 1798/380/3 1771/382/3
f 1797/383/3 1771/382/3 1772/384/3
f 1796/385/3 1797/383/3 1772/384/3
f 1796/385/3 1772/384/3 1773/386/3
f 1795/387/3 1796/385/3 1773/386/3
f 1795/387/3 1773/386/3 1774/388/3
f 1794/389/3 1795/387/3 1774/388/3
f 1794/389/3 1774/388/3 1775/390/3
f 1793/391/3 1794/389/3 1775/390/3
f 1792/392/3 1793/391/3 1775/390/3
f 1792/392/3 1775/390/3 1776/393/3
f 1791/394/3 1792/392/3 1776/393/3
f 1791/394/3 1776/393/3 1777/395/3
f 1790/396/3 1791/394/3 1777/395/3
f 1790/396/3 1777/395/3 1778/397/3
f 1789/398/3 1790/396/3 1778/397/3
f 1789/398/3 1778/397/3 1779/399/3
f 1788/400/3 1789/398/3 1779/399/3
f 1788/400/3 1779/399/3 1780/401/3
f 1787/402/3 1788/400/3 1780/401/3
f 1787/402/3 1780/401/3 1781/403/3
f 1786/404/3 1787/402/3 1781/403/3
f 1786/404/3 1781/403/3 1782/405/3
f 1785/406/3 1786/404/3 1782/405/3
f 1785/406/3 1782/405/3 1783/407/3
f 1785/406/3 1783/407/3 1784/408/3
f 1705/409/3 1706/410/3 1645/24/3
f 1705/409/3 1645/24/3 1646/411/3
f 1705/409/3 1646/411/3 1647/412/3
f 1704/413/3 1705/409/3 1647/412/3
f 1704/413/3 1647/412/3 1648/414/3
f 1704/413/3 1648/414/3 1649/415/3
f 1704/413/3 1649/415/3 1650/416/3
f 1704/413/3 1650/416/3 1651/417/3
f 1704/413/3 1651/417/3 1652/418/3
f 1703/419/3 1704/413/3 1652/418/3
f 1703/419/3 1652/418/3 1653/420/3
f 1703/419/3 1653/420/3 1654/421/3
f 1703/419/3 1654/421/3 1655/422/3
f 1703/419/3 1655/422/3 1656/423/3
f 1703/419/3 1656/423/3 1657/424/3
f 1703/419/3 1657/424/3 1658/425/3
f 1702/426/3 1703/419/3 1658/425/3
f 1702/426/3 1658/425/3 1659/427/3
f 1701/428/3 1702/426/3 1659/427/3
f 1701/428/3 1659/427/3 1660/429/3
f 1701/428/3 1660/429/3 1661/430/3
f 1700/431/3 1701/428/3 1661/430/3
f 1700/431/3 1661/430/3 1662/432/3
f 1699/433/3 1700/431/3 1662/432/3
f 1699/433/3 1662/432/3 1663/434/3
f 1698/435/3 1699/433/3 1663/434/3
f 1698/435/3 1663/434/3 1664/436/3
f 1697/437/3 1698/435/3 1664/436/3
f 1697/437/3 1664/436/3 1665/438/3
f 1696/439/3 1697/437/3 1665/438/3
f 1696/439/3 1665/438/3 1666/440/3
f 1695/441/3 1696/439/3 1666/440/3
f 1695/441/3 1666/440/3 1667/442/3
f 1694/443/3 1695/441/3 1667/442/3
f 1694/443/3 1667/442/3 1668/444/3
f 1693/445/3 1694/443/3 1668/444/3
f 1693/445/3 1668/444/3 1669/446/3
f 1692/447/3 1693/445/3 1669/446/3
f 1692/447/3 1669/446/3 1670/448/3
f 1691/449/3 1692/447/3 1670/448/3
f 1691/449/3 1670/448/3 1671/450/3
f 1690/451/3 1691/449/3 1671/450/3
f 1690/451/3 1671/450/3 1672/452/3
f 1689/453/3 1690/451/3 1672/452/3
f 1689/453/3 1672/452/3 1673/454/3
f 1688/455/3 1689/453/3 1673/454/3
f 1688/455/3 1673/454/3 1674/456/3
f 1687/457/3 1688/455/3 1674/456/3
f 1687/457/3 1674/456/3 1675/458/3
f 1686/459/3 1687/457/3 1675/458/3
f 1686/459/3 1675/458/3 1676/460/3
f 1685/461/3 1686/459/3 1676/460/3
f 1685/461/3 1676/460/3 1677/462/3
f 1684/463/3 1685/461/3 1677/462/3
f 1684/463/3 1677/462/3 1678/464/3
f 1683/465/3 1684/463/3 1678/464/3
f 1683/465/3 1678/464/3 1679/466/3
f 1682/467/3 1683/465/3 1679/466/3
f 1682/467/3 1679/466/3 1680/468/3
f 1681/469/3 1682/467/3 1680/468/3
f 1879/470/3 1880/472/3 1881/471/3
f 1878/473/3 1879/470/3 1881/471/3
f 1877/474/3 1878/473/3 1881/471/3
f 1876/475/3 1877/474/3 1881/471/3
f 1875/476/3 1876/475/3 1881/471/3
f 1874/477/3 1875/476/3 1881/471/3
f 1873/478/3 1874/477/3 1881/471/3
f 1872/479/3 1873/478/3 1881/471/3
f 1871/480/3 1872/479/3 1881/471/3
f 1870/481/3 1871/480/3 1881/471/3
f 1869/482/3 1870/481/3 1881/471/3
f 1868/483/3 1869/482/3 1881/471/3
f 1867/484/3 1868/483/3 1881/471/3
f 1866/485/3 1867/484/3 1881/471/3
f 1865/486/3 1866/485/3 1881/471/3
f 1864/487/3 1865/486/3 1881/471/3
f 1863/488/3 1864/487/3 1881/471/3
f 1862/489/3 1863/488/3 1881/471/3
f 1861/490/3 1862/489/3 1881/471/3
f 2062/491/3 2063/493/3 2064/492/3
f 1860/494/3 1861/490/3 1881/471/3
f 2062/491/3 2064/492/3 2065/495/3
f 2062/491/3 2065/495/3 2066/496/3
f 1859/497/3 1860/494/3 1881/471/3
f 2062/491/3 2066/496/3 2067/498/3
f 2062/491/3 2067/498/3 2068/499/3
f 1858/500/3 1859/497/3 1881/471/3
f 2062/491/3 2068/499/3 2069/501/3
f 2062/491/3 2069/501/3 2070/502/3
f 1857/503/3 1858/500/3 1881/471/3
f 2062/491/3 2070/502/3 2071/504/3
f 2062/491/3 2071/504/3 2072/505/3
f 2062/491/3 2072/505/3 2073/506/3
f 2075/26/3 1857/503/3 1881/471/3
f 2062/491/3 2073/506/3 2074/507/3
f 2062/491/3 2074/507/3 2075/26/3
f 2062/491/3 2075/26/3 2061/508/3
f 2061/508/3 2075/26/3 2060/509/3
f 2060/509/3 2075/26/3 2059/510/3
f 2059/510/3 2075/26/3 2058/511/3
f 2058/511/3 2075/26/3 2057/512/3
f 2057/512/3 2075/26/3 2056/513/3
f 2056/513/3 2075/26/3 2055/514/3
f 2055/514/3 2075/26/3 1881/471/3
f 2055/514/3 1881/471/3 2054/515/3
f 2054/515/3 1881/471/3 1882/516/3
f 2054/515/3 1882/516/3 2053/517/6
f 2053/517/6 1882/516/3 1883/518/3
f 2053/517/6 1883/518/3 2052/519/3
f 2052/519/3 1883/518/3 1884/520/3
f 2052/519/3 1884/520/3 2051/521/3
f 2051/521/3 1884/520/3 1885/215/3
f 2051/521/3 1885/215/3 2049/522/3
f 2049/522/3 1885/215/3 2048/523/3
f 2048/523/3 1885/215/3 2047/524/3
f 2047/524/3 1885/215/3 2046/525/3
f 2046/525/3 1885/215/3 2045/526/3
f 2045/526/3 1885/215/3 2044/527/3
f 2044/527/3 1885/215/3 1886/528/3
f 2044/527/3 1886/528/3 2043/529/5
f 2043/529/5 1886/528/3 2042/530/3
f 2042/530/3 1886/528/3 2041/531/3
f 2041/531/3 1886/528/3 2040/532/3
f 2040/532/3 1886/528/3 2039/533/3
f 2039/533/3 1886/528/3 2038/534/3
f 2038/534/3 1886/528/3 1887/535/3
f 2038/534/3 1887/535/3 1888/536/3
f 2037/109/3 2038/534/3 1888/536/3
f 2037/109/3 1888/536/3 1889/537/3
f 2037/109/3 1889/537/3 1890/538/3
f 2037/109/3 1890/538/3 1891/539/3
f 2037/109/3 1891/539/3 1892/540/3
f 2036/541/3 2037/109/3 1892/540/3
f 2051/521/3 2049/522/3 2050/542/3
f 2036/541/3 1892/540/3 1893/543/3
f 2036/541/3 1893/543/3 1894/544/3
f 2035/545/3 2036/541/3 1894/544/3
f 2035/545/3 1894/544/3 1895/546/3
f 2034/547/3 2035/545/3 1895/546/3
f 2034/547/3 1895/546/3 1896/548/3
f 2034/547/3 1896/548/3 1897/549/3
f 2033/550/3 2034/547/3 1897/549/3
f 2033/550/3 1897/549/3 1898/551/3
f 2032/552/3 2033/550/3 1898/551/3
f 2031/553/3 2032/552/3 1898/551/3
f 2031/553/3 1898/551/3 1899/554/3
f 2030/555/3 2031/553/3 1899/554/3
f 2030/555/3 1899/554/3 1900/556/3
f 2029/557/3 2030/555/3 1900/556/3
f 2029/557/3 1900/556/3 1901/558/3
f 2028/559/3 2029/557/3 1901/558/3
f 2028/559/3 1901/558/3 1902/560/3
f 2027/561/3 2028/559/3 1902/560/3
f 2027/561/3 1902/560/3 1903/562/3
f 2026/563/3 2027/561/3 1903/562/3
f 2025/564/3 2026/563/3 1903/562/3
f 2025/564/3 1903/562/3 1904/565/3
f 2024/566/3 2025/564/3 1904/565/3
f 1916/567/3 1917/569/3 1918/568/3
f 1915/570/3 1916/567/3 1918/568/3
f 1914/571/3 1915/570/3 1918/568/3
f 1913/572/3 1914/571/3 1918/568/3
f 1912/573/3 1913/572/3 1918/568/3
f 1912/573/3 1918/568/3 1919/574/3
f 1911/575/3 1912/573/3 1919/574/3
f 2024/566/3 1904/565/3 1905/576/3
f 1910/577/3 1911/575/3 1919/574/3
f 1909/578/3 1910/577/3 1919/574/3
f 2023/579/3 2024/566/3 1905/576/3
f 1909/578/3 1919/574/3 1920/580/3
f 1908/581/3 1909/578/3 1920/580/3
f 1907/582/3 1908/581/3 1920/580/3
f 1906/583/3 1907/582/3 1920/580/3
f 1905/576/3 1906/583/3 1920/580/3
f 1905/576/3 1920/580/3 1921/584/3
f 2023/579/3 1905/576/3 1921/584/3
f 2022/585/3 2023/579/3 1921/584/3
f 2022/585/3 1921/584/3 1922/586/3
f 2021/587/3 2022/585/3 1922/586/3
f 2021/587/3 1922/586/3 2001/588/3
f 2001/588/3 1922/586/3 1923/181/3
f 2021/587/3 2001/588/3 2002/589/3
f 2000/590/3 2001/588/3 1923/181/3
f 2020/591/3 2021/587/3 2002/589/3
f 2020/591/3 2002/589/3 2003/592/3
f 1999/106/3 2000/590/3 1923/181/3
f 1999/106/3 1923/181/3 1924/593/3
f 2020/591/3 2003/592/3 2004/594/3
f 1998/595/3 1999/106/3 1924/593/3
f 1997/596/3 1998/595/3 1924/593/3
f 2020/591/3 2004/594/3 2005/597/3
f 2019/598/3 2020/591/3 2005/597/3
f 1996/599/3 1997/596/3 1924/593/3
f 2019/598/3 2005/597/3 2006/600/3
f 1996/599/3 1924/593/3 1925/601/3
f 1995/602/3 1996/599/3 1925/601/3
f 2019/598/3 2006/600/3 2007/603/3
f 2018/604/3 2019/598/3 2007/603/3
f 1994/605/3 1995/602/3 1925/601/3
f 2018/604/3 2007/603/3 2008/606/3
f 1994/605/3 1925/601/3 1926/607/3
f 2017/608/3 2018/604/3 2008/606/3
f 1993/609/3 1994/605/3 1926/607/3
f 2017/608/3 2008/606/3 2009/610/3
f 1993/609/3 1926/607/3 1927/611/3
f 1992/612/3 1993/609/3 1927/611/3
f 2016/613/3 2017/608/3 2009/610/3
f 2016/613/3 2009/610/3 2010/614/3
f 1991/615/3 1992/612/3 1927/611/3
f 2015/616/3 2016/613/3 2010/614/3
f 1991/615/3 1927/611/3 1928/617/3
f 2015/616/3 2010/614/3 2011/618/3
f 2014/619/3 2015/616/3 2011/618/3
f 1990/620/3 1991/615/3 1928/617/3
f 1990/620/3 1928/617/3 1929/621/3
f 2014/619/3 2011/618/3 2012/622/3
f 2013/623/3 2014/619/3 2012/622/3
f 1989/624/3 1990/620/3 1929/621/3
f 1964/625/3 1965/627/3 1966/626/3
f 1963/628/3 1964/625/3 1966/626/3
f 1963/628/3 1966/626/3 1967/629/3
f 1962/630/3 1963/628/3 1967/629/3
f 1988/631/3 1989/624/3 1929/621/3
f 1962/630/3 1967/629/3 1968/632/3
f 1988/631/3 1929/621/3 1930/633/3
f 1961/163/3 1962/630/3 1968/632/3
f 1961/163/3 1968/632/3 1969/634/3
f 1960/635/3 1961/163/3 1969/634/3
f 1960/635/3 1969/634/3 1970/636/3
f 1987/637/3 1988/631/3 1930/633/3
f 1959/638/3 1960/635/3 1970/636/3
f 1959/638/3 1970/636/3 1971/639/3
f 1958/640/3 1959/638/3 1971/639/3
f 1986/641/3 1987/637/3 1930/633/3
f 1986/641/3 1930/633/3 1931/642/3
f 1957/643/3 1958/640/3 1971/639/3
f 1957/643/3 1971/639/3 1856/644/3
f 1856/644/3 1971/639/3 1972/645/3
f 1957/643/3 1856/644/3 1809/24/3
f 1855/646/3 1856/644/3 1972/645/3
f 1957/643/3 1809/24/3 1810/647/3
f 1854/648/3 1855/646/3 1972/645/3
f 1957/643/3 1810/647/3 1811/649/3
f 1985/650/3 1986/641/3 1931/642/3
f 1853/651/3 1854/648/3 1972/645/3
f 1957/643/3 1811/649/3 1812/652/3
f 1956/653/3 1957/643/3 1812/652/3
f 1956/653/3 1812/652/3 1813/654/3
f 1853/651/3 1972/645/3 1973/655/3
f 1852/656/3 1853/651/3 1973/655/3
f 1956/653/3 1813/654/3 1814/657/3
f 1851/658/3 1852/656/3 1973/655/3
f 1956/653/3 1814/657/3 1815/659/3
f 1984/660/3 1985/650/3 1931/642/3
f 1955/661/3 1956/653/3 1815/659/3
f 1984/660/3 1931/642/3 1932/662/3
f 1955/661/3 1815/659/3 1816/663/3
f 1850/664/3 1851/658/3 1973/655/3
f 1850/664/3 1973/655/3 1974/665/3
f 1955/661/3 1816/663/3 1817/666/3
f 1983/667/3 1984/660/3 1932/662/3
f 1954/668/3 1955/661/3 1817/666/3
f 1849/669/3 1850/664/3 1974/665/3
f 1954/668/3 1817/666/3 1818/670/3
f 1954/668/3 1818/670/3 1819/671/3
f 1849/669/3 1974/665/3 1975/672/3
f 1982/673/3 1983/667/3 1932/662/3
f 1848/674/3 1849/669/3 1975/672/3
f 1953/675/3 1954/668/3 1819/671/3
f 1953/675/3 1819/671/3 1820/676/3
f 1982/673/3 1932/662/3 1933/677/3
f 1953/675/3 1820/676/3 1821/678/3
f 1981/679/3 1982/673/3 1933/677/3
f 1847/221/3 1848/674/3 1975/672/3
f 1952/680/3 1953/675/3 1821/678/3
f 1847/221/3 1975/672/3 1976/681/3
f 1952/680/3 1821/678/3 1822/682/3
f 1980/683/3 1981/679/3 1933/677/3
f 1846/684/3 1847/221/3 1976/681/3
f 1952/680/3 1822/682/3 1823/685/3
f 1980/683/3 1933/677/3 1934/686/3
f 1979/687/3 1980/683/3 1934/686/3
f 1951/688/3 1952/680/3 1823/685/3
f 1846/684/3 1976/681/3 1977/689/3
f 1951/688/3 1823/685/3 1824/690/3
f 1845/691/3 1846/684/3 1977/689/3
f 1978/692/3 1979/687/3 1934/686/3
f 1951/688/3 1824/690/3 1825/693/3
f 1977/689/3 1978/692/3 1934/686/3
f 1950/694/3 1951/688/3 1825/693/3
f 1950/694/3 1825/693/3 1826/695/3
f 1977/689/3 1934/686/3 1935/696/3
f 1844/697/3 1845/691/3 1977/689/3
f 1844/697/3 1977/689/3 1935/696/3
f 1950/694/3 1826/695/3 1827/698/3
f 1949/699/3 1950/694/3 1827/698/3
f 1949/699/3 1827/698/3 1828/700/3
f 1949/699/3 1828/700/3 1829/701/3
f 1843/702/3 1844/697/3 1935/696/3
f 1949/699/3 1829/701/3 1830/703/3
f 1842/704/3 1843/702/3 1935/696/3
f 1841/705/3 1842/704/3 1935/696/3
f 1840/706/3 1841/705/3 1935/696/3
f 1839/707/3 1840/706/3 1935/696/3
f 1949/699/3 1830/703/3 1831/708/3
f 1839/707/3 1935/696/3 1936/709/3
f 1838/710/3 1839/707/3 1936/709/3
f 1837/711/3 1838/710/3 1936/709/3
f 1836/712/3 1837/711/3 1936/709/3
f 1835/713/3 1836/712/3 1936/709/3
f 1949/699/3 1831/708/3 1832/714/3
f 1834/715/3 1835/713/3 1936/709/3
f 1833/716/3 1834/715/3 1936/709/3
f 1832/714/3 1833/716/3 1936/709/3
f 1949/699/3 1832/714/3 1936/709/3
f 1948/717/3 1949/699/3 1936/709/3
f 1947/718/3 1948/717/3 1936/709/3
f 1947/718/3 1936/709/3 1937/719/3
f 1946/720/3 1947/718/3 1937/719/3
f 1946/720/3 1937/719/3 1938/721/3
f 1945/722/3 1946/720/3 1938/721/3
f 1945/722/3 1938/721/3 1939/723/3
f 1944/724/3 1945/722/3 1939/723/3
f 1943/725/3 1944/724/3 1939/723/3
f 1943/725/3 1939/723/3 1940/726/3
f 1942/53/3 1943/725/3 1940/726/3
f 1942/53/3 1940/726/3 1941/727/3
f 2223/728/3 2224/730/3 2225/729/3
f 2222/731/3 2223/728/3 2225/729/3
f 2221/732/3 2222/731/3 2225/729/3
f 2220/733/3 2221/732/3 2225/729/3
f 2219/734/3 2220/733/3 2225/729/3
f 2218/735/3 2219/734/3 2225/729/3
f 2217/736/3 2218/735/3 2225/729/3
f 2216/737/3 2217/736/3 2225/729/3
f 2215/738/3 2216/737/3 2225/729/3
f 2214/109/3 2215/738/3 2225/729/3
f 2213/739/3 2214/109/3 2225/729/3
f 2212/740/3 2213/739/3 2225/729/3
f 2212/740/3 2225/729/3 2226/741/3
f 2211/742/3 2212/740/3 2226/741/3
f 2211/742/3 2226/741/3 2227/743/3
f 2211/742/3 2227/743/3 2228/744/3
f 2211/742/3 2228/744/3 2229/745/3
f 2211/742/3 2229/745/3 2230/746/3
f 2210/747/3 2211/742/3 2230/746/3
f 2210/747/3 2230/746/3 2231/748/3
f 2210/747/3 2231/748/3 2232/749/3
f 2210/747/3 2232/749/3 2233/750/3
f 2209/751/3 2210/747/3 2233/750/3
f 2209/751/3 2233/750/3 2234/752/3
f 2209/751/3 2234/752/3 2235/753/3
f 2209/751/3 2235/753/3 2236/754/3
f 2209/751/3 2236/754/3 2237/26/3
f 2209/751/3 2237/26/3 2128/755/3
f 2208/756/3 2209/751/3 2128/755/3
f 2208/756/3 2128/755/3 2129/757/3
f 2207/758/3 2208/756/3 2129/757/3
f 2207/758/3 2129/757/3 2130/759/3
f 2206/760/3 2207/758/3 2130/759/3
f 2206/760/3 2130/759/3 2131/761/3
f 2114/762/3 2115/764/3 2116/763/3
f 2205/765/3 2206/760/3 2131/761/3
f 2205/765/3 2131/761/3 2132/766/3
f 2114/762/3 2116/763/3 2117/767/3
f 2114/762/3 2117/767/3 2118/768/3
f 2113/769/3 2114/762/3 2118/768/3
f 2204/770/3 2205/765/3 2132/766/3
f 2204/770/3 2132/766/3 2133/771/3
f 2113/769/3 2118/768/3 2119/772/3
f 2112/773/3 2113/769/3 2119/772/3
f 2112/773/3 2119/772/3 2120/774/3
f 2111/775/3 2112/773/3 2120/774/3
f 2088/776/3 2089/778/3 2090/777/3
f 2204/770/3 2133/771/3 2134/779/3
f 2203/780/3 2204/770/3 2134/779/3
f 2088/776/3 2090/777/3 2091/781/3
f 2110/782/3 2111/775/3 2120/774/3
f 2110/782/3 2120/774/3 2121/783/3
f 2088/776/3 2091/781/3 2092/784/3
f 2087/785/3 2088/776/3 2092/784/3
f 2109/786/3 2110/782/3 2121/783/3
f 2109/786/3 2121/783/3 2122/215/3
f 2203/780/3 2134/779/3 2135/787/3
f 2202/788/3 2203/780/3 2135/787/3
f 2087/785/3 2092/784/3 2093/789/3
f 2086/790/3 2087/785/3 2093/789/3
f 2108/791/3 2109/786/3 2122/215/3
f 2108/791/3 2122/215/3 2123/792/3
f 2085/793/3 2086/790/3 2093/789/3
f 2085/793/3 2093/789/3 2094/794/3
f 2201/795/3 2202/788/3 2135/787/3
f 2201/795/3 2135/787/3 2136/796/3
f 2107/797/3 2108/791/3 2123/792/3
f 2107/797/3 2123/792/3 2124/798/3
f 2084/799/3 2085/793/3 2094/794/3
f 2084/799/3 2094/794/3 2095/800/3
f 2106/801/3 2107/797/3 2124/798/3
f 2106/801/3 2124/798/3 2125/802/3
f 2200/803/3 2201/795/3 2136/796/3
f 2200/803/3 2136/796/3 2137/804/3
f 2083/805/3 2084/799/3 2095/800/3
f 2083/805/3 2095/800/3 2096/806/3
f 2105/807/3 2106/801/3 2125/802/3
f 2105/807/3 2125/802/3 2126/808/3
f 2082/809/3 2083/805/3 2096/806/3
f 2199/810/3 2200/803/3 2137/804/3
f 2082/809/3 2096/806/3 2097/811/3
f 2104/812/3 2105/807/3 2126/808/3
f 2104/812/3 2126/808/3 2127/813/3
f 2199/810/3 2137/804/3 2138/814/3
f 2081/815/3 2082/809/3 2097/811/3
f 2104/812/3 2127/813/3 2103/816/3
f 2103/816/3 2127/813/3 2102/817/3
f 2081/815/3 2097/811/3 2098/818/3
f 2198/819/3 2199/810/3 2138/814/3
f 2198/819/3 2138/814/3 2139/820/3
f 2080/821/3 2081/815/3 2098/818/3
f 2080/821/3 2098/818/3 2099/221/3
f 2197/822/3 2198/819/3 2139/820/3
f 2079/823/3 2080/821/3 2099/221/3
f 2197/822/3 2139/820/3 2140/824/3
f 2079/823/3 2099/221/3 2100/825/3
f 2196/826/3 2197/822/3 2140/824/3
f 2078/827/3 2079/823/3 2100/825/3
f 2196/826/3 2140/824/3 2141/828/3
f 2078/827/3 2100/825/3 2101/829/3
f 2196/826/3 2141/828/3 2142/830/3
f 2078/827/3 2101/829/3 2077/831/3
f 2077/831/3 2101/829/3 2076/24/3
f 2195/832/3 2196/826/3 2142/830/3
f 2195/832/3 2142/830/3 2143/833/3
f 2195/832/3 2143/833/3 2144/834/3
f 2194/835/3 2195/832/3 2144/834/3
f 2194/835/3 2144/834/3 2145/181/3
f 2193/836/3 2194/835/3 2145/181/3
f 2193/836/3 2145/181/3 2146/837/3
f 2193/836/3 2146/837/3 2147/838/3
f 2192/839/3 2193/836/3 2147/838/3
f 2192/839/3 2147/838/3 2148/840/3
f 2192/839/3 2148/840/3 2149/841/3
f 2191/106/3 2192/839/3 2149/841/3
f 2191/106/3 2149/841/3 2150/842/3
f 2190/843/3 2191/106/3 2150/842/3
f 2190/843/3 2150/842/3 2151/844/3
f 2190/843/3 2151/844/3 2152/845/3
f 2189/846/3 2190/843/3 2152/845/3
f 2188/847/3 2189/846/3 2152/845/3
f 2188/847/3 2152/845/3 2153/848/3
f 2187/849/3 2188/847/3 2153/848/3
f 2187/849/3 2153/848/3 2154/850/3
f 2186/851/3 2187/849/3 2154/850/3
f 2186/851/3 2154/850/3 2155/852/3
f 2185/853/3 2186/851/3 2155/852/3
f 2185/853/3 2155/852/3 2156/854/3
f 2184/855/3 2185/853/3 2156/854/3
f 2184/855/3 2156/854/3 2157/856/3
f 2183/857/3 2184/855/3 2157/856/3
f 2183/857/3 2157/856/3 2158/858/3
f 2182/859/3 2183/857/3 2158/858/3
f 2181/860/3 2182/859/3 2158/858/3
f 2181/860/3 2158/858/3 2159/861/3
f 2180/862/3 2181/860/3 2159/861/3
f 2180/862/3 2159/861/3 2160/863/3
f 2179/864/3 2180/862/3 2160/863/3
f 2179/864/3 2160/863/3 2161/865/3
f 2178/866/3 2179/864/3 2161/865/3
f 2178/866/3 2161/865/3 2162/867/3
f 2177/868/3 2178/866/3 2162/867/3
f 2177/868/3 2162/867/3 2163/869/3
f 2176/870/3 2177/868/3 2163/869/3
f 2175/871/3 2176/870/3 2163/869/3
f 2174/872/3 2175/871/3 2163/869/3
f 2174/872/3 2163/869/3 2173/873/3
f 2173/873/3 2163/869/3 2172/874/3
f 2172/874/3 2163/869/3 2171/875/3
f 2171/875/3 2163/869/3 2170/876/3
f 2170/876/3 2163/869/3 2169/877/3
f 2169/877/3 2163/869/3 2168/163/3
f 2168/163/3 2163/869/3 2167/878/3
f 2167/878/3 2163/869/3 2166/879/3
f 2166/879/3 2163/869/3 2165/880/3
f 2165/880/3 2163/869/3 2164/881/3
f 2308/470/3 2309/472/3 2310/471/3
f 2307/473/3 2308/470/3 2310/471/3
f 2306/474/3 2307/473/3 2310/471/3
f 2305/475/3 2306/474/3 2310/471/3
f 2304/476/3 2305/475/3 2310/471/3
f 2303/477/3 2304/476/3 2310/471/3
f 2302/478/3 2303/477/3 2310/471/3
f 2301/479/3 2302/478/3 2310/471/3
f 2300/480/3 2301/479/3 2310/471/3
f 2299/481/3 2300/480/3 2310/471/3
f 2298/482/3 2299/481/3 2310/471/3
f 2297/483/3 2298/482/3 2310/471/3
f 2296/484/3 2297/483/3 2310/471/3
f 2295/485/3 2296/484/3 2310/471/3
f 2294/486/3 2295/485/3 2310/471/3
f 2293/487/3 2294/486/3 2310/471/3
f 2292/488/3 2293/487/3 2310/471/3
f 2291/489/3 2292/488/3 2310/471/3
f 2290/490/3 2291/489/3 2310/471/3
f 2491/491/3 2492/493/3 2493/492/3
f 2289/494/3 2290/490/3 2310/471/3
f 2491/491/3 2493/492/3 2494/495/3
f 2491/491/3 2494/495/3 2495/496/3
f 2288/497/3 2289/494/3 2310/471/3
f 2491/491/3 2495/496/3 2496/498/3
f 2491/491/3 2496/498/3 2497/499/3
f 2287/500/3 2288/497/3 2310/471/3
f 2491/491/3 2497/499/3 2498/501/3
f 2491/491/3 2498/501/3 2499/502/3
f 2286/503/3 2287/500/3 2310/471/3
f 2491/491/3 2499/502/3 2500/504/3
f 2491/491/3 2500/504/3 2501/505/3
f 2491/491/3 2501/505/3 2502/506/3
f 2504/26/3 2286/503/3 2310/471/3
f 2491/491/3 2502/506/3 2503/507/3
f 2491/491/3 2503/507/3 2504/26/3
f 2491/491/3 2504/26/3 2490/508/3
f 2490/508/3 2504/26/3 2489/509/3
f 2489/509/3 2504/26/3 2488/510/3
f 2488/510/3 2504/26/3 2487/511/3
f 2487/511/3 2504/26/3 2486/512/3
f 2486/512/3 2504/26/3 2485/513/3
f 2485/513/3 2504/26/3 2484/514/3
f 2484/514/3 2504/26/3 2310/471/3
f 2484/514/3 2310/471/3 2483/515/3
f 2483/515/3 2310/471/3 2311/516/3
f 2483/515/3 2311/516/3 2482/517/3
f 2482/517/3 2311/516/3 2312/518/3
f 2482/517/3 2312/518/3 2481/519/3
f 2481/519/3 2312/518/3 2313/520/3
f 2481/519/3 2313/520/3 2480/521/3
f 2480/521/3 2313/520/3 2314/215/3
f 2480/521/3 2314/215/3 2478/522/3
f 2478/522/3 2314/215/3 2477/523/3
f 2477/523/3 2314/215/3 2476/524/3
f 2476/524/3 2314/215/3 2475/525/3
f 2475/525/3 2314/215/3 2474/526/3
f 2474/526/3 2314/215/3 2473/527/3
f 2473/527/3 2314/215/3 2315/528/3
f 2473/527/3 2315/528/3 2472/529/5
f 2472/529/5 2315/528/3 2471/530/3
f 2471/530/3 2315/528/3 2470/531/3
f 2470/531/3 2315/528/3 2469/532/3
f 2469/532/3 2315/528/3 2468/533/3
f 2468/533/3 2315/528/3 2467/534/3
f 2467/534/3 2315/528/3 2316/535/3
f 2467/534/3 2316/535/3 2317/536/3
f 2466/109/3 2467/534/3 2317/536/3
f 2466/109/3 2317/536/3 2318/537/3
f 2466/109/3 2318/537/3 2319/538/3
f 2466/109/3 2319/538/3 2320/539/3
f 2466/109/3 2320/539/3 2321/540/3
f 2465/541/3 2466/109/3 2321/540/3
f 2480/521/3 2478/522/3 2479/542/3
f 2465/541/3 2321/540/3 2322/543/3
f 2465/541/3 2322/543/3 2323/544/3
f 2464/545/3 2465/541/3 2323/544/3
f 2464/545/3 2323/544/3 2324/546/3
f 2463/547/3 2464/545/3 2324/546/3
f 2463/547/3 2324/546/3 2325/548/3
f 2463/547/3 2325/548/3 2326/549/3
f 2462/550/3 2463/547/3 2326/549/3
f 2462/550/3 2326/549/3 2327/551/3
f 2461/552/3 2462/550/3 2327/551/3
f 2460/553/3 2461/552/3 2327/551/3
f 2460/553/3 2327/551/3 2328/554/3
f 2459/555/3 2460/553/3 2328/554/3
f 2459/555/3 2328/554/3 2329/556/3
f 2458/557/3 2459/555/3 2329/556/3
f 2458/557/3 2329/556/3 2330/558/3
f 2457/559/3 2458/557/3 2330/558/3
f 2457/559/3 2330/558/3 2331/560/3
f 2456/561/3 2457/559/3 2331/560/3
f 2456/561/3 2331/560/3 2332/562/3
f 2455/563/3 2456/561/3 2332/562/3
f 2454/564/3 2455/563/3 2332/562/3
f 2454/564/3 2332/562/3 2333/565/3
f 2453/566/3 2454/564/3 2333/565/3
f 2345/567/3 2346/569/3 2347/568/3
f 2344/570/3 2345/567/3 2347/568/3
f 2343/571/3 2344/570/3 2347/568/3
f 2342/572/3 2343/571/3 2347/568/3
f 2341/573/3 2342/572/3 2347/568/3
f 2341/573/3 2347/568/3 2348/574/3
f 2340/575/3 2341/573/3 2348/574/3
f 2453/566/3 2333/565/3 2334/576/3
f 2339/577/3 2340/575/3 2348/574/3
f 2338/578/3 2339/577/3 2348/574/3
f 2452/579/3 2453/566/3 2334/576/3
f 2338/578/3 2348/574/3 2349/580/3
f 2337/581/3 2338/578/3 2349/580/3
f 2336/582/3 2337/581/3 2349/580/3
f 2335/583/3 2336/582/3 2349/580/3
f 2334/576/3 2335/583/3 2349/580/3
f 2334/576/3 2349/580/3 2350/584/3
f 2452/579/3 2334/576/3 2350/584/3
f 2451/585/3 2452/579/3 2350/584/3
f 2451/585/3 2350/584/3 2351/586/3
f 2450/587/3 2451/585/3 2351/586/3
f 2450/587/3 2351/586/3 2430/588/3
f 2430/588/3 2351/586/3 2352/181/3
f 2450/587/3 2430/588/3 2431/589/3
f 2429/590/3 2430/588/3 2352/181/3
f 2449/591/3 2450/587/3 2431/589/3
f 2449/591/3 2431/589/3 2432/592/3
f 2428/106/3 2429/590/3 2352/181/3
f 2428/106/3 2352/181/3 2353/593/3
f 2449/591/3 2432/592/3 2433/594/3
f 2427/595/3 2428/106/3 2353/593/3
f 2426/596/3 2427/595/3 2353/593/3
f 2449/591/3 2433/594/3 2434/597/3
f 2448/598/3 2449/591/3 2434/597/3
f 2425/599/3 2426/596/3 2353/593/3
f 2448/598/3 2434/597/3 2435/600/3
f 2425/599/3 2353/593/3 2354/601/3
f 2424/602/3 2425/599/3 2354/601/3
f 2448/598/3 2435/600/3 2436/603/3
f 2447/604/3 2448/598/3 2436/603/3
f 2423/605/3 2424/602/3 2354/601/3
f 2447/604/3 2436/603/3 2437/606/3
f 2423/605/3 2354/601/3 2355/607/3
f 2446/608/3 2447/604/3 2437/606/3
f 2422/609/3 2423/605/3 2355/607/3
f 2446/608/3 2437/606/3 2438/610/3
f 2422/609/3 2355/607/3 2356/611/3
f 2421/612/3 2422/609/3 2356/611/3
f 2445/613/3 2446/608/3 2438/610/3
f 2445/613/3 2438/610/3 2439/614/3
f 2420/615/3 2421/612/3 2356/611/3
f 2444/616/3 2445/613/3 2439/614/3
f 2420/615/3 2356/611/3 2357/617/3
f 2444/616/3 2439/614/3 2440/618/3
f 2443/619/3 2444/616/3 2440/618/3
f 2419/620/3 2420/615/3 2357/617/3
f 2419/620/3 2357/617/3 2358/621/3
f 2443/619/3 2440/618/3 2441/622/3
f 2442/623/3 2443/619/3 2441/622/3
f 2418/624/3 2419/620/3 2358/621/3
f 2393/625/3 2394/627/3 2395/626/3
f 2392/628/3 2393/625/3 2395/626/3
f 2392/628/3 2395/626/3 2396/629/3
f 2391/630/3 2392/628/3 2396/629/3
f 2417/631/3 2418/624/3 2358/621/3
f 2391/630/3 2396/629/3 2397/632/3
f 2417/631/3 2358/621/3 2359/633/3
f 2390/163/3 2391/630/3 2397/632/3
f 2390/163/3 2397/632/3 2398/634/3
f 2389/635/3 2390/163/3 2398/634/3
f 2389/635/3 2398/634/3 2399/636/3
f 2416/637/3 2417/631/3 2359/633/3
f 2388/638/3 2389/635/3 2399/636/3
f 2388/638/3 2399/636/3 2400/639/3
f 2387/640/3 2388/638/3 2400/639/3
f 2415/641/3 2416/637/3 2359/633/3
f 2415/641/3 2359/633/3 2360/642/3
f 2386/643/3 2387/640/3 2400/639/3
f 2386/643/3 2400/639/3 2285/644/3
f 2285/644/3 2400/639/3 2401/645/3
f 2386/643/3 2285/644/3 2238/24/3
f 2284/646/3 2285/644/3 2401/645/3
f 2386/643/3 2238/24/3 2239/647/3
f 2283/648/3 2284/646/3 2401/645/3
f 2386/643/3 2239/647/3 2240/649/3
f 2414/650/3 2415/641/3 2360/642/3
f 2282/651/3 2283/648/3 2401/645/3
f 2386/643/3 2240/649/3 2241/652/3
f 2385/653/3 2386/643/3 2241/652/3
f 2385/653/3 2241/652/3 2242/654/3
f 2282/651/3 2401/645/3 2402/655/3
f 2281/656/3 2282/651/3 2402/655/3
f 2385/653/3 2242/654/3 2243/657/3
f 2280/658/3 2281/656/3 2402/655/3
f 2385/653/3 2243/657/3 2244/659/3
f 2413/660/3 2414/650/3 2360/642/3
f 2384/661/3 2385/653/3 2244/659/3
f 2413/660/3 2360/642/3 2361/662/3
f 2384/661/3 2244/659/3 2245/663/3
f 2279/664/3 2280/658/3 2402/655/3
f 2279/664/3 2402/655/3 2403/665/3
f 2384/661/3 2245/663/3 2246/666/3
f 2412/667/3 2413/660/3 2361/662/3
f 2383/668/3 2384/661/3 2246/666/3
f 2278/669/3 2279/664/3 2403/665/3
f 2383/668/3 2246/666/3 2247/670/3
f 2383/668/3 2247/670/3 2248/671/3
f 2278/669/3 2403/665/3 2404/672/3
f 2411/673/3 2412/667/3 2361/662/3
f 2277/674/3 2278/669/3 2404/672/3
f 2382/675/3 2383/668/3 2248/671/3
f 2382/675/3 2248/671/3 2249/676/3
f 2411/673/3 2361/662/3 2362/677/3
f 2382/675/3 2249/676/3 2250/678/3
f 2410/679/3 2411/673/3 2362/677/3
f 2276/221/3 2277/674/3 2404/672/3
f 2381/680/3 2382/675/3 2250/678/3
f 2276/221/3 2404/672/3 2405/681/3
f 2381/680/3 2250/678/3 2251/682/3
f 2409/683/3 2410/679/3 2362/677/3
f 2275/684/3 2276/221/3 2405/681/3
f 2381/680/3 2251/682/3 2252/685/3
f 2409/683/3 2362/677/3 2363/686/3
f 2408/687/3 2409/683/3 2363/686/3
f 2380/688/3 2381/680/3 2252/685/3
f 2275/684/3 2405/681/3 2406/689/3
f 2380/688/3 2252/685/3 2253/690/3
f 2274/691/3 2275/684/3 2406/689/3
f 2407/692/3 2408/687/3 2363/686/3
f 2380/688/3 2253/690/3 2254/693/3
f 2406/689/3 2407/692/3 2363/686/3
f 2379/694/3 2380/688/3 2254/693/3
f 2379/694/3 2254/693/3 2255/695/3
f 2406/689/3 2363/686/3 2364/696/3
f 2273/697/3 2274/691/3 2406/689/3
f 2273/697/3 2406/689/3 2364/696/3
f 2379/694/3 2255/695/3 2256/698/3
f 2378/699/3 2379/694/3 2256/698/3
f 2378/699/3 2256/698/3 2257/700/3
f 2378/699/3 2257/700/3 2258/701/3
f 2272/702/3 2273/697/3 2364/696/3
f 2378/699/3 2258/701/3 2259/703/3
f 2271/704/3 2272/702/3 2364/696/3
f 2270/705/3 2271/704/3 2364/696/3
f 2269/706/3 2270/705/3 2364/696/3
f 2268/707/3 2269/706/3 2364/696/3
f 2378/699/3 2259/703/3 2260/708/3
f 2268/707/3 2364/696/3 2365/709/3
f 2267/710/3 2268/707/3 2365/709/3
f 2266/711/3 2267/710/3 2365/709/3
f 2265/712/3 2266/711/3 2365/709/3
f 2264/713/3 2265/712/3 2365/709/3
f 2378/699/3 2260/708/3 2261/714/3
f 2263/715/3 2264/713/3 2365/709/3
f 2262/716/3 2263/715/3 2365/709/3
f 2261/714/3 2262/716/3 2365/709/3
f 2378/699/3 2261/714/3 2365/709/3
f 2377/717/3 2378/699/3 2365/709/3
f 2376/718/3 2377/717/3 2365/709/3
f 2376/718/3 2365/709/3 2366/719/3
f 2375/720/3 2376/718/3 2366/719/3
f 2375/720/3 2366/719/3 2367/721/3
f 2374/722/3 2375/720/3 2367/721/3
f 2374/722/3 2367/721/3 2368/723/3
f 2373/724/3 2374/722/3 2368/723/3
f 2372/725/3 2373/724/3 2368/723/3
f 2372/725/3 2368/723/3 2369/726/3
f 2371/53/3 2372/725/3 2369/726/3
f 2371/53/3 2369/726/3 2370/727/3
f 2652/728/3 2653/730/3 2654/729/3
f 2651/731/3 2652/728/3 2654/729/3
f 2650/732/3 2651/731/3 2654/729/3
f 2649/733/3 2650/732/3 2654/729/3
f 2648/734/3 2649/733/3 2654/729/3
f 2647/735/3 2648/734/3 2654/729/3
f 2646/736/3 2647/735/3 2654/729/3
f 2645/737/3 2646/736/3 2654/729/3
f 2644/738/3 2645/737/3 2654/729/3
f 2643/109/3 2644/738/3 2654/729/3
f 2642/739/3 2643/109/3 2654/729/3
f 2641/740/3 2642/739/3 2654/729/3
f 2641/740/3 2654/729/3 2655/741/3
f 2640/742/3 2641/740/3 2655/741/3
f 2640/742/3 2655/741/3 2656/743/3
f 2640/742/3 2656/743/3 2657/744/3
f 2640/742/3 2657/744/3 2658/745/3
f 2640/742/3 2658/745/3 2659/746/3
f 2639/747/3 2640/742/3 2659/746/3
f 2639/747/3 2659/746/3 2660/748/3
f 2639/747/3 2660/748/3 2661/749/3
f 2639/747/3 2661/749/3 2662/750/3
f 2638/751/3 2639/747/3 2662/750/3
f 2638/751/3 2662/750/3 2663/752/3
f 2638/751/3 2663/752/3 2664/753/3
f 2638/751/3 2664/753/3 2665/754/3
f 2638/751/3 2665/754/3 2666/26/3
f 2638/751/3 2666/26/3 2557/755/3
f 2637/756/3 2638/751/3 2557/755/3
f 2637/756/3 2557/755/3 2558/757/3
f 2636/758/3 2637/756/3 2558/757/3
f 2636/758/3 2558/757/3 2559/759/3
f 2635/760/3 2636/758/3 2559/759/3
f 2635/760/3 2559/759/3 2560/761/3
f 2543/762/3 2544/764/3 2545/763/3
f 2634/765/3 2635/760/3 2560/761/3
f 2634/765/3 2560/761/3 2561/766/3
f 2543/762/3 2545/763/3 2546/767/3
f 2543/762/3 2546/767/3 2547/768/3
f 2542/769/3 2543/762/3 2547/768/3
f 2633/770/3 2634/765/3 2561/766/3
f 2633/770/3 2561/766/3 2562/771/3
f 2542/769/3 2547/768/3 2548/772/3
f 2541/773/3 2542/769/3 2548/772/3
f 2541/773/3 2548/772/3 2549/774/3
f 2540/775/3 2541/773/3 2549/774/3
f 2517/776/3 2518/778/3 2519/777/3
f 2633/770/3 2562/771/3 2563/779/3
f 2632/780/3 2633/770/3 2563/779/3
f 2517/776/3 2519/777/3 2520/781/3
f 2539/782/3 2540/775/3 2549/774/3
f 2539/782/3 2549/774/3 2550/783/3
f 2517/776/3 2520/781/3 2521/784/3
f 2516/785/3 2517/776/3 2521/784/3
f 2538/786/3 2539/782/3 2550/783/3
f 2538/786/3 2550/783/3 2551/215/3
f 2632/780/3 2563/779/3 2564/787/3
f 2631/788/3 2632/780/3 2564/787/3
f 2516/785/3 2521/784/3 2522/789/3
f 2515/790/3 2516/785/3 2522/789/3
f 2537/791/3 2538/786/3 2551/215/3
f 2537/791/3 2551/215/3 2552/792/3
f 2514/793/3 2515/790/3 2522/789/3
f 2514/793/3 2522/789/3 2523/794/3
f 2630/795/3 2631/788/3 2564/787/3
f 2630/795/3 2564/787/3 2565/796/3
f 2536/797/3 2537/791/3 2552/792/3
f 2536/797/3 2552/792/3 2553/798/3
f 2513/799/3 2514/793/3 2523/794/3
f 2513/799/3 2523/794/3 2524/800/3
f 2535/801/3 2536/797/3 2553/798/3
f 2535/801/3 2553/798/3 2554/802/3
f 2629/803/3 2630/795/3 2565/796/3
f 2629/803/3 2565/796/3 2566/804/3
f 2512/805/3 2513/799/3 2524/800/3
f 2512/805/3 2524/800/3 2525/806/3
f 2534/807/3 2535/801/3 2554/802/3
f 2534/807/3 2554/802/3 2555/808/3
f 2511/809/3 2512/805/3 2525/806/3
f 2628/810/3 2629/803/3 2566/804/3
f 2511/809/3 2525/806/3 2526/811/3
f 2533/812/3 2534/807/3 2555/808/3
f 2533/812/3 2555/808/3 2556/813/3
f 2628/810/3 2566/804/3 2567/814/3
f 2510/815/3 2511/809/3 2526/811/3
f 2533/812/3 2556/813/3 2532/816/3
f 2532/816/3 2556/813/3 2531/817/3
f 2510/815/3 2526/811/3 2527/818/3
f 2627/819/3 2628/810/3 2567/814/3
f 2627/819/3 2567/814/3 2568/820/3
f 2509/821/3 2510/815/3 2527/818/3
f 2509/821/3 2527/818/3 2528/221/3
f 2626/822/3 2627/819/3 2568/820/3
f 2508/823/3 2509/821/3 2528/221/3
f 2626/822/3 2568/820/3 2569/824/3
f 2508/823/3 2528/221/3 2529/825/3
f 2625/826/3 2626/822/3 2569/824/3
f 2507/827/3 2508/823/3 2529/825/3
f 2625/826/3 2569/824/3 2570/828/3
f 2507/827/3 2529/825/3 2530/829/3
f 2625/826/3 2570/828/3 2571/830/3
f 2507/827/3 2530/829/3 2506/831/3
f 2506/831/3 2530/829/3 2505/24/3
f 2624/832/3 2625/826/3 2571/830/3
f 2624/832/3 2571/830/3 2572/833/3
f 2624/832/3 2572/833/3 2573/834/3
f 2623/835/3 2624/832/3 2573/834/3
f 2623/835/3 2573/834/3 2574/181/3
f 2622/836/3 2623/835/3 2574/181/3
f 2622/836/3 2574/181/3 2575/837/3
f 2622/836/3 2575/837/3 2576/838/3
f 2621/839/3 2622/836/3 2576/838/3
f 2621/839/3 2576/838/3 2577/840/3
f 2621/839/3 2577/840/3 2578/841/3
f 2620/106/3 2621/839/3 2578/841/3
f 2620/106/3 2578/841/3 2579/842/3
f 2619/843/3 2620/106/3 2579/842/3
f 2619/843/3 2579/842/3 2580/844/3
f 2619/843/3 2580/844/3 2581/845/3
f 2618/846/3 2619/843/3 2581/845/3
f 2617/847/3 2618/846/3 2581/845/3
f 2617/847/3 2581/845/3 2582/848/3
f 2616/849/3 2617/847/3 2582/848/3
f 2616/849/3 2582/848/3 2583/850/3
f 2615/851/3 2616/849/3 2583/850/3
f 2615/851/3 2583/850/3 2584/852/3
f 2614/853/3 2615/851/3 2584/852/3
f 2614/853/3 2584/852/3 2585/854/3
f 2613/855/3 2614/853/3 2585/854/3
f 2613/855/3 2585/854/3 2586/856/3
f 2612/857/3 2613/855/3 2586/856/3
f 2612/857/3 2586/856/3 2587/858/3
f 2611/859/3 2612/857/3 2587/858/3
f 2610/860/3 2611/859/3 2587/858/3
f 2610/860/3 2587/858/3 2588/861/3
f 2609/862/3 2610/860/3 2588/861/3
f 2609/862/3 2588/861/3 2589/863/3
f 2608/864/3 2609/862/3 2589/863/3
f 2608/864/3 2589/863/3 2590/865/3
f 2607/866/3 2608/864/3 2590/865/3
f 2607/866/3 2590/865/3 2591/867/3
f 2606/868/3 2607/866/3 2591/867/3
f 2606/868/3 2591/867/3 2592/869/3
f 2605/870/3 2606/868/3 2592/869/3
f 2604/871/3 2605/870/3 2592/869/3
f 2603/872/3 2604/871/3 2592/869/3
f 2603/872/3 2592/869/3 2602/873/3
f 2602/873/3 2592/869/3 2601/874/3
f 2601/874/3 2592/869/3 2600/875/3
f 2600/875/3 2592/869/3 2599/876/3
f 2599/876/3 2592/869/3 2598/877/3
f 2598/877/3 2592/869/3 2597/163/3
f 2597/163/3 2592/869/3 2596/878/3
f 2596/878/3 2592/869/3 2595/879/3
f 2595/879/3 2592/869/3 2594/880/3
f 2594/880/3 2592/869/3 2593/881/3
f 2668/882/7 2670/883/8 2669/884/8 2667/24/7
f 2670/883/8 2672/885/9 2671/886/9 2669/884/8
f 2672/885/9 2674/887/10 2673/888/10 2671/886/9
f 2674/887/10 2676/889/11 2675/890/11 2673/888/10
f 2676/889/11 2678/891/12 2677/892/12 2675/890/11
f 2678/891/12 2680/893/13 2679/894/13 2677/892/12
f 2680/893/13 2682/895/14 2681/896/14 2679/894/13
f 2682/895/14 2684/897/15 2683/898/15 2681/896/14
f 2684/897/15 2686/899/16 2685/900/16 2683/898/15
f 2686/899/16 2688/901/17 2687/902/17 2685/900/16
f 2688/901/17 2690/903/18 2689/904/18 2687/902/17
f 2690/903/18 2692/905/19 2691/906/19 2689/904/18
f 2692/905/19 2694/907/20 2693/53/20 2691/906/19
f 2694/907/20 2696/908/21 2695/909/21 2693/53/20
f 2696/908/21 2698/910/22 2697/911/22 2695/909/21
f 2698/910/22 2700/912/23 2699/913/23 2697/911/22
f 2700/912/23 2702/914/24 2701/915/24 2699/913/23
f 2702/914/24 2704/916/25 2703/917/25 2701/915/24
f 2704/916/25 2706/918/26 2705/919/26 2703/917/25
f 2706/918/26 2708/920/27 2707/921/27 2705/919/26
f 2708/920/27 2710/922/28 2709/923/28 2707/921/27
f 2710/922/28 2712/924/29 2711/925/29 2709/923/28
f 2712/924/29 2714/926/30 2713/927/30 2711/925/29
f 2714/926/30 2716/928/31 2715/929/31 2713/927/30
f 2716/928/31 2718/930/32 2717/931/32 2715/929/31
f 2718/930/32 2668/932/7 2667/26/7 2717/931/32
f 2720/882/33 2722/883/34 2721/884/34 2719/24/33
f 2722/883/34 2724/885/35 2723/886/35 2721/884/34
f 2724/885/35 2726/887/36 2725/888/36 2723/886/35
f 2726/887/36 2728/889/37 2727/890/37 2725/888/36
f 2728/889/37 2730/891/38 2729/892/38 2727/890/37
f 2730/891/38 2732/893/39 2731/894/39 2729/892/38
f 2732/893/39 2734/895/40 2733/896/40 2731/894/39
f 2734/895/40 2736/897/41 2735/898/41 2733/896/40
f 2736/897/41 2738/899/42 2737/900/42 2735/898/41
f 2738/899/42 2740/901/43 2739/902/43 2737/900/42
f 2740/901/43 2742/903/44 2741/904/44 2739/902/43
f 2742/903/44 2744/905/45 2743/906/45 2741/904/44
f 2744/905/45 2746/907/46 2745/53/46 2743/906/45
f 2746/907/46 2748/908/47 2747/909/47 2745/53/46
f 2748/908/47 2750/910/48 2749/911/48 2747/909/47
f 2750/910/48 2752/912/49 2751/913/49 2749/911/48
f 2752/912/49 2754/914/50 2753/915/50 2751/913/49
f 2754/914/50 2756/916/51 2755/917/51 2753/915/50
f 2756/916/51 2758/918/52 2757/919/52 2755/917/51
f 2758/918/52 2760/920/53 2759/921/53 2757/919/52
f 2760/920/53 2762/922/54 2761/923/54 2759/921/53
f 2762/922/54 2764/924/55 2763/925/55 2761/923/54
f 2764/924/55 2766/926/56 2765/927/56 2763/925/55
f 2766/926/56 2768/928/57 2767/929/57 2765/927/56
f 2768/928/57 2770/930/58 2769/931/58 2767/929/57
f 2770/930/58 2720/932/33 2719/26/33 2769/931/58
f 2772/882/59 2774/933/60 2773/934/60 2771/24/59
f 2774/933/60 2776/935/61 2775/936/61 2773/934/60
f 2776/935/61 2778/937/62 2777/938/62 2775/936/61
f 2778/937/62 2780/939/63 2779/940/63 2777/938/62
f 2780/939/63 2782/941/64 2781/16/64 2779/940/63
f 2782/941/64 2784/942/65 2783/943/65 2781/16/64
f 2784/942/65 2786/944/66 2785/945/66 2783/943/65
f 2786/944/66 2788/946/67 2787/947/67 2785/945/66
f 2788/946/67 2790/948/68 2789/949/68 2787/947/67
f 2790/948/68 2792/950/69 2791/8/69 2789/949/68
f 2792/950/69 2794/951/70 2793/952/70 2791/8/69
f 2794/951/70 2796/953/71 2795/954/71 2793/952/70
f 2796/953/71 2798/955/72 2797/956/72 2795/954/71
f 2798/955/72 2800/957/73 2799/958/73 2797/956/72
f 2800/957/73 2802/959/74 2801/2/74 2799/958/73
f 2802/959/74 2804/960/75 2803/961/75 2801/2/74
f 2804/960/75 2806/962/76 2805/963/76 2803/961/75
f 2806/962/76 2808/964/77 2807/965/77 2805/963/76
f 2808/964/77 2810/966/78 2809/967/78 2807/965/77
f 2810/966/78 2812/968/79 2811/9/79 2809/967/78
f 2812/968/79 2814/969/80 2813/970/80 2811/9/79
f 2814/969/80 2816/971/81 2815/972/81 2813/970/80
f 2816/971/81 2818/973/82 2817/974/82 2815/972/81
f 2818/973/82 2820/975/83 2819/976/83 2817/974/82
f 2820/975/83 2822/977/84 2821/17/84 2819/976/83
f 2822/977/84 2824/978/85 2823/979/85 2821/17/84
f 2824/978/85 2826/980/86 2825/981/86 2823/979/85
f 2826/980/86 2828/982/87 2827/983/87 2825/981/86
f 2828/982/87 2830/984/88 2829/985/88 2827/983/87
f 2830/984/88 2832/986/89 2831/25/89 2829/985/88
f 2832/986/89 2834/987/90 2833/988/90 2831/25/89
f 2834/987/90 2836/989/91 2835/990/91 2833/988/90
f 2836/989/91 2838/991/92 2837/992/92 2835/990/91
f 2838/991/92 2840/993/93 2839/994/93 2837/992/92
f 2840/993/93 2842/995/94 2841/35/94 2839/994/93
f 2842/995/94 2844/996/95 2843/997/95 2841/35/94
f 2844/996/95 2846/998/96 2845/999/96 2843/997/95
f 2846/998/96 2848/1000/97 2847/1001/97 2845/999/96
f 2848/1000/97 2850/1002/98 2849/1003/98 2847/1001/97
f 2850/1002/98 2852/1004/99 2851/41/99 2849/1003/98
f 2852/1004/99 2854/1005/100 2853/1006/100 2851/41/99
f 2854/1005/100 2856/1007/101 2855/1008/101 2853/1006/100
f 2856/1007/101 2858/1009/102 2857/1010/102 2855/1008/101
f 2858/1009/102 2860/1011/103 2859/1012/103 2857/1010/102
f 2860/1011/103 2862/1013/104 2861/51/104 2859/1012/103
f 2862/1013/104 2864/1014/105 2863/1015/105 2861/51/104
f 2864/1014/105 2866/1016/106 2865/1017/106 2863/1015/105
f 2866/1016/106 2868/1018/107 2867/1019/107 2865/1017/106
f 2868/1018/107 2870/1020/108 2869/1021/108 2867/1019/107
f 2870/1020/108 2872/1022/109 2871/58/109 2869/1021/108
f 2872/1022/109 2874/1023/110 2873/1024/110 2871/58/109
f 2874/1023/110 2876/1025/111 2875/1026/111 2873/1024/110
f 2876/1025/111 2878/1027/112 2877/1028/112 2875/1026/111
f 2878/1027/112 2880/1029/113 2879/1030/113 2877/1028/112
f 2880/1029/113 2882/907/114 2881/53/114 2879/1030/113
f 2882/907/114 2884/1031/115 2883/1032/115 2881/53/114
f 2884/1031/115 2886/1033/116 2885/1034/116 2883/1032/115
f 2886/1033/116 2888/1035/117 2887/1036/117 2885/1034/116
f 2888/1035/117 2890/1037/118 2889/1038/118 2887/1036/117
f 2890/1037/118 2892/1039/119 2891/45/119 2889/1038/118
f 2892/1039/119 2894/1040/120 2893/1041/120 2891/45/119
f 2894/1040/120 2896/1042/121 2895/1043/121 2893/1041/120
f 2896/1042/121 2898/1044/122 2897/1045/122 2895/1043/121
f 2898/1044/122 2900/1046/123 2899/1047/123 2897/1045/122
f 2900/1046/123 2902/1048/124 2901/67/124 2899/1047/123
f 2902/1048/124 2904/1049/125 2903/1050/125 2901/67/124
f 2904/1049/125 2906/1051/126 2905/1052/126 2903/1050/125
f 2906/1051/126 2908/1053/127 2907/1054/127 2905/1052/126
f 2908/1053/127 2910/1055/128 2909/1056/128 2907/1054/127
f 2910/1055/128 2912/1057/129 2911/74/129 2909/1056/128
f 2912/1057/129 2914/1058/130 2913/1059/130 2911/74/129
f 2914/1058/130 2916/1060/131 2915/1061/131 2913/1059/130
f 2916/1060/131 2918/1062/132 2917/1063/132 2915/1061/131
f 2918/1062/132 2920/1064/133 2919/1065/133 2917/1063/132
f 2920/1064/133 2922/1066/133 2921/82/133 2919/1065/133
f 2922/1066/133 2924/1067/134 2923/1068/134 2921/82/133
f 2924/1067/134 2926/1069/135 2925/1070/135 2923/1068/134
f 2926/1069/135 2928/1071/136 2927/1072/136 2925/1070/135
f 2928/1071/136 2930/1073/137 2929/1074/137 2927/1072/136
f 2930/1073/137 2932/1075/138 2931/89/138 2929/1074/137
f 2932/1075/138 2934/1076/139 2933/1077/139 2931/89/138
f 2934/1076/139 2936/1078/140 2935/1079/140 2933/1077/139
f 2936/1078/140 2938/1080/141 2937/1081/141 2935/1079/140
f 2938/1080/141 2940/1082/142 2939/1083/142 2937/1081/141
f 2940/1082/142 2942/1084/143 2941/81/143 2939/1083/142
f 2942/1084/143 2944/1085/144 2943/1086/144 2941/81/143
f 2944/1085/144 2946/1087/145 2945/1088/145 2943/1086/144
f 2946/1087/145 2948/1089/146 2947/1090/146 2945/1088/145
f 2948/1089/146 2950/1091/147 2949/1092/147 2947/1090/146
f 2950/1091/147 2952/1093/148 2951/73/148 2949/1092/147
f 2952/1093/148 2954/1094/149 2953/1095/149 2951/73/148
f 2954/1094/149 2956/1096/150 2955/1097/150 2953/1095/149
f 2956/1096/150 2958/1098/151 2957/1099/151 2955/1097/150
f 2958/1098/151 2960/1100/152 2959/1101/152 2957/1099/151
f 2960/1100/152 2962/1102/153 2961/65/153 2959/1101/152
f 2962/1102/153 2964/1103/154 2963/1104/154 2961/65/153
f 2964/1103/154 2966/1105/155 2965/1106/155 2963/1104/154
f 2966/1105/155 2968/1107/156 2967/1108/156 2965/1106/155
f 2968/1107/156 2970/1109/157 2969/1110/157 2967/1108/156
f 2970/1109/157 2972/1111/158 2971/61/158 2969/1110/157
f 2972/1111/158 2974/1112/159 2973/1113/159 2971/61/158
f 2974/1112/159 2976/1114/160 2975/1115/160 2973/1113/159
f 2976/1114/160 2978/1116/161 2977/1117/161 2975/1115/160
f 2978/1116/161 2980/1118/162 2979/1119/162 2977/1117/161
f 2980/1118/162 2982/1120/163 2981/31/163 2979/1119/162
f 2982/1120/163 2984/1121/164 2983/1122/164 2981/31/163
f 2984/1121/164 2986/1123/165 2985/1124/165 2983/1122/164
f 2986/1123/165 2988/1125/166 2987/1126/166 2985/1124/165
f 2988/1125/166 2990/1127/167 2989/1128/167 2987/1126/166
f 2990/1127/167 2772/932/59 2771/26/59 2989/1128/167
f 2992/882/168 2994/1129/169 2993/1130/169 2991/24/168
f 2994/1129/169 2996/1131/170 2995/1132/170 2993/1130/169
f 2996/1131/170 2998/1133/171 2997/1134/171 2995/1132/170
f 2998/1133/171 3000/1135/172 2999/1136/172 2997/1134/171
f 3000/1135/172 3002/1137/173 3001/1138/173 2999/1136/172
f 3002/1137/173 3004/1139/174 3003/3/174 3001/1138/173
f 3004/1139/174 3006/1140/175 3005/1141/175 3003/3/174
f 3006/1140/175 3008/1142/176 3007/1143/176 3005/1141/175
f 3008/1142/176 3010/1144/177 3009/1145/177 3007/1143/176
f 3010/1144/177 3012/1146/178 3011/1147/178 3009/1145/177
f 3012/1146/178 3014/1148/179 3013/1149/179 3011/1147/178
f 3014/1148/179 3016/1150/180 3015/21/180 3013/1149/179
f 3016/1150/180 3018/1151/181 3017/1152/181 3015/21/180
f 3018/1151/181 3020/1153/182 3019/1154/182 3017/1152/181
f 3020/1153/182 3022/1155/183 3021/1156/183 3019/1154/182
f 3022/1155/183 3024/1157/184 3023/227/184 3021/1156/183
f 3024/1157/184 3026/1158/185 3025/1159/185 3023/227/184
f 3026/1158/185 3028/1160/186 3027/44/186 3025/1159/185
f 3028/1160/186 3030/1161/187 3029/1162/187 3027/44/186
f 3030/1161/187 3032/1163/188 3031/1164/188 3029/1162/187
f 3032/1163/188 3034/1165/189 3033/1166/189 3031/1164/188
f 3034/1165/189 3036/1167/190 3035/1168/190 3033/1166/189
f 3036/1167/190 3038/1169/191 3037/1170/191 3035/1168/190
f 3038/1169/191 3040/907/192 3039/53/192 3037/1170/191
f 3040/907/192 3042/1171/193 3041/1172/193 3039/53/192
f 3042/1171/193 3044/1173/194 3043/1174/194 3041/1172/193
f 3044/1173/194 3046/1175/195 3045/1176/195 3043/1174/194
f 3046/1175/195 3048/1177/196 3047/1178/196 3045/1176/195
f 3048/1177/196 3050/1179/197 3049/1180/197 3047/1178/196
f 3050/1179/197 3052/1181/198 3051/72/198 3049/1180/197
f 3052/1181/198 3054/1182/199 3053/1183/199 3051/72/198
f 3054/1182/199 3056/1184/200 3055/96/200 3053/1183/199
f 3056/1184/200 3058/1185/201 3057/1186/201 3055/96/200
f 3058/1185/201 3060/1187/202 3059/1188/202 3057/1186/201
f 3060/1187/202 3062/1189/203 3061/1190/203 3059/1188/202
f 3062/1189/203 3064/1191/204 3063/85/204 3061/1190/203
f 3064/1191/204 3066/1192/205 3065/1193/205 3063/85/204
f 3066/1192/205 3068/1194/206 3067/1195/206 3065/1193/205
f 3068/1194/206 3070/1196/207 3069/1197/207 3067/1195/206
f 3070/1196/207 3072/1198/208 3071/1199/208 3069/1197/207
f 3072/1198/208 3074/1200/209 3073/1201/209 3071/1199/208
f 3074/1200/209 3076/1202/210 3075/64/210 3073/1201/209
f 3076/1202/210 3078/1203/211 3077/1204/211 3075/64/210
f 3078/1203/211 3080/1205/212 3079/1206/212 3077/1204/211
f 3080/1205/212 3082/1207/213 3081/1208/213 3079/1206/212
f 3082/1207/213 3084/1209/214 3083/1210/214 3081/1208/213
f 3084/1209/214 3086/1211/215 3085/1212/215 3083/1210/214
f 3086/1211/215 2992/932/168 2991/26/168 3085/1212/215
f 3088/882/216 3090/1213/217 3089/1214/217 3087/24/216
f 3090/1213/217 3092/1215/218 3091/1216/218 3089/1214/217
f 3092/1215/218 3094/1217/219 3093/263/219 3091/1216/218
f 3094/1217/219 3096/1218/220 3095/1219/220 3093/263/219
f 3096/1218/220 3098/1220/221 3097/1221/221 3095/1219/220
f 3098/1220/221 3100/1222/222 3099/264/222 3097/1221/221
f 3100/1222/222 3102/1223/223 3101/1224/223 3099/264/222
f 3102/1223/223 3104/1225/224 3103/1226/224 3101/1224/223
f 3104/1225/224 3106/1227/225 3105/265/225 3103/1226/224
f 3106/1227/225 3108/1228/226 3107/1229/226 3105/265/225
f 3108/1228/226 3110/1230/227 3109/1231/227 3107/1229/226
f 3110/1230/227 3112/1232/228 3111/266/228 3109/1231/227
f 3112/1232/228 3114/1233/229 3113/1234/229 3111/266/228
f 3114/1233/229 3116/1235/230 3115/1236/230 3113/1234/229
f 3116/1235/230 3118/1237/231 3117/267/231 3115/1236/230
f 3118/1237/231 3120/1238/232 3119/1239/232 3117/267/231
f 3120/1238/232 3122/1240/233 3121/1241/233 3119/1239/232
f 3122/1240/233 3124/1242/234 3123/268/234 3121/1241/233
f 3124/1242/234 3126/1243/235 3125/1244/235 3123/268/234
f 3126/1243/235 3128/1245/236 3127/1246/236 3125/1244/235
f 3128/1245/236 3130/1247/237 3129/269/237 3127/1246/236
f 3130/1247/237 3132/1248/238 3131/1249/238 3129/269/237
f 3132/1248/238 3134/1250/239 3133/1251/239 3131/1249/238
f 3134/1250/239 3136/1252/240 3135/270/240 3133/1251/239
f 3136/1252/240 3138/1253/241 3137/1254/241 3135/270/240
f 3138/1253/241 3140/1255/242 3139/1256/242 3137/1254/241
f 3140/1255/242 3142/1257/243 3141/271/243 3139/1256/242
f 3142/1257/243 3144/1258/243 3143/1259/243 3141/271/243
f 3144/1258/243 3146/1260/242 3145/1261/242 3143/1259/243
f 3146/1260/242 3148/1262/244 3147/272/244 3145/1261/242
f 3148/1262/244 3150/1263/245 3149/1264/245 3147/272/244
f 3150/1263/245 3152/1265/246 3151/1266/246 3149/1264/245
f 3152/1265/246 3154/1267/247 3153/262/247 3151/1266/246
f 3154/1267/247 3156/1268/248 3155/1269/248 3153/262/247
f 3156/1268/248 3158/1270/249 3157/1271/249 3155/1269/248
f 3158/1270/249 3160/1272/250 3159/261/250 3157/1271/249
f 3160/1272/250 3162/1273/251 3161/1274/251 3159/261/250
f 3162/1273/251 3164/1275/252 3163/1276/252 3161/1274/251
f 3164/1275/252 3166/1277/253 3165/259/253 3163/1276/252
f 3166/1277/253 3168/1278/254 3167/1279/254 3165/259/253
f 3168/1278/254 3170/1280/255 3169/1281/255 3167/1279/254
f 3170/1280/255 3172/1282/256 3171/257/256 3169/1281/255
f 3172/1282/256 3174/1283/257 3173/1284/257 3171/257/256
f 3174/1283/257 3176/1285/258 3175/1286/258 3173/1284/257
f 3176/1285/258 3178/1287/259 3177/255/259 3175/1286/258
f 3178/1287/259 3180/1288/260 3179/1289/260 3177/255/259
f 3180/1288/260 3182/1290/256 3181/1291/256 3179/1289/260
f 3182/1290/256 3184/1292/261 3183/253/261 3181/1291/256
f 3184/1292/261 3186/1293/262 3185/1294/262 3183/253/261
f 3186/1293/262 3188/1295/263 3187/1296/263 3185/1294/262
f 3188/1295/263 3190/1297/264 3189/251/264 3187/1296/263
f 3190/1297/264 3192/1298/265 3191/1299/265 3189/251/264
f 3192/1298/265 3194/1300/266 3193/1301/266 3191/1299/265
f 3194/1300/266 3196/1302/267 3195/249/267 3193/1301/266
f 3196/1302/267 3198/1303/268 3197/1304/268 3195/249/267
f 3198/1303/268 3200/1305/269 3199/1306/269 3197/1304/268
f 3200/1305/269 3202/1307/270 3201/247/270 3199/1306/269
f 3202/1307/270 3204/1308/271 3203/1309/271 3201/247/270
f 3204/1308/271 3206/1310/272 3205/1311/272 3203/1309/271
f 3206/1310/272 3208/1312/273 3207/245/273 3205/1311/272
f 3208/1312/273 3210/1313/274 3209/1314/274 3207/245/273
f 3210/1313/274 3212/1315/275 3211/1316/275 3209/1314/274
f 3212/1315/275 3214/1317/276 3213/243/276 3211/1316/275
f 3214/1317/276 3216/1318/277 3215/1319/277 3213/243/276
f 3216/1318/277 3218/1320/278 3217/1321/278 3215/1319/277
f 3218/1320/278 3220/1322/279 3219/239/279 3217/1321/278
f 3220/1322/279 3222/1323/280 3221/1324/280 3219/239/279
f 3222/1323/280 3224/1325/281 3223/1326/281 3221/1324/280
f 3224/1325/281 3226/1327/282 3225/241/282 3223/1326/281
f 3226/1327/282 3228/1328/283 3227/1329/283 3225/241/282
f 3228/1328/283 3230/1330/284 3229/1331/284 3227/1329/283
f 3230/1330/284 3232/1332/285 3231/240/285 3229/1331/284
f 3232/1332/285 3234/1157/286 3233/227/286 3231/240/285
f 3234/1157/286 3236/1333/287 3235/1334/287 3233/227/286
f 3236/1333/287 3238/1335/288 3237/307/288 3235/1334/287
f 3238/1335/288 3240/1336/289 3239/1337/289 3237/307/288
f 3240/1336/289 3242/1338/290 3241/1339/290 3239/1337/289
f 3242/1338/290 3244/1340/291 3243/306/291 3241/1339/290
f 3244/1340/291 3246/1341/292 3245/1342/292 3243/306/291
f 3246/1341/292 3248/1343/293 3247/1344/293 3245/1342/292
f 3248/1343/293 3250/1345/294 3249/305/294 3247/1344/293
f 3250/1345/294 3252/1346/295 3251/1347/295 3249/305/294
f 3252/1346/295 3254/1348/296 3253/1349/296 3251/1347/295
f 3254/1348/296 3256/1350/297 3255/304/297 3253/1349/296
f 3256/1350/297 3258/1351/298 3257/1352/298 3255/304/297
f 3258/1351/298 3260/1353/299 3259/1354/299 3257/1352/298
f 3260/1353/299 3262/1355/300 3261/298/300 3259/1354/299
f 3262/1355/300 3264/1356/301 3263/1357/301 3261/298/300
f 3264/1356/301 3266/1358/302 3265/1359/302 3263/1357/301
f 3266/1358/302 3268/1360/303 3267/297/303 3265/1359/302
f 3268/1360/303 3270/1361/304 3269/1362/304 3267/297/303
f 3270/1361/304 3272/1363/305 3271/1364/305 3269/1362/304
f 3272/1363/305 3274/1365/306 3273/296/306 3271/1364/305
f 3274/1365/306 3276/1366/307 3275/1367/307 3273/296/306
f 3276/1366/307 3278/1368/308 3277/1369/308 3275/1367/307
f 3278/1368/308 3280/1370/309 3279/295/309 3277/1369/308
f 3280/1370/309 3282/1371/310 3281/1372/310 3279/295/309
f 3282/1371/310 3284/1373/311 3283/1374/311 3281/1372/310
f 3284/1373/311 3286/1375/312 3285/294/312 3283/1374/311
f 3286/1375/312 3288/1376/313 3287/1377/313 3285/294/312
f 3288/1376/313 3290/1378/314 3289/1379/314 3287/1377/313
f 3290/1378/314 3292/1380/315 3291/293/315 3289/1379/314
f 3292/1380/315 3294/1381/316 3293/1382/316 3291/293/315
f 3294/1381/316 3296/1383/317 3295/1384/317 3293/1382/316
f 3296/1383/317 3298/1385/318 3297/292/318 3295/1384/317
f 3298/1385/318 3300/1386/319 3299/1387/319 3297/292/318
f 3300/1386/319 3302/1388/320 3301/1389/320 3299/1387/319
f 3302/1388/320 3304/1390/321 3303/291/321 3301/1389/320
f 3304/1390/321 3306/1391/322 3305/1392/322 3303/291/321
f 3306/1391/322 3308/1393/323 3307/1394/323 3305/1392/322
f 3308/1393/323 3310/1395/324 3309/290/324 3307/1394/323
f 3310/1395/324 3312/1396/325 3311/1397/325 3309/290/324
f 3312/1396/325 3314/1398/326 3313/1399/326 3311/1397/325
f 3314/1398/326 3316/1400/327 3315/303/327 3313/1399/326
f 3316/1400/327 3318/1401/328 3317/1402/328 3315/303/327
f 3318/1401/328 3320/1403/329 3319/1404/329 3317/1402/328
f 3320/1403/329 3322/1405/330 3321/302/330 3319/1404/329
f 3322/1405/330 3324/1406/331 3323/1407/331 3321/302/330
f 3324/1406/331 3326/1408/332 3325/1409/332 3323/1407/331
f 3326/1408/332 3328/1410/333 3327/289/333 3325/1409/332
f 3328/1410/333 3330/1411/334 3329/1412/334 3327/289/333
f 3330/1411/334 3332/1413/335 3331/1414/335 3329/1412/334
f 3332/1413/335 3334/1415/336 3333/301/336 3331/1414/335
f 3334/1415/336 3336/1416/337 3335/1417/337 3333/301/336
f 3336/1416/337 3338/1418/338 3337/1419/338 3335/1417/337
f 3338/1418/338 3340/1420/339 3339/300/339 3337/1419/338
f 3340/1420/339 3342/1421/340 3341/1422/340 3339/300/339
f 3342/1421/340 3344/1423/341 3343/1424/341 3341/1422/340
f 3344/1423/341 3346/1425/342 3345/288/342 3343/1424/341
f 3346/1425/342 3348/1426/343 3347/1427/343 3345/288/342
f 3348/1426/343 3350/1428/344 3349/1429/344 3347/1427/343
f 3350/1428/344 3352/1430/345 3351/299/345 3349/1429/344
f 3352/1430/345 3354/1431/346 3353/1432/346 3351/299/345
f 3354/1431/346 3356/1433/347 3355/1434/347 3353/1432/346
f 3356/1433/347 3358/1435/348 3357/287/348 3355/1434/347
f 3358/1435/348 3360/1436/349 3359/1437/349 3357/287/348
f 3360/1436/349 3362/1438/350 3361/1439/350 3359/1437/349
f 3362/1438/350 3364/1440/351 3363/286/351 3361/1439/350
f 3364/1440/351 3366/1441/352 3365/1442/352 3363/286/351
f 3366/1441/352 3368/1443/353 3367/1444/353 3365/1442/352
f 3368/1443/353 3370/1445/354 3369/285/354 3367/1444/353
f 3370/1445/354 3372/1446/355 3371/1447/355 3369/285/354
f 3372/1446/355 3374/1448/356 3373/1449/356 3371/1447/355
f 3374/1448/356 3376/1450/357 3375/284/357 3373/1449/356
f 3376/1450/357 3378/1451/358 3377/1452/358 3375/284/357
f 3378/1451/358 3380/1184/359 3379/96/359 3377/1452/358
f 3380/1184/359 3382/1453/360 3381/283/360 3379/96/359
f 3382/1453/360 3384/1454/361 3383/1455/361 3381/283/360
f 3384/1454/361 3386/1456/362 3385/1457/362 3383/1455/361
f 3386/1456/362 3388/1458/363 3387/282/363 3385/1457/362
f 3388/1458/363 3390/1459/364 3389/1460/364 3387/282/363
f 3390/1459/364 3392/1461/365 3391/1462/365 3389/1460/364
f 3392/1461/365 3394/1463/366 3393/281/366 3391/1462/365
f 3394/1463/366 3396/1464/367 3395/1465/367 3393/281/366
f 3396/1464/367 3398/1466/368 3397/1467/368 3395/1465/367
f 3398/1466/368 3400/1468/369 3399/280/369 3397/1467/368
f 3400/1468/369 3402/1469/370 3401/1470/370 3399/280/369
f 3402/1469/370 3404/1471/371 3403/1472/371 3401/1470/370
f 3404/1471/371 3406/1473/372 3405/279/372 3403/1472/371
f 3406/1473/372 3408/1474/373 3407/1475/373 3405/279/372
f 3408/1474/373 3410/1476/374 3409/1477/374 3407/1475/373
f 3410/1476/374 3412/1478/375 3411/278/375 3409/1477/374
f 3412/1478/375 3414/1479/376 3413/1480/376 3411/278/375
f 3414/1479/376 3416/1481/377 3415/1482/377 3413/1480/376
f 3416/1481/377 3418/1483/378 3417/277/378 3415/1482/377
f 3418/1483/378 3420/1484/379 3419/1485/379 3417/277/378
f 3420/1484/379 3422/1486/380 3421/1487/380 3419/1485/379
f 3422/1486/380 3424/1488/381 3423/276/381 3421/1487/380
f 3424/1488/381 3426/1489/382 3425/1490/382 3423/276/381
f 3426/1489/382 3428/1491/383 3427/1492/383 3425/1490/382
f 3428/1491/383 3430/1493/384 3429/275/384 3427/1492/383
f 3430/1493/384 3432/1494/385 3431/1495/385 3429/275/384
f 3432/1494/385 3434/1496/386 3433/1497/386 3431/1495/385
f 3434/1496/386 3436/1498/387 3435/274/387 3433/1497/386
f 3436/1498/387 3438/1499/388 3437/1500/388 3435/274/387
f 3438/1499/388 3440/1501/389 3439/1502/389 3437/1500/388
f 3440/1501/389 3442/1503/390 3441/273/390 3439/1502/389
f 3442/1503/390 3444/1504/391 3443/1505/391 3441/273/390
f 3444/1504/391 3446/1506/392 3445/1507/392 3443/1505/391
f 3446/1506/392 3448/1508/393 3447/236/393 3445/1507/392
f 3448/1508/393 3450/1509/394 3449/1510/394 3447/236/393
f 3450/1509/394 3452/1511/395 3451/1512/395 3449/1510/394
f 3452/1511/395 3454/1513/396 3453/238/396 3451/1512/395
f 3454/1513/396 3456/1514/397 3455/1515/397 3453/238/396
f 3456/1514/397 3458/1516/398 3457/1517/398 3455/1515/397
f 3458/1516/398 3460/1518/399 3459/237/399 3457/1517/398
f 3460/1518/399 3462/1519/400 3461/1520/400 3459/237/399
f 3462/1519/400 3464/1521/401 3463/1522/401 3461/1520/400
f 3464/1521/401 3466/1523/402 3465/242/402 3463/1522/401
f 3466/1523/402 3468/1524/403 3467/1525/403 3465/242/402
f 3468/1524/403 3470/1526/404 3469/1527/404 3467/1525/403
f 3470/1526/404 3472/1528/405 3471/244/405 3469/1527/404
f 3472/1528/405 3474/1529/406 3473/1530/406 3471/244/405
f 3474/1529/406 3476/1531/407 3475/1532/407 3473/1530/406
f 3476/1531/407 3478/1533/408 3477/246/408 3475/1532/407
f 3478/1533/408 3480/1534/409 3479/1535/409 3477/246/408
f 3480/1534/409 3482/1536/410 3481/1537/410 3479/1535/409
f 3482/1536/410 3484/1538/411 3483/248/411 3481/1537/410
f 3484/1538/411 3486/1539/412 3485/1540/412 3483/248/411
f 3486/1539/412 3488/1541/413 3487/1542/413 3485/1540/412
f 3488/1541/413 3490/1543/414 3489/250/414 3487/1542/413
f 3490/1543/414 3492/1544/415 3491/1545/415 3489/250/414
f 3492/1544/415 3494/1546/416 3493/1547/416 3491/1545/415
f 3494/1546/416 3496/1548/417 3495/252/417 3493/1547/416
f 3496/1548/417 3498/1549/418 3497/1550/418 3495/252/417
f 3498/1549/418 3500/1551/419 3499/1552/419 3497/1550/418
f 3500/1551/419 3502/1553/420 3501/254/420 3499/1552/419
f 3502/1553/420 3504/1554/421 3503/1555/421 3501/254/420
f 3504/1554/421 3506/1556/422 3505/1557/422 3503/1555/421
f 3506/1556/422 3508/1558/423 3507/256/423 3505/1557/422
f 3508/1558/423 3510/1559/424 3509/1560/424 3507/256/423
f 3510/1559/424 3512/1561/425 3511/1562/425 3509/1560/424
f 3512/1561/425 3514/1563/426 3513/258/426 3511/1562/425
f 3514/1563/426 3516/1564/427 3515/1565/427 3513/258/426
f 3516/1564/427 3518/1566/428 3517/1567/428 3515/1565/427
f 3518/1566/428 3520/1568/429 3519/260/429 3517/1567/428
f 3520/1568/429 3522/1569/430 3521/1570/430 3519/260/429
f 3522/1569/430 3524/1571/431 3523/1572/431 3521/1570/430
f 3524/1571/431 3088/932/216 3087/26/216 3523/1572/431
f 3526/882/7 3528/883/8 3527/884/8 3525/24/7
f 3528/883/8 3530/885/9 3529/886/9 3527/884/8
f 3530/885/9 3532/887/10 3531/888/10 3529/886/9
f 3532/887/10 3534/889/11 3533/890/11 3531/888/10
f 3534/889/11 3536/891/12 3535/892/12 3533/890/11
f 3536/891/12 3538/893/13 3537/894/13 3535/892/12
f 3538/893/13 3540/895/14 3539/896/14 3537/894/13
f 3540/895/14 3542/897/15 3541/898/15 3539/896/14
f 3542/897/15 3544/899/16 3543/900/16 3541/898/15
f 3544/899/16 3546/901/17 3545/902/17 3543/900/16
f 3546/901/17 3548/903/18 3547/904/18 3545/902/17
f 3548/903/18 3550/905/19 3549/906/19 3547/904/18
f 3550/905/19 3552/907/20 3551/53/20 3549/906/19
f 3552/907/20 3554/908/21 3553/909/21 3551/53/20
f 3554/908/21 3556/910/22 3555/911/22 3553/909/21
f 3556/910/22 3558/912/23 3557/913/23 3555/911/22
f 3558/912/23 3560/914/24 3559/915/24 3557/913/23
f 3560/914/24 3562/916/25 3561/917/25 3559/915/24
f 3562/916/25 3564/918/26 3563/919/26 3561/917/25
f 3564/918/26 3566/920/27 3565/921/27 3563/919/26
f 3566/920/27 3568/922/28 3567/923/28 3565/921/27
f 3568/922/28 3570/924/29 3569/925/29 3567/923/28
f 3570/924/29 3572/926/30 3571/927/30 3569/925/29
f 3572/926/30 3574/928/31 3573/929/31 3571/927/30
f 3574/928/31 3576/930/32 3575/931/32 3573/929/31
f 3576/930/32 3526/932/7 3525/26/7 3575/931/32
f 3578/882/432 3580/883/34 3579/884/34 3577/24/432
f 3580/883/34 3582/885/35 3581/886/35 3579/884/34
f 3582/885/35 3584/887/36 3583/888/36 3581/886/35
f 3584/887/36 3586/889/37 3585/890/37 3583/888/36
f 3586/889/37 3588/891/38 3587/892/38 3585/890/37
f 3588/891/38 3590/893/433 3589/894/433 3587/892/38
f 3590/893/433 3592/895/40 3591/896/40 3589/894/433
f 3592/895/40 3594/897/41 3593/898/41 3591/896/40
f 3594/897/41 3596/899/42 3595/900/42 3593/898/41
f 3596/899/42 3598/901/43 3597/902/43 3595/900/42
f 3598/901/43 3600/903/434 3599/904/434 3597/902/43
f 3600/903/434 3602/905/45 3601/906/45 3599/904/434
f 3602/905/45 3604/907/46 3603/53/46 3601/906/45
f 3604/907/46 3606/908/47 3605/909/47 3603/53/46
f 3606/908/47 3608/910/48 3607/911/48 3605/909/47
f 3608/910/48 3610/912/49 3609/913/49 3607/911/48
f 3610/912/49 3612/914/50 3611/915/50 3609/913/49
f 3612/914/50 3614/916/51 3613/917/51 3611/915/50
f 3614/916/51 3616/918/52 3615/919/52 3613/917/51
f 3616/918/52 3618/920/53 3617/921/53 3615/919/52
f 3618/920/53 3620/922/54 3619/923/54 3617/921/53
f 3620/922/54 3622/924/55 3621/925/55 3619/923/54
f 3622/924/55 3624/926/56 3623/927/56 3621/925/55
f 3624/926/56 3626/928/57 3625/929/57 3623/927/56
f 3626/928/57 3628/930/58 3627/931/58 3625/929/57
f 3628/930/58 3578/932/432 3577/26/432 3627/931/58
f 3630/882/59 3632/933/60 3631/934/60 3629/24/59
f 3632/933/60 3634/935/61 3633/936/61 3631/934/60
f 3634/935/61 3636/937/62 3635/938/62 3633/936/61
f 3636/937/62 3638/939/63 3637/940/63 3635/938/62
f 3638/939/63 3640/941/64 3639/16/64 3637/940/63
f 3640/941/64 3642/942/65 3641/943/65 3639/16/64
f 3642/942/65 3644/944/66 3643/945/66 3641/943/65
f 3644/944/66 3646/946/67 3645/947/67 3643/945/66
f 3646/946/67 3648/948/435 3647/949/435 3645/947/67
f 3648/948/435 3650/950/69 3649/8/69 3647/949/435
f 3650/950/69 3652/951/70 3651/952/70 3649/8/69
f 3652/951/70 3654/953/71 3653/954/71 3651/952/70
f 3654/953/71 3656/955/72 3655/956/72 3653/954/71
f 3656/955/72 3658/957/73 3657/958/73 3655/956/72
f 3658/957/73 3660/959/74 3659/2/74 3657/958/73
f 3660/959/74 3662/960/75 3661/961/75 3659/2/74
f 3662/960/75 3664/962/76 3663/963/76 3661/961/75
f 3664/962/76 3666/964/77 3665/965/77 3663/963/76
f 3666/964/77 3668/966/78 3667/967/78 3665/965/77
f 3668/966/78 3670/968/79 3669/9/79 3667/967/78
f 3670/968/79 3672/969/80 3671/970/80 3669/9/79
f 3672/969/80 3674/971/81 3673/972/81 3671/970/80
f 3674/971/81 3676/973/82 3675/974/82 3673/972/81
f 3676/973/82 3678/975/83 3677/976/83 3675/974/82
f 3678/975/83 3680/977/84 3679/17/84 3677/976/83
f 3680/977/84 3682/978/85 3681/979/85 3679/17/84
f 3682/978/85 3684/980/436 3683/981/436 3681/979/85
f 3684/980/436 3686/982/87 3685/983/87 3683/981/436
f 3686/982/87 3688/984/88 3687/985/88 3685/983/87
f 3688/984/88 3690/986/89 3689/25/89 3687/985/88
f 3690/986/89 3692/987/90 3691/988/90 3689/25/89
f 3692/987/90 3694/989/91 3693/990/91 3691/988/90
f 3694/989/91 3696/991/92 3695/992/92 3693/990/91
f 3696/991/92 3698/993/93 3697/994/93 3695/992/92
f 3698/993/93 3700/995/94 3699/35/94 3697/994/93
f 3700/995/94 3702/996/95 3701/997/95 3699/35/94
f 3702/996/95 3704/998/96 3703/999/96 3701/997/95
f 3704/998/96 3706/1000/437 3705/1001/437 3703/999/96
f 3706/1000/437 3708/1002/98 3707/1003/98 3705/1001/437
f 3708/1002/98 3710/1004/99 3709/41/99 3707/1003/98
f 3710/1004/99 3712/1005/100 3711/1006/100 3709/41/99
f 3712/1005/100 3714/1007/101 3713/1008/101 3711/1006/100
f 3714/1007/101 3716/1009/102 3715/1010/102 3713/1008/101
f 3716/1009/102 3718/1011/103 3717/1012/103 3715/1010/102
f 3718/1011/103 3720/1013/104 3719/51/104 3717/1012/103
f 3720/1013/104 3722/1014/105 3721/1015/105 3719/51/104
f 3722/1014/105 3724/1016/106 3723/1017/106 3721/1015/105
f 3724/1016/106 3726/1018/107 3725/1019/107 3723/1017/106
f 3726/1018/107 3728/1020/108 3727/1021/108 3725/1019/107
f 3728/1020/108 3730/1022/109 3729/58/109 3727/1021/108
f 3730/1022/109 3732/1023/110 3731/1024/110 3729/58/109
f 3732/1023/110 3734/1025/111 3733/1026/111 3731/1024/110
f 3734/1025/111 3736/1027/112 3735/1028/112 3733/1026/111
f 3736/1027/112 3738/1029/113 3737/1030/113 3735/1028/112
f 3738/1029/113 3740/907/114 3739/53/114 3737/1030/113
f 3740/907/114 3742/1031/115 3741/1032/115 3739/53/114
f 3742/1031/115 3744/1033/116 3743/1034/116 3741/1032/115
f 3744/1033/116 3746/1035/117 3745/1036/117 3743/1034/116
f 3746/1035/117 3748/1037/118 3747/1038/118 3745/1036/117
f 3748/1037/118 3750/1039/119 3749/45/119 3747/1038/118
f 3750/1039/119 3752/1040/438 3751/1041/438 3749/45/119
f 3752/1040/438 3754/1042/121 3753/1043/121 3751/1041/438
f 3754/1042/121 3756/1044/439 3755/1045/439 3753/1043/121
f 3756/1044/439 3758/1046/123 3757/1047/123 3755/1045/439
f 3758/1046/123 3760/1048/124 3759/67/124 3757/1047/123
f 3760/1048/124 3762/1049/125 3761/1050/125 3759/67/124
f 3762/1049/125 3764/1051/126 3763/1052/126 3761/1050/125
f 3764/1051/126 3766/1053/127 3765/1054/127 3763/1052/126
f 3766/1053/127 3768/1055/128 3767/1056/128 3765/1054/127
f 3768/1055/128 3770/1057/129 3769/74/129 3767/1056/128
f 3770/1057/129 3772/1058/130 3771/1059/130 3769/74/129
f 3772/1058/130 3774/1060/131 3773/1061/131 3771/1059/130
f 3774/1060/131 3776/1062/132 3775/1063/132 3773/1061/131
f 3776/1062/132 3778/1064/133 3777/1065/133 3775/1063/132
f 3778/1064/133 3780/1066/133 3779/82/133 3777/1065/133
f 3780/1066/133 3782/1067/134 3781/1068/134 3779/82/133
f 3782/1067/134 3784/1069/135 3783/1070/135 3781/1068/134
f 3784/1069/135 3786/1071/136 3785/1072/136 3783/1070/135
f 3786/1071/136 3788/1073/137 3787/1074/137 3785/1072/136
f 3788/1073/137 3790/1075/138 3789/89/138 3787/1074/137
f 3790/1075/138 3792/1076/139 3791/1077/139 3789/89/138
f 3792/1076/139 3794/1078/140 3793/1079/140 3791/1077/139
f 3794/1078/140 3796/1080/141 3795/1081/141 3793/1079/140
f 3796/1080/141 3798/1082/142 3797/1083/142 3795/1081/141
f 3798/1082/142 3800/1084/143 3799/81/143 3797/1083/142
f 3800/1084/143 3802/1085/144 3801/1086/144 3799/81/143
f 3802/1085/144 3804/1087/145 3803/1088/145 3801/1086/144
f 3804/1087/145 3806/1089/146 3805/1090/146 3803/1088/145
f 3806/1089/146 3808/1091/147 3807/1092/147 3805/1090/146
f 3808/1091/147 3810/1093/148 3809/73/148 3807/1092/147
f 3810/1093/148 3812/1094/149 3811/1095/149 3809/73/148
f 3812/1094/149 3814/1096/150 3813/1097/150 3811/1095/149
f 3814/1096/150 3816/1098/151 3815/1099/151 3813/1097/150
f 3816/1098/151 3818/1100/152 3817/1101/152 3815/1099/151
f 3818/1100/152 3820/1102/153 3819/65/153 3817/1101/152
f 3820/1102/153 3822/1103/154 3821/1104/154 3819/65/153
f 3822/1103/154 3824/1105/155 3823/1106/155 3821/1104/154
f 3824/1105/155 3826/1107/156 3825/1108/156 3823/1106/155
f 3826/1107/156 3828/1109/157 3827/1110/157 3825/1108/156
f 3828/1109/157 3830/1111/158 3829/61/158 3827/1110/157
f 3830/1111/158 3832/1112/159 3831/1113/159 3829/61/158
f 3832/1112/159 3834/1114/160 3833/1115/160 3831/1113/159
f 3834/1114/160 3836/1116/161 3835/1117/161 3833/1115/160
f 3836/1116/161 3838/1118/162 3837/1119/162 3835/1117/161
f 3838/1118/162 3840/1120/163 3839/31/163 3837/1119/162
f 3840/1120/163 3842/1121/164 3841/1122/164 3839/31/163
f 3842/1121/164 3844/1123/165 3843/1124/165 3841/1122/164
f 3844/1123/165 3846/1125/166 3845/1126/166 3843/1124/165
f 3846/1125/166 3848/1127/167 3847/1128/167 3845/1126/166
f 3848/1127/167 3630/932/59 3629/26/59 3847/1128/167
f 3850/882/168 3852/1129/169 3851/1130/169 3849/24/168
f 3852/1129/169 3854/1131/170 3853/1132/170 3851/1130/169
f 3854/1131/170 3856/1133/171 3855/1134/171 3853/1132/170
f 3856/1133/171 3858/1135/172 3857/1136/172 3855/1134/171
f 3858/1135/172 3860/1137/173 3859/1138/173 3857/1136/172
f 3860/1137/173 3862/1139/174 3861/3/174 3859/1138/173
f 3862/1139/174 3864/1140/175 3863/1141/175 3861/3/174
f 3864/1140/175 3866/1142/176 3865/1143/176 3863/1141/175
f 3866/1142/176 3868/1144/440 3867/1145/440 3865/1143/176
f 3868/1144/440 3870/1146/441 3869/1147/441 3867/1145/440
f 3870/1146/441 3872/1148/179 3871/1149/179 3869/1147/441
f 3872/1148/179 3874/1150/180 3873/21/180 3871/1149/179
f 3874/1150/180 3876/1151/442 3875/1152/442 3873/21/180
f 3876/1151/442 3878/1153/182 3877/1154/182 3875/1152/442
f 3878/1153/182 3880/1155/443 3879/1156/443 3877/1154/182
f 3880/1155/443 3882/1157/184 3881/227/184 3879/1156/443
f 3882/1157/184 3884/1158/185 3883/1159/185 3881/227/184
f 3884/1158/185 3886/1160/186 3885/44/186 3883/1159/185
f 3886/1160/186 3888/1161/187 3887/1162/187 3885/44/186
f 3888/1161/187 3890/1163/188 3889/1164/188 3887/1162/187
f 3890/1163/188 3892/1165/189 3891/1166/189 3889/1164/188
f 3892/1165/189 3894/1167/190 3893/1168/190 3891/1166/189
f 3894/1167/190 3896/1169/191 3895/1170/191 3893/1168/190
f 3896/1169/191 3898/907/192 3897/53/192 3895/1170/191
f 3898/907/192 3900/1171/193 3899/1172/193 3897/53/192
f 3900/1171/193 3902/1173/194 3901/1174/194 3899/1172/193
f 3902/1173/194 3904/1175/195 3903/1176/195 3901/1174/194
f 3904/1175/195 3906/1177/196 3905/1178/196 3903/1176/195
f 3906/1177/196 3908/1179/197 3907/1180/197 3905/1178/196
f 3908/1179/197 3910/1181/198 3909/72/198 3907/1180/197
f 3910/1181/198 3912/1182/199 3911/1183/199 3909/72/198
f 3912/1182/199 3914/1184/200 3913/96/200 3911/1183/199
f 3914/1184/200 3916/1185/201 3915/1186/201 3913/96/200
f 3916/1185/201 3918/1187/202 3917/1188/202 3915/1186/201
f 3918/1187/202 3920/1189/203 3919/1190/203 3917/1188/202
f 3920/1189/203 3922/1191/204 3921/85/204 3919/1190/203
f 3922/1191/204 3924/1192/205 3923/1193/205 3921/85/204
f 3924/1192/205 3926/1194/444 3925/1195/444 3923/1193/205
f 3926/1194/444 3928/1196/207 3927/1197/207 3925/1195/444
f 3928/1196/207 3930/1198/208 3929/1199/208 3927/1197/207
f 3930/1198/208 3932/1200/209 3931/1201/209 3929/1199/208
f 3932/1200/209 3934/1202/210 3933/64/210 3931/1201/209
f 3934/1202/210 3936/1203/211 3935/1204/211 3933/64/210
f 3936/1203/211 3938/1205/212 3937/1206/212 3935/1204/211
f 3938/1205/212 3940/1207/213 3939/1208/213 3937/1206/212
f 3940/1207/213 3942/1209/214 3941/1210/214 3939/1208/213
f 3942/1209/214 3944/1211/215 3943/1212/215 3941/1210/214
f 3944/1211/215 3850/932/168 3849/26/168 3943/1212/215
f 3946/882/216 3948/1213/217 3947/1214/217 3945/24/216
f 3948/1213/217 3950/1215/218 3949/1216/218 3947/1214/217
f 3950/1215/218 3952/1217/219 3951/263/219 3949/1216/218
f 3952/1217/219 3954/1218/220 3953/1219/220 3951/263/219
f 3954/1218/220 3956/1220/221 3955/1221/221 3953/1219/220
f 3956/1220/221 3958/1222/222 3957/264/222 3955/1221/221
f 3958/1222/222 3960/1223/223 3959/1224/223 3957/264/222
f 3960/1223/223 3962/1225/224 3961/1226/224 3959/1224/223
f 3962/1225/224 3964/1227/225 3963/265/225 3961/1226/224
f 3964/1227/225 3966/1228/226 3965/1229/226 3963/265/225
f 3966/1228/226 3968/1230/227 3967/1231/227 3965/1229/226
f 3968/1230/227 3970/1232/228 3969/266/228 3967/1231/227
f 3970/1232/228 3972/1233/229 3971/1234/229 3969/266/228
f 3972/1233/229 3974/1235/230 3973/1236/230 3971/1234/229
f 3974/1235/230 3976/1237/231 3975/267/231 3973/1236/230
f 3976/1237/231 3978/1238/232 3977/1239/232 3975/267/231
f 3978/1238/232 3980/1240/233 3979/1241/233 3977/1239/232
f 3980/1240/233 3982/1242/234 3981/268/234 3979/1241/233
f 3982/1242/234 3984/1243/235 3983/1244/235 3981/268/234
f 3984/1243/235 3986/1245/236 3985/1246/236 3983/1244/235
f 3986/1245/236 3988/1247/237 3987/269/237 3985/1246/236
f 3988/1247/237 3990/1248/445 3989/1249/445 3987/269/237
f 3990/1248/445 3992/1250/239 3991/1251/239 3989/1249/445
f 3992/1250/239 3994/1252/240 3993/270/240 3991/1251/239
f 3994/1252/240 3996/1253/241 3995/1254/241 3993/270/240
f 3996/1253/241 3998/1255/446 3997/1256/446 3995/1254/241
f 3998/1255/446 4000/1257/243 3999/271/243 3997/1256/446
f 4000/1257/243 4002/1258/243 4001/1259/243 3999/271/243
f 4002/1258/243 4004/1260/242 4003/1261/242 4001/1259/243
f 4004/1260/242 4006/1262/244 4005/272/244 4003/1261/242
f 4006/1262/244 4008/1263/245 4007/1264/245 4005/272/244
f 4008/1263/245 4010/1265/246 4009/1266/246 4007/1264/245
f 4010/1265/246 4012/1267/247 4011/262/247 4009/1266/246
f 4012/1267/247 4014/1268/248 4013/1269/248 4011/262/247
f 4014/1268/248 4016/1270/249 4015/1271/249 4013/1269/248
f 4016/1270/249 4018/1272/250 4017/261/250 4015/1271/249
f 4018/1272/250 4020/1273/251 4019/1274/251 4017/261/250
f 4020/1273/251 4022/1275/252 4021/1276/252 4019/1274/251
f 4022/1275/252 4024/1277/253 4023/259/253 4021/1276/252
f 4024/1277/253 4026/1278/254 4025/1279/254 4023/259/253
f 4026/1278/254 4028/1280/255 4027/1281/255 4025/1279/254
f 4028/1280/255 4030/1282/256 4029/257/256 4027/1281/255
f 4030/1282/256 4032/1283/257 4031/1284/257 4029/257/256
f 4032/1283/257 4034/1285/258 4033/1286/258 4031/1284/257
f 4034/1285/258 4036/1287/259 4035/255/259 4033/1286/258
f 4036/1287/259 4038/1288/260 4037/1289/260 4035/255/259
f 4038/1288/260 4040/1290/256 4039/1291/256 4037/1289/260
f 4040/1290/256 4042/1292/261 4041/253/261 4039/1291/256
f 4042/1292/261 4044/1293/262 4043/1294/262 4041/253/261
f 4044/1293/262 4046/1295/263 4045/1296/263 4043/1294/262
f 4046/1295/263 4048/1297/264 4047/251/264 4045/1296/263
f 4048/1297/264 4050/1298/265 4049/1299/265 4047/251/264
f 4050/1298/265 4052/1300/266 4051/1301/266 4049/1299/265
f 4052/1300/266 4054/1302/267 4053/249/267 4051/1301/266
f 4054/1302/267 4056/1303/268 4055/1304/268 4053/249/267
f 4056/1303/268 4058/1305/269 4057/1306/269 4055/1304/268
f 4058/1305/269 4060/1307/270 4059/247/270 4057/1306/269
f 4060/1307/270 4062/1308/271 4061/1309/271 4059/247/270
f 4062/1308/271 4064/1310/272 4063/1311/272 4061/1309/271
f 4064/1310/272 4066/1312/273 4065/245/273 4063/1311/272
f 4066/1312/273 4068/1313/274 4067/1314/274 4065/245/273
f 4068/1313/274 4070/1315/275 4069/1316/275 4067/1314/274
f 4070/1315/275 4072/1317/276 4071/243/276 4069/1316/275
f 4072/1317/276 4074/1318/277 4073/1319/277 4071/243/276
f 4074/1318/277 4076/1320/278 4075/1321/278 4073/1319/277
f 4076/1320/278 4078/1322/279 4077/239/279 4075/1321/278
f 4078/1322/279 4080/1323/280 4079/1324/280 4077/239/279
f 4080/1323/280 4082/1325/281 4081/1326/281 4079/1324/280
f 4082/1325/281 4084/1327/282 4083/241/282 4081/1326/281
f 4084/1327/282 4086/1328/283 4085/1329/283 4083/241/282
f 4086/1328/283 4088/1330/284 4087/1331/284 4085/1329/283
f 4088/1330/284 4090/1332/285 4089/240/285 4087/1331/284
f 4090/1332/285 4092/1157/286 4091/227/286 4089/240/285
f 4092/1157/286 4094/1333/287 4093/1334/287 4091/227/286
f 4094/1333/287 4096/1335/288 4095/307/288 4093/1334/287
f 4096/1335/288 4098/1336/289 4097/1337/289 4095/307/288
f 4098/1336/289 4100/1338/290 4099/1339/290 4097/1337/289
f 4100/1338/290 4102/1340/291 4101/306/291 4099/1339/290
f 4102/1340/291 4104/1341/292 4103/1342/292 4101/306/291
f 4104/1341/292 4106/1343/293 4105/1344/293 4103/1342/292
f 4106/1343/293 4108/1345/294 4107/305/294 4105/1344/293
f 4108/1345/294 4110/1346/295 4109/1347/295 4107/305/294
f 4110/1346/295 4112/1348/296 4111/1349/296 4109/1347/295
f 4112/1348/296 4114/1350/297 4113/304/297 4111/1349/296
f 4114/1350/297 4116/1351/298 4115/1352/298 4113/304/297
f 4116/1351/298 4118/1353/299 4117/1354/299 4115/1352/298
f 4118/1353/299 4120/1355/300 4119/298/300 4117/1354/299
f 4120/1355/300 4122/1356/301 4121/1357/301 4119/298/300
f 4122/1356/301 4124/1358/302 4123/1359/302 4121/1357/301
f 4124/1358/302 4126/1360/303 4125/297/303 4123/1359/302
f 4126/1360/303 4128/1361/304 4127/1362/304 4125/297/303
f 4128/1361/304 4130/1363/305 4129/1364/305 4127/1362/304
f 4130/1363/305 4132/1365/306 4131/296/306 4129/1364/305
f 4132/1365/306 4134/1366/307 4133/1367/307 4131/296/306
f 4134/1366/307 4136/1368/308 4135/1369/308 4133/1367/307
f 4136/1368/308 4138/1370/309 4137/295/309 4135/1369/308
f 4138/1370/309 4140/1371/310 4139/1372/310 4137/295/309
f 4140/1371/310 4142/1373/311 4141/1374/311 4139/1372/310
f 4142/1373/311 4144/1375/312 4143/294/312 4141/1374/311
f 4144/1375/312 4146/1376/313 4145/1377/313 4143/294/312
f 4146/1376/313 4148/1378/314 4147/1379/314 4145/1377/313
f 4148/1378/314 4150/1380/315 4149/293/315 4147/1379/314
f 4150/1380/315 4152/1381/316 4151/1382/316 4149/293/315
f 4152/1381/316 4154/1383/317 4153/1384/317 4151/1382/316
f 4154/1383/317 4156/1385/318 4155/292/318 4153/1384/317
f 4156/1385/318 4158/1386/319 4157/1387/319 4155/292/318
f 4158/1386/319 4160/1388/320 4159/1389/320 4157/1387/319
f 4160/1388/320 4162/1390/321 4161/291/321 4159/1389/320
f 4162/1390/321 4164/1391/322 4163/1392/322 4161/291/321
f 4164/1391/322 4166/1393/323 4165/1394/323 4163/1392/322
f 4166/1393/323 4168/1395/324 4167/290/324 4165/1394/323
f 4168/1395/324 4170/1396/325 4169/1397/325 4167/290/324
f 4170/1396/325 4172/1398/326 4171/1399/326 4169/1397/325
f 4172/1398/326 4174/1400/327 4173/303/327 4171/1399/326
f 4174/1400/327 4176/1401/328 4175/1402/328 4173/303/327
f 4176/1401/328 4178/1403/329 4177/1404/329 4175/1402/328
f 4178/1403/329 4180/1405/330 4179/302/330 4177/1404/329
f 4180/1405/330 4182/1406/331 4181/1407/331 4179/302/330
f 4182/1406/331 4184/1408/332 4183/1409/332 4181/1407/331
f 4184/1408/332 4186/1410/333 4185/289/333 4183/1409/332
f 4186/1410/333 4188/1411/334 4187/1412/334 4185/289/333
f 4188/1411/334 4190/1413/335 4189/1414/335 4187/1412/334
f 4190/1413/335 4192/1415/336 4191/301/336 4189/1414/335
f 4192/1415/336 4194/1416/337 4193/1417/337 4191/301/336
f 4194/1416/337 4196/1418/338 4195/1419/338 4193/1417/337
f 4196/1418/338 4198/1420/339 4197/300/339 4195/1419/338
f 4198/1420/339 4200/1421/340 4199/1422/340 4197/300/339
f 4200/1421/340 4202/1423/341 4201/1424/341 4199/1422/340
f 4202/1423/341 4204/1425/342 4203/288/342 4201/1424/341
f 4204/1425/342 4206/1426/343 4205/1427/343 4203/288/342
f 4206/1426/343 4208/1428/344 4207/1429/344 4205/1427/343
f 4208/1428/344 4210/1430/345 4209/299/345 4207/1429/344
f 4210/1430/345 4212/1431/346 4211/1432/346 4209/299/345
f 4212/1431/346 4214/1433/347 4213/1434/347 4211/1432/346
f 4214/1433/347 4216/1435/348 4215/287/348 4213/1434/347
f 4216/1435/348 4218/1436/349 4217/1437/349 4215/287/348
f 4218/1436/349 4220/1438/350 4219/1439/350 4217/1437/349
f 4220/1438/350 4222/1440/351 4221/286/351 4219/1439/350
f 4222/1440/351 4224/1441/352 4223/1442/352 4221/286/351
f 4224/1441/352 4226/1443/353 4225/1444/353 4223/1442/352
f 4226/1443/353 4228/1445/354 4227/285/354 4225/1444/353
f 4228/1445/354 4230/1446/355 4229/1447/355 4227/285/354
f 4230/1446/355 4232/1448/356 4231/1449/356 4229/1447/355
f 4232/1448/356 4234/1450/357 4233/284/357 4231/1449/356
f 4234/1450/357 4236/1451/358 4235/1452/358 4233/284/357
f 4236/1451/358 4238/1184/359 4237/96/359 4235/1452/358
f 4238/1184/359 4240/1453/360 4239/283/360 4237/96/359
f 4240/1453/360 4242/1454/361 4241/1455/361 4239/283/360
f 4242/1454/361 4244/1456/362 4243/1457/362 4241/1455/361
f 4244/1456/362 4246/1458/363 4245/282/363 4243/1457/362
f 4246/1458/363 4248/1459/364 4247/1460/364 4245/282/363
f 4248/1459/364 4250/1461/365 4249/1462/365 4247/1460/364
f 4250/1461/365 4252/1463/366 4251/281/366 4249/1462/365
f 4252/1463/366 4254/1464/367 4253/1465/367 4251/281/366
f 4254/1464/367 4256/1466/368 4255/1467/368 4253/1465/367
f 4256/1466/368 4258/1468/369 4257/280/369 4255/1467/368
f 4258/1468/369 4260/1469/370 4259/1470/370 4257/280/369
f 4260/1469/370 4262/1471/371 4261/1472/371 4259/1470/370
f 4262/1471/371 4264/1473/372 4263/279/372 4261/1472/371
f 4264/1473/372 4266/1474/373 4265/1475/373 4263/279/372
f 4266/1474/373 4268/1476/374 4267/1477/374 4265/1475/373
f 4268/1476/374 4270/1478/375 4269/278/375 4267/1477/374
f 4270/1478/375 4272/1479/376 4271/1480/376 4269/278/375
f 4272/1479/376 4274/1481/377 4273/1482/377 4271/1480/376
f 4274/1481/377 4276/1483/378 4275/277/378 4273/1482/377
f 4276/1483/378 4278/1484/379 4277/1485/379 4275/277/378
f 4278/1484/379 4280/1486/380 4279/1487/380 4277/1485/379
f 4280/1486/380 4282/1488/381 4281/276/381 4279/1487/380
f 4282/1488/381 4284/1489/382 4283/1490/382 4281/276/381
f 4284/1489/382 4286/1491/383 4285/1492/383 4283/1490/382
f 4286/1491/383 4288/1493/384 4287/275/384 4285/1492/383
f 4288/1493/384 4290/1494/385 4289/1495/385 4287/275/384
f 4290/1494/385 4292/1496/386 4291/1497/386 4289/1495/385
f 4292/1496/386 4294/1498/387 4293/274/387 4291/1497/386
f 4294/1498/387 4296/1499/388 4295/1500/388 4293/274/387
f 4296/1499/388 4298/1501/389 4297/1502/389 4295/1500/388
f 4298/1501/389 4300/1503/390 4299/273/390 4297/1502/389
f 4300/1503/390 4302/1504/391 4301/1505/391 4299/273/390
f 4302/1504/391 4304/1506/392 4303/1507/392 4301/1505/391
f 4304/1506/392 4306/1508/393 4305/236/393 4303/1507/392
f 4306/1508/393 4308/1509/394 4307/1510/394 4305/236/393
f 4308/1509/394 4310/1511/395 4309/1512/395 4307/1510/394
f 4310/1511/395 4312/1513/396 4311/238/396 4309/1512/395
f 4312/1513/396 4314/1514/397 4313/1515/397 4311/238/396
f 4314/1514/397 4316/1516/398 4315/1517/398 4313/1515/397
f 4316/1516/398 4318/1518/399 4317/237/399 4315/1517/398
f 4318/1518/399 4320/1519/400 4319/1520/400 4317/237/399
f 4320/1519/400 4322/1521/401 4321/1522/401 4319/1520/400
f 4322/1521/401 4324/1523/402 4323/242/402 4321/1522/401
f 4324/1523/402 4326/1524/403 4325/1525/403 4323/242/402
f 4326/1524/403 4328/1526/404 4327/1527/404 4325/1525/403
f 4328/1526/404 4330/1528/405 4329/244/405 4327/1527/404
f 4330/1528/405 4332/1529/406 4331/1530/406 4329/244/405
f 4332/1529/406 4334/1531/407 4333/1532/407 4331/1530/406
f 4334/1531/407 4336/1533/408 4335/246/408 4333/1532/407
f 4336/1533/408 4338/1534/409 4337/1535/409 4335/246/408
f 4338/1534/409 4340/1536/410 4339/1537/410 4337/1535/409
f 4340/1536/410 4342/1538/411 4341/248/411 4339/1537/410
f 4342/1538/411 4344/1539/412 4343/1540/412 4341/248/411
f 4344/1539/412 4346/1541/413 4345/1542/413 4343/1540/412
f 4346/1541/413 4348/1543/414 4347/250/414 4345/1542/413
f 4348/1543/414 4350/1544/415 4349/1545/415 4347/250/414
f 4350/1544/415 4352/1546/416 4351/1547/416 4349/1545/415
f 4352/1546/416 4354/1548/417 4353/252/417 4351/1547/416
f 4354/1548/417 4356/1549/418 4355/1550/418 4353/252/417
f 4356/1549/418 4358/1551/419 4357/1552/419 4355/1550/418
f 4358/1551/419 4360/1553/420 4359/254/420 4357/1552/419
f 4360/1553/420 4362/1554/421 4361/1555/421 4359/254/420
f 4362/1554/421 4364/1556/447 4363/1557/447 4361/1555/421
f 4364/1556/447 4366/1558/423 4365/256/423 4363/1557/447
f 4366/1558/423 4368/1559/424 4367/1560/424 4365/256/423
f 4368/1559/424 4370/1561/425 4369/1562/425 4367/1560/424
f 4370/1561/425 4372/1563/426 4371/258/426 4369/1562/425
f 4372/1563/426 4374/1564/427 4373/1565/427 4371/258/426
f 4374/1564/427 4376/1566/428 4375/1567/428 4373/1565/427
f 4376/1566/428 4378/1568/429 4377/260/429 4375/1567/428
f 4378/1568/429 4380/1569/430 4379/1570/430 4377/260/429
f 4380/1569/430 4382/1571/431 4381/1572/431 4379/1570/430
f 4382/1571/431 3946/932/216 3945/26/216 4381/1572/431
f 4384/882/448 4386/883/449 4385/884/449 4383/24/448
f 4386/883/449 4388/885/450 4387/886/450 4385/884/449
f 4388/885/450 4390/887/451 4389/888/451 4387/886/450
f 4390/887/451 4392/889/452 4391/890/452 4389/888/451
f 4392/889/452 4394/891/453 4393/892/453 4391/890/452
f 4394/891/453 4396/893/454 4395/894/454 4393/892/453
f 4396/893/454 4398/895/455 4397/896/455 4395/894/454
f 4398/895/455 4400/897/456 4399/898/456 4397/896/455
f 4400/897/456 4402/899/457 4401/900/457 4399/898/456
f 4402/899/457 4404/901/458 4403/902/458 4401/900/457
f 4404/901/458 4406/903/459 4405/904/459 4403/902/458
f 4406/903/459 4408/905/460 4407/906/460 4405/904/459
f 4408/905/460 4410/907/461 4409/53/461 4407/906/460
f 4410/907/461 4412/908/462 4411/909/462 4409/53/461
f 4412/908/462 4414/910/463 4413/911/463 4411/909/462
f 4414/910/463 4416/912/464 4415/913/464 4413/911/463
f 4416/912/464 4418/914/465 4417/915/465 4415/913/464
f 4418/914/465 4420/916/466 4419/917/466 4417/915/465
f 4420/916/466 4422/918/467 4421/919/467 4419/917/466
f 4422/918/467 4424/920/468 4423/921/468 4421/919/467
f 4424/920/468 4426/922/469 4425/923/469 4423/921/468
f 4426/922/469 4428/924/261 4427/925/261 4425/923/469
f 4428/924/261 4430/926/470 4429/927/470 4427/925/261
f 4430/926/470 4432/928/471 4431/929/471 4429/927/470
f 4432/928/471 4434/930/472 4433/931/472 4431/929/471
f 4434/930/472 4384/932/448 4383/26/448 4433/931/472
f 4436/882/473 4438/883/474 4437/884/474 4435/24/473
f 4438/883/474 4440/885/475 4439/886/475 4437/884/474
f 4440/885/475 4442/887/476 4441/888/476 4439/886/475
f 4442/887/476 4444/889/477 4443/890/477 4441/888/476
f 4444/889/477 4446/891/478 4445/892/478 4443/890/477
f 4446/891/478 4448/893/479 4447/894/479 4445/892/478
f 4448/893/479 4450/895/480 4449/896/480 4447/894/479
f 4450/895/480 4452/897/481 4451/898/481 4449/896/480
f 4452/897/481 4454/899/482 4453/900/482 4451/898/481
f 4454/899/482 4456/901/483 4455/902/483 4453/900/482
f 4456/901/483 4458/903/484 4457/904/484 4455/902/483
f 4458/903/484 4460/905/485 4459/906/485 4457/904/484
f 4460/905/485 4462/907/486 4461/53/486 4459/906/485
f 4462/907/486 4464/908/487 4463/909/487 4461/53/486
f 4464/908/487 4466/910/488 4465/911/488 4463/909/487
f 4466/910/488 4468/912/489 4467/913/489 4465/911/488
f 4468/912/489 4470/914/490 4469/915/490 4467/913/489
f 4470/914/490 4472/916/22 4471/917/22 4469/915/490
f 4472/916/22 4474/918/23 4473/919/23 4471/917/22
f 4474/918/23 4476/920/491 4475/921/491 4473/919/23
f 4476/920/491 4478/922/492 4477/923/492 4475/921/491
f 4478/922/492 4480/924/493 4479/925/493 4477/923/492
f 4480/924/493 4482/926/494 4481/927/494 4479/925/493
f 4482/926/494 4484/928/470 4483/929/470 4481/927/494
f 4484/928/470 4486/930/495 4485/931/495 4483/929/470
f 4486/930/495 4436/932/473 4435/26/473 4485/931/495
f 4488/882/496 4490/1573/497 4489/1574/497 4487/24/496
f 4490/1573/497 4492/1575/498 4491/1576/498 4489/1574/497
f 4492/1575/498 4494/1577/499 4493/1578/499 4491/1576/498
f 4494/1577/499 4496/1579/500 4495/1580/500 4493/1578/499
f 4496/1579/500 4498/1581/501 4497/1582/501 4495/1580/500
f 4498/1581/501 4500/1583/502 4499/1584/502 4497/1582/501
f 4500/1583/502 4502/1585/503 4501/1586/503 4499/1584/502
f 4502/1585/503 4504/1587/504 4503/1588/504 4501/1586/503
f 4504/1587/504 4506/1589/505 4505/1590/505 4503/1588/504
f 4506/1589/505 4508/1591/506 4507/1592/506 4505/1590/505
f 4508/1591/506 4510/1593/507 4509/1594/507 4507/1592/506
f 4510/1593/507 4512/1595/508 4511/1596/508 4509/1594/507
f 4512/1595/508 4514/1597/509 4513/1598/509 4511/1596/508
f 4514/1597/509 4516/1599/510 4515/1600/510 4513/1598/509
f 4516/1599/510 4518/1601/511 4517/1602/511 4515/1600/510
f 4518/1601/511 4520/1603/512 4519/1604/512 4517/1602/511
f 4520/1603/512 4522/1605/513 4521/1606/513 4519/1604/512
f 4522/1605/513 4524/1607/514 4523/1608/514 4521/1606/513
f 4524/1607/514 4526/1609/515 4525/1610/515 4523/1608/514
f 4526/1609/515 4528/1611/516 4527/1612/516 4525/1610/515
f 4528/1611/516 4530/1613/517 4529/1614/517 4527/1612/516
f 4530/1613/517 4532/1615/518 4531/1616/518 4529/1614/517
f 4532/1615/518 4534/1617/519 4533/1618/519 4531/1616/518
f 4534/1617/519 4536/1619/520 4535/1620/520 4533/1618/519
f 4536/1619/520 4538/1621/521 4537/1622/521 4535/1620/520
f 4538/1621/521 4540/1623/522 4539/1624/522 4537/1622/521
f 4540/1623/522 4542/1625/523 4541/1626/523 4539/1624/522
f 4542/1625/523 4544/1627/524 4543/1628/524 4541/1626/523
f 4544/1627/524 4546/1629/525 4545/1630/525 4543/1628/524
f 4546/1629/525 4548/1631/526 4547/1632/526 4545/1630/525
f 4548/1631/526 4550/907/527 4549/53/527 4547/1632/526
f 4550/907/527 4552/1633/528 4551/1634/528 4549/53/527
f 4552/1633/528 4554/1635/529 4553/1636/529 4551/1634/528
f 4554/1635/529 4556/1637/530 4555/1638/530 4553/1636/529
f 4556/1637/530 4558/1639/531 4557/1640/531 4555/1638/530
f 4558/1639/531 4560/1641/532 4559/1642/532 4557/1640/531
f 4560/1641/532 4562/1643/533 4561/1644/533 4559/1642/532
f 4562/1643/533 4564/1645/534 4563/1646/534 4561/1644/533
f 4564/1645/534 4566/1647/535 4565/1648/535 4563/1646/534
f 4566/1647/535 4568/1649/536 4567/1650/536 4565/1648/535
f 4568/1649/536 4570/1651/537 4569/1652/537 4567/1650/536
f 4570/1651/537 4572/1653/538 4571/1654/538 4569/1652/537
f 4572/1653/538 4574/1655/539 4573/1656/539 4571/1654/538
f 4574/1655/539 4576/1657/540 4575/1658/540 4573/1656/539
f 4576/1657/540 4578/1659/541 4577/1660/541 4575/1658/540
f 4578/1659/541 4580/1661/542 4579/1662/542 4577/1660/541
f 4580/1661/542 4582/1663/543 4581/1664/543 4579/1662/542
f 4582/1663/543 4584/1665/544 4583/1666/544 4581/1664/543
f 4584/1665/544 4586/1667/545 4585/1668/545 4583/1666/544
f 4586/1667/545 4588/1669/546 4587/1670/546 4585/1668/545
f 4588/1669/546 4590/1671/547 4589/1672/547 4587/1670/546
f 4590/1671/547 4592/1673/548 4591/1674/548 4589/1672/547
f 4592/1673/548 4594/1675/549 4593/1676/549 4591/1674/548
f 4594/1675/549 4596/1677/550 4595/1678/550 4593/1676/549
f 4596/1677/550 4598/1679/551 4597/1680/551 4595/1678/550
f 4598/1679/551 4600/1681/552 4599/1682/552 4597/1680/551
f 4600/1681/552 4602/1683/553 4601/1684/553 4599/1682/552
f 4602/1683/553 4604/1685/343 4603/1686/343 4601/1684/553
f 4604/1685/343 4606/1687/554 4605/1688/554 4603/1686/343
f 4606/1687/554 4608/1689/555 4607/1690/555 4605/1688/554
f 4608/1689/555 4610/1691/556 4609/1692/556 4607/1690/555
f 4610/1691/556 4488/932/496 4487/26/496 4609/1692/556
f 4612/882/557 4614/1693/558 4613/1694/558 4611/24/557
f 4614/1693/558 4616/1695/559 4615/1696/559 4613/1694/558
f 4616/1695/559 4618/1697/560 4617/1698/560 4615/1696/559
f 4618/1697/560 4620/1699/561 4619/1700/561 4617/1698/560
f 4620/1699/561 4622/951/562 4621/952/562 4619/1700/561
f 4622/951/562 4624/1701/563 4623/1702/563 4621/952/562
f 4624/1701/563 4626/1703/564 4625/1704/564 4623/1702/563
f 4626/1703/564 4628/1705/565 4627/1706/565 4625/1704/564
f 4628/1705/565 4630/1707/566 4629/1708/566 4627/1706/565
f 4630/1707/566 4632/971/567 4631/972/567 4629/1708/566
f 4632/971/567 4634/1709/568 4633/1710/568 4631/972/567
f 4634/1709/568 4636/1711/569 4635/1712/569 4633/1710/568
f 4636/1711/569 4638/1713/570 4637/1714/570 4635/1712/569
f 4638/1713/570 4640/1715/571 4639/1716/571 4637/1714/570
f 4640/1715/571 4642/991/572 4641/992/572 4639/1716/571
f 4642/991/572 4644/1717/573 4643/1718/573 4641/992/572
f 4644/1717/573 4646/1719/574 4645/1720/574 4643/1718/573
f 4646/1719/574 4648/1721/575 4647/1722/575 4645/1720/574
f 4648/1721/575 4650/1723/576 4649/1724/576 4647/1722/575
f 4650/1723/576 4652/1011/577 4651/1012/577 4649/1724/576
f 4652/1011/577 4654/1725/578 4653/1726/578 4651/1012/577
f 4654/1725/578 4656/1727/579 4655/1728/579 4653/1726/578
f 4656/1727/579 4658/1729/580 4657/1730/580 4655/1728/579
f 4658/1729/580 4660/1731/581 4659/1732/581 4657/1730/580
f 4660/1731/581 4662/907/582 4661/53/582 4659/1732/581
f 4662/907/582 4664/1733/583 4663/1734/583 4661/53/582
f 4664/1733/583 4666/1735/584 4665/1736/584 4663/1734/583
f 4666/1735/584 4668/1737/585 4667/1738/585 4665/1736/584
f 4668/1737/585 4670/1739/586 4669/1740/586 4667/1738/585
f 4670/1739/586 4672/1049/587 4671/1050/587 4669/1740/586
f 4672/1049/587 4674/1741/588 4673/1742/588 4671/1050/587
f 4674/1741/588 4676/1743/589 4675/1744/589 4673/1742/588
f 4676/1743/589 4678/1745/590 4677/1746/590 4675/1744/589
f 4678/1745/590 4680/1747/307 4679/1748/307 4677/1746/590
f 4680/1747/307 4682/1069/591 4681/1070/591 4679/1748/307
f 4682/1069/591 4684/1749/592 4683/1750/592 4681/1070/591
f 4684/1749/592 4686/1751/593 4685/1752/593 4683/1750/592
f 4686/1751/593 4688/1753/594 4687/1754/594 4685/1752/593
f 4688/1753/594 4690/1755/595 4689/1756/595 4687/1754/594
f 4690/1755/595 4692/1089/596 4691/1090/596 4689/1756/595
f 4692/1089/596 4694/1757/597 4693/1758/597 4691/1090/596
f 4694/1757/597 4696/1759/598 4695/1760/598 4693/1758/597
f 4696/1759/598 4698/1761/599 4697/1762/599 4695/1760/598
f 4698/1761/599 4700/1763/600 4699/1764/600 4697/1762/599
f 4700/1763/600 4702/1109/601 4701/1110/601 4699/1764/600
f 4702/1109/601 4704/1765/602 4703/1766/602 4701/1110/601
f 4704/1765/602 4706/1767/603 4705/1768/603 4703/1766/602
f 4706/1767/603 4708/1769/604 4707/1770/604 4705/1768/603
f 4708/1769/604 4710/1771/605 4709/1772/605 4707/1770/604
f 4710/1771/605 4612/932/557 4611/26/557 4709/1772/605
f 4712/882/606 4714/1773/606 4713/1774/606 4711/24/606
f 4714/1773/606 4716/1775/606 4715/1776/606 4713/1774/606
f 4716/1775/606 4718/1777/606 4717/1778/606 4715/1776/606
f 4718/1777/606 4720/1779/606 4719/1780/606 4717/1778/606
f 4720/1779/606 4722/1781/606 4721/1782/606 4719/1780/606
f 4722/1781/606 4724/1783/606 4723/1784/606 4721/1782/606
f 4724/1783/606 4726/1785/606 4725/1786/606 4723/1784/606
f 4726/1785/606 4728/1787/606 4727/1788/606 4725/1786/606
f 4728/1787/606 4730/1789/606 4729/1790/606 4727/1788/606
f 4730/1789/606 4732/1791/606 4731/1792/606 4729/1790/606
f 4732/1791/606 4734/1793/607 4733/1794/607 4731/1792/606
f 4734/1793/607 4736/1795/608 4735/1796/608 4733/1794/607
f 4736/1795/608 4738/1797/272 4737/1798/272 4735/1796/608
f 4738/1797/272 4740/1799/609 4739/1800/609 4737/1798/272
f 4740/1799/609 4742/1801/610 4741/1802/610 4739/1800/609
f 4742/1801/610 4744/1803/611 4743/1804/611 4741/1802/610
f 4744/1803/611 4746/1805/612 4745/1806/612 4743/1804/611
f 4746/1805/612 4748/1807/613 4747/1808/613 4745/1806/612
f 4748/1807/613 4750/1809/614 4749/1810/614 4747/1808/613
f 4750/1809/614 4752/1811/615 4751/1812/615 4749/1810/614
f 4752/1811/615 4754/1813/616 4753/1814/616 4751/1812/615
f 4754/1813/616 4756/1815/617 4755/1816/617 4753/1814/616
f 4756/1815/617 4758/1817/618 4757/1818/618 4755/1816/617
f 4758/1817/618 4760/1819/619 4759/1820/619 4757/1818/618
f 4760/1819/619 4762/1821/620 4761/1822/620 4759/1820/619
f 4762/1821/620 4764/1823/621 4763/1824/621 4761/1822/620
f 4764/1823/621 4766/1825/622 4765/1826/622 4763/1824/621
f 4766/1825/622 4768/1827/623 4767/1828/623 4765/1826/622
f 4768/1827/623 4770/1829/624 4769/1830/624 4767/1828/623
f 4770/1829/624 4772/1831/625 4771/1832/625 4769/1830/624
f 4772/1831/625 4774/1833/626 4773/1834/626 4771/1832/625
f 4774/1833/626 4776/1835/627 4775/1836/627 4773/1834/626
f 4776/1835/627 4778/1837/628 4777/1838/628 4775/1836/627
f 4778/1837/628 4780/1839/629 4779/1840/629 4777/1838/628
f 4780/1839/629 4782/1841/630 4781/1842/630 4779/1840/629
f 4782/1841/630 4784/1843/631 4783/1844/631 4781/1842/630
f 4784/1843/631 4786/907/632 4785/53/632 4783/1844/631
f 4786/907/632 4788/1845/632 4787/1846/632 4785/53/632
f 4788/1845/632 4790/1847/632 4789/1848/632 4787/1846/632
f 4790/1847/632 4792/1849/632 4791/1850/632 4789/1848/632
f 4792/1849/632 4794/1851/632 4793/1852/632 4791/1850/632
f 4794/1851/632 4796/1853/632 4795/1854/632 4793/1852/632
f 4796/1853/632 4798/1855/632 4797/1856/632 4795/1854/632
f 4798/1855/632 4800/1857/632 4799/1858/632 4797/1856/632
f 4800/1857/632 4802/1859/632 4801/1860/632 4799/1858/632
f 4802/1859/632 4804/1861/632 4803/1862/632 4801/1860/632
f 4804/1861/632 4806/1863/632 4805/1864/632 4803/1862/632
f 4806/1863/632 4808/1865/633 4807/1866/633 4805/1864/632
f 4808/1865/633 4810/1867/634 4809/1868/634 4807/1866/633
f 4810/1867/634 4812/1869/635 4811/1870/635 4809/1868/634
f 4812/1869/635 4814/1871/636 4813/1872/636 4811/1870/635
f 4814/1871/636 4816/1873/637 4815/1874/637 4813/1872/636
f 4816/1873/637 4818/1875/638 4817/1876/638 4815/1874/637
f 4818/1875/638 4820/1877/639 4819/1878/639 4817/1876/638
f 4820/1877/639 4822/1879/640 4821/1880/640 4819/1878/639
f 4822/1879/640 4824/1881/641 4823/1882/641 4821/1880/640
f 4824/1881/641 4826/1883/408 4825/1884/408 4823/1882/641
f 4826/1883/408 4828/1885/642 4827/1886/642 4825/1884/408
f 4828/1885/642 4830/1887/411 4829/1888/411 4827/1886/642
f 4830/1887/411 4832/1889/643 4831/1890/643 4829/1888/411
f 4832/1889/643 4834/1891/644 4833/1892/644 4831/1890/643
f 4834/1891/644 4836/1893/645 4835/1894/645 4833/1892/644
f 4836/1893/645 4838/1895/646 4837/1896/646 4835/1894/645
f 4838/1895/646 4840/1897/647 4839/1898/647 4837/1896/646
f 4840/1897/647 4842/1899/648 4841/1900/648 4839/1898/647
f 4842/1899/648 4844/1901/649 4843/1902/649 4841/1900/648
f 4844/1901/649 4846/1903/650 4845/1904/650 4843/1902/649
f 4846/1903/650 4848/1905/651 4847/1906/651 4845/1904/650
f 4848/1905/651 4850/1907/652 4849/1908/652 4847/1906/651
f 4850/1907/652 4852/1909/653 4851/1910/653 4849/1908/652
f 4852/1909/653 4854/1911/654 4853/1912/654 4851/1910/653
f 4854/1911/654 4856/1913/655 4855/1914/655 4853/1912/654
f 4856/1913/655 4858/1915/656 4857/1916/656 4855/1914/655
f 4858/1915/656 4712/932/606 4711/26/606 4857/1916/656
f 4860/882/657 4862/1917/658 4861/1918/658 4859/24/657
f 4862/1917/658 4864/1773/659 4863/1774/659 4861/1918/658
f 4864/1773/659 4866/1919/660 4865/1920/660 4863/1774/659
f 4866/1919/660 4868/1775/661 4867/1776/661 4865/1920/660
f 4868/1775/661 4870/1921/662 4869/1922/662 4867/1776/661
f 4870/1921/662 4872/1777/663 4871/1778/663 4869/1922/662
f 4872/1777/663 4874/1923/664 4873/1924/664 4871/1778/663
f 4874/1923/664 4876/1779/665 4875/1780/665 4873/1924/664
f 4876/1779/665 4878/1925/666 4877/1926/666 4875/1780/665
f 4878/1925/666 4880/1781/667 4879/1782/667 4877/1926/666
f 4880/1781/667 4882/1927/668 4881/1928/668 4879/1782/667
f 4882/1927/668 4884/1783/669 4883/1784/669 4881/1928/668
f 4884/1783/669 4886/1929/670 4885/1930/670 4883/1784/669
f 4886/1929/670 4888/1785/671 4887/1786/671 4885/1930/670
f 4888/1785/671 4890/1931/672 4889/1932/672 4887/1786/671
f 4890/1931/672 4892/1787/673 4891/1788/673 4889/1932/672
f 4892/1787/673 4894/1933/674 4893/1934/674 4891/1788/673
f 4894/1933/674 4896/1789/675 4895/1790/675 4893/1934/674
f 4896/1789/675 4898/1935/676 4897/1936/676 4895/1790/675
f 4898/1935/676 4900/1791/677 4899/1792/677 4897/1936/676
f 4900/1791/677 4902/1937/678 4901/1938/678 4899/1792/677
f 4902/1937/678 4904/1793/679 4903/1794/679 4901/1938/678
f 4904/1793/679 4906/1939/680 4905/1940/680 4903/1794/679
f 4906/1939/680 4908/1795/681 4907/1796/681 4905/1940/680
f 4908/1795/681 4910/1941/682 4909/1942/682 4907/1796/681
f 4910/1941/682 4912/1797/683 4911/1798/683 4909/1942/682
f 4912/1797/683 4914/1943/684 4913/1944/684 4911/1798/683
f 4914/1943/684 4916/1799/685 4915/1800/685 4913/1944/684
f 4916/1799/685 4918/1945/686 4917/1946/686 4915/1800/685
f 4918/1945/686 4920/1801/687 4919/1802/687 4917/1946/686
f 4920/1801/687 4922/1947/688 4921/1948/688 4919/1802/687
f 4922/1947/688 4924/1803/689 4923/1804/689 4921/1948/688
f 4924/1803/689 4926/1949/690 4925/1950/690 4923/1804/689
f 4926/1949/690 4928/1805/691 4927/1806/691 4925/1950/690
f 4928/1805/691 4930/1951/692 4929/1952/692 4927/1806/691
f 4930/1951/692 4932/1807/693 4931/1808/693 4929/1952/692
f 4932/1807/693 4934/1150/694 4933/21/694 4931/1808/693
f 4934/1150/694 4936/1809/695 4935/1810/695 4933/21/694
f 4936/1809/695 4938/1953/696 4937/1954/696 4935/1810/695
f 4938/1953/696 4940/1811/697 4939/1812/697 4937/1954/696
f 4940/1811/697 4942/1955/66 4941/1956/66 4939/1812/697
f 4942/1955/66 4944/1813/698 4943/1814/698 4941/1956/66
f 4944/1813/698 4946/1957/699 4945/1958/699 4943/1814/698
f 4946/1957/699 4948/1815/700 4947/1816/700 4945/1958/699
f 4948/1815/700 4950/1959/701 4949/1960/701 4947/1816/700
f 4950/1959/701 4952/1817/702 4951/1818/702 4949/1960/701
f 4952/1817/702 4954/1961/703 4953/1962/703 4951/1818/702
f 4954/1961/703 4956/1819/704 4955/1820/704 4953/1962/703
f 4956/1819/704 4958/1963/705 4957/1964/705 4955/1820/704
f 4958/1963/705 4960/1821/706 4959/1822/706 4957/1964/705
f 4960/1821/706 4962/1965/707 4961/1966/707 4959/1822/706
f 4962/1965/707 4964/1823/708 4963/1824/708 4961/1966/707
f 4964/1823/708 4966/1967/709 4965/1968/709 4963/1824/708
f 4966/1967/709 4968/1825/710 4967/1826/710 4965/1968/709
f 4968/1825/710 4970/1969/711 4969/1970/711 4967/1826/710
f 4970/1969/711 4972/1827/712 4971/1828/712 4969/1970/711
f 4972/1827/712 4974/1971/713 4973/1972/713 4971/1828/712
f 4974/1971/713 4976/1829/714 4975/1830/714 4973/1972/713
f 4976/1829/714 4978/1973/715 4977/1974/715 4975/1830/714
f 4978/1973/715 4980/1831/716 4979/1832/716 4977/1974/715
f 4980/1831/716 4982/1975/717 4981/1976/717 4979/1832/716
f 4982/1975/717 4984/1833/718 4983/1834/718 4981/1976/717
f 4984/1833/718 4986/1977/719 4985/1978/719 4983/1834/718
f 4986/1977/719 4988/1835/720 4987/1836/720 4985/1978/719
f 4988/1835/720 4990/1979/721 4989/1980/721 4987/1836/720
f 4990/1979/721 4992/1837/722 4991/1838/722 4989/1980/721
f 4992/1837/722 4994/1981/723 4993/1982/723 4991/1838/722
f 4994/1981/723 4996/1839/724 4995/1840/724 4993/1982/723
f 4996/1839/724 4998/1983/725 4997/1984/725 4995/1840/724
f 4998/1983/725 5000/1841/726 4999/1842/726 4997/1984/725
f 5000/1841/726 5002/1985/727 5001/1986/727 4999/1842/726
f 5002/1985/727 5004/1843/728 5003/1844/728 5001/1986/727
f 5004/1843/728 5006/1987/729 5005/1988/729 5003/1844/728
f 5006/1987/729 5008/907/632 5007/53/632 5005/1988/729
f 5008/907/632 5010/1989/632 5009/1990/632 5007/53/632
f 5010/1989/632 5012/1845/632 5011/1846/632 5009/1990/632
f 5012/1845/632 5014/1991/632 5013/1992/632 5011/1846/632
f 5014/1991/632 5016/1847/632 5015/1848/632 5013/1992/632
f 5016/1847/632 5018/1993/632 5017/1994/632 5015/1848/632
f 5018/1993/632 5020/1849/632 5019/1850/632 5017/1994/632
f 5020/1849/632 5022/1995/632 5021/1996/632 5019/1850/632
f 5022/1995/632 5024/1851/632 5023/1852/632 5021/1996/632
f 5024/1851/632 5026/1997/632 5025/1998/632 5023/1852/632
f 5026/1997/632 5028/1853/632 5027/1854/632 5025/1998/632
f 5028/1853/632 5030/1999/730 5029/2000/730 5027/1854/632
f 5030/1999/730 5032/1855/731 5031/1856/731 5029/2000/730
f 5032/1855/731 5034/2001/732 5033/2002/732 5031/1856/731
f 5034/2001/732 5036/1857/733 5035/1858/733 5033/2002/732
f 5036/1857/733 5038/2003/734 5037/2004/734 5035/1858/733
f 5038/2003/734 5040/1859/405 5039/1860/405 5037/2004/734
f 5040/1859/405 5042/2005/735 5041/2006/735 5039/1860/405
f 5042/2005/735 5044/1861/736 5043/1862/736 5041/2006/735
f 5044/1861/736 5046/2007/737 5045/2008/737 5043/1862/736
f 5046/2007/737 5048/1863/738 5047/1864/738 5045/2008/737
f 5048/1863/738 5050/2009/739 5049/2010/739 5047/1864/738
f 5050/2009/739 5052/1865/740 5051/1866/740 5049/2010/739
f 5052/1865/740 5054/2011/741 5053/2012/741 5051/1866/740
f 5054/2011/741 5056/1867/742 5055/1868/742 5053/2012/741
f 5056/1867/742 5058/2013/743 5057/2014/743 5055/1868/742
f 5058/2013/743 5060/1869/744 5059/1870/744 5057/2014/743
f 5060/1869/744 5062/2015/745 5061/2016/745 5059/1870/744
f 5062/2015/745 5064/1871/746 5063/1872/746 5061/2016/745
f 5064/1871/746 5066/2017/747 5065/2018/747 5063/1872/746
f 5066/2017/747 5068/1873/748 5067/1874/748 5065/2018/747
f 5068/1873/748 5070/2019/749 5069/2020/749 5067/1874/748
f 5070/2019/749 5072/1875/750 5071/1876/750 5069/2020/749
f 5072/1875/750 5074/2021/751 5073/2022/751 5071/1876/750
f 5074/2021/751 5076/1877/752 5075/1878/752 5073/2022/751
f 5076/1877/752 5078/2023/753 5077/2024/753 5075/1878/752
f 5078/2023/753 5080/1879/754 5079/1880/754 5077/2024/753
f 5080/1879/754 5082/1191/606 5081/85/606 5079/1880/754
f 5082/1191/606 5084/1881/606 5083/1882/606 5081/85/606
f 5084/1881/606 5086/2025/606 5085/2026/606 5083/1882/606
f 5086/2025/606 5088/1883/606 5087/1884/606 5085/2026/606
f 5088/1883/606 5090/2027/606 5089/2028/606 5087/1884/606
f 5090/2027/606 5092/1885/606 5091/1886/606 5089/2028/606
f 5092/1885/606 5094/2029/606 5093/2030/606 5091/1886/606
f 5094/2029/606 5096/1887/606 5095/1888/606 5093/2030/606
f 5096/1887/606 5098/2031/606 5097/2032/606 5095/1888/606
f 5098/2031/606 5100/1889/606 5099/1890/606 5097/2032/606
f 5100/1889/606 5102/2033/606 5101/2034/606 5099/1890/606
f 5102/2033/606 5104/1891/755 5103/1892/755 5101/2034/606
f 5104/1891/755 5106/2035/756 5105/2036/756 5103/1892/755
f 5106/2035/756 5108/1893/757 5107/1894/757 5105/2036/756
f 5108/1893/757 5110/2037/758 5109/2038/758 5107/1894/757
f 5110/2037/758 5112/1895/759 5111/1896/759 5109/2038/758
f 5112/1895/759 5114/2039/198 5113/2040/198 5111/1896/759
f 5114/2039/198 5116/1897/760 5115/1898/760 5113/2040/198
f 5116/1897/760 5118/2041/761 5117/2042/761 5115/1898/760
f 5118/2041/761 5120/1899/762 5119/1900/762 5117/2042/761
f 5120/1899/762 5122/2043/763 5121/2044/763 5119/1900/762
f 5122/2043/763 5124/1901/764 5123/1902/764 5121/2044/763
f 5124/1901/764 5126/2045/765 5125/2046/765 5123/1902/764
f 5126/2045/765 5128/1903/766 5127/1904/766 5125/2046/765
f 5128/1903/766 5130/2047/767 5129/2048/767 5127/1904/766
f 5130/2047/767 5132/1905/768 5131/1906/768 5129/2048/767
f 5132/1905/768 5134/2049/769 5133/2050/769 5131/1906/768
f 5134/2049/769 5136/1907/530 5135/1908/530 5133/2050/769
f 5136/1907/530 5138/2051/770 5137/2052/770 5135/1908/530
f 5138/2051/770 5140/1909/771 5139/1910/771 5137/2052/770
f 5140/1909/771 5142/2053/772 5141/2054/772 5139/1910/771
f 5142/2053/772 5144/1911/773 5143/1912/773 5141/2054/772
f 5144/1911/773 5146/2055/774 5145/2056/774 5143/1912/773
f 5146/2055/774 5148/1913/775 5147/1914/775 5145/2056/774
f 5148/1913/775 5150/2057/776 5149/2058/776 5147/1914/775
f 5150/2057/776 5152/1915/777 5151/1916/777 5149/2058/776
f 5152/1915/777 5154/2059/778 5153/2060/778 5151/1916/777
f 5154/2059/778 4860/932/657 4859/26/657 5153/2060/778
f 5156/882/779 5158/2061/780 5157/2062/780 5155/24/779
f 5158/2061/780 5160/2063/781 5159/2064/781 5157/2062/780
f 5160/2063/781 5162/2065/782 5161/2066/782 5159/2064/781
f 5162/2065/782 5164/2067/783 5163/2068/783 5161/2066/782
f 5164/2067/783 5166/2069/784 5165/2070/784 5163/2068/783
f 5166/2069/784 5168/2071/785 5167/2072/785 5165/2070/784
f 5168/2071/785 5170/2073/786 5169/2074/786 5167/2072/785
f 5170/2073/786 5172/2075/787 5171/2076/787 5169/2074/786
f 5172/2075/787 5174/2077/788 5173/2078/788 5171/2076/787
f 5174/2077/788 5176/2079/789 5175/2080/789 5173/2078/788
f 5176/2079/789 5178/2081/790 5177/2082/790 5175/2080/789
f 5178/2081/790 5180/2083/791 5179/2084/791 5177/2082/790
f 5180/2083/791 5182/2085/792 5181/2086/792 5179/2084/791
f 5182/2085/792 5184/2087/793 5183/2088/793 5181/2086/792
f 5184/2087/793 5186/2089/794 5185/2090/794 5183/2088/793
f 5186/2089/794 5188/2091/795 5187/2092/795 5185/2090/794
f 5188/2091/795 5190/2093/796 5189/2094/796 5187/2092/795
f 5190/2093/796 5192/2095/797 5191/2096/797 5189/2094/796
f 5192/2095/797 5194/2097/798 5193/2098/798 5191/2096/797
f 5194/2097/798 5196/2099/799 5195/2100/799 5193/2098/798
f 5196/2099/799 5198/2101/800 5197/2102/800 5195/2100/799
f 5198/2101/800 5200/2103/801 5199/2104/801 5197/2102/800
f 5200/2103/801 5202/2105/802 5201/2106/802 5199/2104/801
f 5202/2105/802 5204/2107/803 5203/2108/803 5201/2106/802
f 5204/2107/803 5206/2109/804 5205/2110/804 5203/2108/803
f 5206/2109/804 5208/2111/805 5207/2112/805 5205/2110/804
f 5208/2111/805 5210/2113/806 5209/2114/806 5207/2112/805
f 5210/2113/806 5212/2115/807 5211/2116/807 5209/2114/806
f 5212/2115/807 5214/2117/808 5213/2118/808 5211/2116/807
f 5214/2117/808 5216/2119/809 5215/2120/809 5213/2118/808
f 5216/2119/809 5218/2121/810 5217/2122/810 5215/2120/809
f 5218/2121/810 5220/2123/811 5219/2124/811 5217/2122/810
f 5220/2123/811 5222/2125/812 5221/2126/812 5219/2124/811
f 5222/2125/812 5224/2127/813 5223/2128/813 5221/2126/812
f 5224/2127/813 5226/2129/814 5225/2130/814 5223/2128/813
f 5226/2129/814 5228/2131/815 5227/2132/815 5225/2130/814
f 5228/2131/815 5230/2133/816 5229/2134/816 5227/2132/815
f 5230/2133/816 5232/2135/817 5231/2136/817 5229/2134/816
f 5232/2135/817 5234/2137/818 5233/2138/818 5231/2136/817
f 5234/2137/818 5236/2139/819 5235/2140/819 5233/2138/818
f 5236/2139/819 5238/2141/820 5237/2142/820 5235/2140/819
f 5238/2141/820 5240/2143/821 5239/2144/821 5237/2142/820
f 5240/2143/821 5242/2145/822 5241/2146/822 5239/2144/821
f 5242/2145/822 5244/2147/823 5243/2148/823 5241/2146/822
f 5244/2147/823 5246/2149/824 5245/2150/824 5243/2148/823
f 5246/2149/824 5248/2151/825 5247/2152/825 5245/2150/824
f 5248/2151/825 5250/2153/826 5249/2154/826 5247/2152/825
f 5250/2153/826 5252/2155/827 5251/2156/827 5249/2154/826
f 5252/2155/827 5254/2157/828 5253/2158/828 5251/2156/827
f 5254/2157/828 5256/2159/829 5255/2160/829 5253/2158/828
f 5256/2159/829 5258/2161/830 5257/2162/830 5255/2160/829
f 5258/2161/830 5260/2163/831 5259/2164/831 5257/2162/830
f 5260/2163/831 5262/2165/832 5261/2166/832 5259/2164/831
f 5262/2165/832 5264/2167/833 5263/2168/833 5261/2166/832
f 5264/2167/833 5266/2169/834 5265/2170/834 5263/2168/833
f 5266/2169/834 5268/2171/835 5267/2172/835 5265/2170/834
f 5268/2171/835 5270/2173/836 5269/2174/836 5267/2172/835
f 5270/2173/836 5272/2175/837 5271/2176/837 5269/2174/836
f 5272/2175/837 5274/2177/838 5273/2178/838 5271/2176/837
f 5274/2177/838 5276/2179/839 5275/2180/839 5273/2178/838
f 5276/2179/839 5278/2181/840 5277/2182/840 5275/2180/839
f 5278/2181/840 5280/2183/841 5279/2184/841 5277/2182/840
f 5280/2183/841 5282/2185/842 5281/2186/842 5279/2184/841
f 5282/2185/842 5284/2187/685 5283/2188/685 5281/2186/842
f 5284/2187/685 5286/2189/843 5285/2190/843 5283/2188/685
f 5286/2189/843 5288/2191/844 5287/2192/844 5285/2190/843
f 5288/2191/844 5290/2193/845 5289/2194/845 5287/2192/844
f 5290/2193/845 5292/2195/846 5291/2196/846 5289/2194/845
f 5292/2195/846 5294/2197/847 5293/2198/847 5291/2196/846
f 5294/2197/847 5296/2199/848 5295/2200/848 5293/2198/847
f 5296/2199/848 5298/2201/849 5297/2202/849 5295/2200/848
f 5298/2201/849 5300/2203/850 5299/2204/850 5297/2202/849
f 5300/2203/850 5302/2205/851 5301/2206/851 5299/2204/850
f 5302/2205/851 5304/2207/852 5303/2208/852 5301/2206/851
f 5304/2207/852 5306/2209/853 5305/2210/853 5303/2208/852
f 5306/2209/853 5308/2211/854 5307/2212/854 5305/2210/853
f 5308/2211/854 5310/2213/855 5309/2214/855 5307/2212/854
f 5310/2213/855 5312/2215/855 5311/2216/855 5309/2214/855
f 5312/2215/855 5314/2217/855 5313/2218/855 5311/2216/855
f 5314/2217/855 5316/2219/855 5315/2220/855 5313/2218/855
f 5316/2219/855 5318/2221/855 5317/2222/855 5315/2220/855
f 5318/2221/855 5320/2223/855 5319/2224/855 5317/2222/855
f 5320/2223/855 5322/2225/855 5321/2226/855 5319/2224/855
f 5322/2225/855 5324/2227/855 5323/2228/855 5321/2226/855
f 5324/2227/855 5326/2229/855 5325/2230/855 5323/2228/855
f 5326/2229/855 5328/2231/855 5327/2232/855 5325/2230/855
f 5328/2231/855 5330/2233/855 5329/2234/855 5327/2232/855
f 5330/2233/855 5332/2235/856 5331/2236/856 5329/2234/855
f 5332/2235/856 5156/932/779 5155/26/779 5331/2236/856
