# Blender 4.4.1
# www.blender.org
mtllib clearFont.mtl
o テキスト.001
v -4.155992 -0.178092 -0.604841
v -4.165992 -0.178092 -0.604841
v -4.222037 -0.084097 -0.605101
v -4.277683 0.000541 -0.605336
v -4.332946 0.076048 -0.605546
v -4.387844 0.142648 -0.605731
v -4.442395 0.200567 -0.605892
v -4.496616 0.250031 -0.606029
v -4.550526 0.291267 -0.606143
v -4.604139 0.324499 -0.606236
v -4.657476 0.349953 -0.606306
v -4.710552 0.367855 -0.606356
v -4.763384 0.378431 -0.606385
v -4.815991 0.381906 -0.606395
v -4.860799 0.380132 -0.606390
v -4.905274 0.374800 -0.606375
v -4.949509 0.365891 -0.606351
v -4.993586 0.353388 -0.606316
v -5.037593 0.337274 -0.606271
v -5.081618 0.317531 -0.606216
v -5.125748 0.294143 -0.606151
v -5.170067 0.267092 -0.606076
v -5.214664 0.236360 -0.605991
v -5.259626 0.201930 -0.605895
v -5.305040 0.163785 -0.605789
v -5.350992 0.121907 -0.605673
v -5.115992 -0.263092 -0.604604
v -5.081471 -0.231454 -0.604692
v -5.045668 -0.201656 -0.604775
v -5.008961 -0.173873 -0.604852
v -4.971732 -0.148277 -0.604923
v -4.934365 -0.125042 -0.604988
v -4.897241 -0.104342 -0.605045
v -4.860743 -0.086350 -0.605095
v -4.825251 -0.071240 -0.605137
v -4.791147 -0.059186 -0.605171
v -4.758815 -0.050361 -0.605195
v -4.728636 -0.044938 -0.605210
v -4.700992 -0.043092 -0.605215
v -4.626198 -0.049316 -0.605198
v -4.554719 -0.067467 -0.605148
v -4.487164 -0.096764 -0.605066
v -4.424141 -0.136425 -0.604956
v -4.366257 -0.185670 -0.604819
v -4.314117 -0.243717 -0.604658
v -4.268333 -0.309784 -0.604475
v -4.229510 -0.383091 -0.604271
v -4.198257 -0.462856 -0.604050
v -4.175182 -0.548299 -0.603813
v -4.160891 -0.638637 -0.603562
v -4.155992 -0.733090 -0.603300
v -4.155992 -1.908085 -0.600038
v -3.710992 -1.908085 -0.600038
v -3.710992 0.336906 -0.606270
v -4.155992 0.336906 -0.606270
v -3.237141 -1.809888 -0.600311
v -3.192681 -1.837923 -0.600233
v -3.152007 -1.862382 -0.600165
v -3.114510 -1.883456 -0.600107
v -3.079582 -1.901335 -0.600057
v -3.046617 -1.916210 -0.600016
v -3.015005 -1.928273 -0.599982
v -2.984139 -1.937715 -0.599956
v -2.953414 -1.944726 -0.599937
v -2.922218 -1.949497 -0.599923
v -2.889947 -1.952220 -0.599916
v -2.855991 -1.953085 -0.599913
v -2.809102 -1.951615 -0.599917
v -2.765876 -1.947159 -0.599930
v -2.726226 -1.939648 -0.599951
v -2.690065 -1.929011 -0.599980
v -2.657308 -1.915180 -0.600019
v -2.627866 -1.898085 -0.600066
v -2.601654 -1.877657 -0.600123
v -2.578584 -1.853826 -0.600189
v -2.558569 -1.826523 -0.600265
v -2.541523 -1.795678 -0.600350
v -2.527360 -1.761222 -0.600446
v -2.515991 -1.723086 -0.600552
v -2.467038 -1.760172 -0.600449
v -2.417705 -1.793942 -0.600355
v -2.368023 -1.824414 -0.600271
v -2.318028 -1.851604 -0.600195
v -2.267757 -1.875530 -0.600129
v -2.217242 -1.896210 -0.600071
v -2.166518 -1.913661 -0.600023
v -2.115622 -1.927900 -0.599983
v -2.064586 -1.938944 -0.599953
v -2.013445 -1.946812 -0.599931
v -1.962236 -1.951520 -0.599918
v -1.910992 -1.953085 -0.599913
v -1.830847 -1.947802 -0.599928
v -1.755667 -1.932483 -0.599971
v -1.685835 -1.907929 -0.600039
v -1.621732 -1.874937 -0.600130
v -1.563740 -1.834307 -0.600243
v -1.512241 -1.786836 -0.600375
v -1.467618 -1.733323 -0.600524
v -1.430251 -1.674568 -0.600687
v -1.400523 -1.611368 -0.600862
v -1.378816 -1.544522 -0.601048
v -1.365511 -1.474829 -0.601241
v -1.360991 -1.403087 -0.601440
v -1.369169 -1.298120 -0.601732
v -1.392658 -1.205009 -0.601990
v -1.429898 -1.122698 -0.602219
v -1.479325 -1.050126 -0.602420
v -1.539377 -0.986234 -0.602597
v -1.608492 -0.929964 -0.602754
v -1.685107 -0.880256 -0.602892
v -1.767658 -0.836052 -0.603014
v -1.854585 -0.796293 -0.603125
v -1.944325 -0.759918 -0.603226
v -2.035315 -0.725870 -0.603320
v -2.125991 -0.693090 -0.603411
v -2.520991 -0.553090 -0.603800
v -2.520991 -0.433091 -0.604133
v -2.518179 -0.366500 -0.604318
v -2.509741 -0.306610 -0.604484
v -2.495679 -0.253248 -0.604632
v -2.475991 -0.206240 -0.604763
v -2.450679 -0.165412 -0.604876
v -2.419741 -0.130592 -0.604973
v -2.383179 -0.101605 -0.605053
v -2.340991 -0.078277 -0.605118
v -2.293179 -0.060436 -0.605167
v -2.239741 -0.047907 -0.605202
v -2.180679 -0.040517 -0.605223
v -2.115992 -0.038092 -0.605229
v -2.054660 -0.040503 -0.605223
v -1.993259 -0.047791 -0.605202
v -1.931929 -0.060045 -0.605168
v -1.870806 -0.077352 -0.605120
v -1.810031 -0.099796 -0.605058
v -1.749742 -0.127467 -0.604981
v -1.690077 -0.160450 -0.604890
v -1.631176 -0.198833 -0.604783
v -1.573179 -0.242701 -0.604661
v -1.516223 -0.292142 -0.604524
v -1.460447 -0.347243 -0.604371
v -1.405991 -0.408091 -0.604202
v -1.405991 0.076907 -0.605549
v -1.451207 0.125972 -0.605685
v -1.499372 0.170680 -0.605809
v -1.550524 0.211047 -0.605921
v -1.604696 0.247092 -0.606021
v -1.661924 0.278831 -0.606109
v -1.722242 0.306281 -0.606185
v -1.785686 0.329461 -0.606250
v -1.852288 0.348388 -0.606302
v -1.922086 0.363078 -0.606343
v -1.995112 0.373550 -0.606372
v -2.071403 0.379820 -0.606389
v -2.150991 0.381906 -0.606395
v -2.262608 0.377085 -0.606382
v -2.369347 0.362508 -0.606341
v -2.470287 0.338000 -0.606273
v -2.564508 0.303388 -0.606177
v -2.651092 0.258498 -0.606053
v -2.729115 0.203157 -0.605899
v -2.797660 0.137191 -0.605716
v -2.855805 0.060426 -0.605503
v -2.902632 -0.027311 -0.605259
v -2.937218 -0.126194 -0.604985
v -2.958645 -0.236396 -0.604679
v -2.965991 -0.358091 -0.604341
v -2.965991 -1.513087 -0.601135
v -2.966614 -1.533205 -0.601079
v -2.968470 -1.551119 -0.601029
v -2.971539 -1.566915 -0.600985
v -2.975807 -1.580679 -0.600947
v -2.981256 -1.592499 -0.600914
v -2.987867 -1.602461 -0.600887
v -2.995625 -1.610653 -0.600864
v -3.004511 -1.617160 -0.600846
v -3.014507 -1.622071 -0.600832
v -3.025599 -1.625471 -0.600823
v -3.037766 -1.627447 -0.600817
v -3.050992 -1.628086 -0.600815
v -3.063158 -1.627157 -0.600818
v -3.077079 -1.624406 -0.600826
v -3.092631 -1.619883 -0.600838
v -3.109694 -1.613642 -0.600856
v -3.128146 -1.605734 -0.600878
v -3.147866 -1.596211 -0.600904
v -3.168732 -1.585126 -0.600935
v -3.190620 -1.572531 -0.600970
v -3.213412 -1.558477 -0.601009
v -3.236986 -1.543017 -0.601052
v -3.261220 -1.526203 -0.601098
v -3.285992 -1.508087 -0.601149
v -3.285992 -1.778086 -0.600399
v -2.427196 -0.830667 -0.603029
v -2.336454 -0.863714 -0.602937
v -2.249742 -0.897698 -0.602843
v -2.168028 -0.933089 -0.602745
v -2.092288 -0.970354 -0.602641
v -2.023491 -1.009964 -0.602531
v -1.962612 -1.052385 -0.602414
v -1.910621 -1.098088 -0.602287
v -1.868491 -1.147541 -0.602150
v -1.837195 -1.201213 -0.602001
v -1.817704 -1.259572 -0.601839
v -1.810992 -1.323087 -0.601662
v -1.813754 -1.368148 -0.601537
v -1.821847 -1.410656 -0.601419
v -1.834975 -1.450353 -0.601309
v -1.852842 -1.486976 -0.601207
v -1.875154 -1.520265 -0.601115
v -1.901616 -1.549962 -0.601032
v -1.931931 -1.575804 -0.600961
v -1.965806 -1.597531 -0.600900
v -2.002944 -1.614883 -0.600852
v -2.043052 -1.627600 -0.600817
v -2.085832 -1.635421 -0.600795
v -2.130992 -1.638086 -0.600788
v -2.165786 -1.636642 -0.600792
v -2.200161 -1.632369 -0.600804
v -2.234118 -1.625352 -0.600823
v -2.267660 -1.615679 -0.600850
v -2.300784 -1.603436 -0.600884
v -2.333492 -1.588711 -0.600925
v -2.365784 -1.571591 -0.600972
v -2.397658 -1.552161 -0.601026
v -2.429117 -1.530509 -0.601086
v -2.460158 -1.506721 -0.601152
v -2.490784 -1.480885 -0.601224
v -2.520991 -1.453087 -0.601301
v -2.520991 -0.798090 -0.603120
v -0.958919 -1.731112 -0.600530
v -0.892333 -1.770215 -0.600421
v -0.825678 -1.805429 -0.600323
v -0.758398 -1.836789 -0.600236
v -0.689938 -1.864330 -0.600160
v -0.619740 -1.888085 -0.600094
v -0.547252 -1.908091 -0.600038
v -0.471917 -1.924381 -0.599993
v -0.393178 -1.936991 -0.599958
v -0.310482 -1.945955 -0.599933
v -0.223271 -1.951308 -0.599918
v -0.130991 -1.953085 -0.599914
v 0.037505 -1.941412 -0.599946
v 0.192806 -1.907622 -0.600040
v 0.334634 -1.853554 -0.600190
v 0.462713 -1.781049 -0.600391
v 0.576764 -1.691946 -0.600639
v 0.676509 -1.588086 -0.600927
v 0.761671 -1.471310 -0.601251
v 0.831972 -1.343458 -0.601606
v 0.887134 -1.206369 -0.601987
v 0.926879 -1.061885 -0.602388
v 0.950930 -0.911845 -0.602804
v 0.959009 -0.758090 -0.603231
v 0.950190 -0.592813 -0.603690
v 0.924287 -0.437535 -0.604121
v 0.882134 -0.293092 -0.604522
v 0.824565 -0.160314 -0.604890
v 0.752412 -0.040037 -0.605224
v 0.666510 0.066907 -0.605521
v 0.567690 0.159685 -0.605779
v 0.456787 0.237462 -0.605994
v 0.334634 0.299406 -0.606166
v 0.202065 0.344684 -0.606292
v 0.059912 0.372462 -0.606369
v -0.090991 0.381906 -0.606395
v -0.235168 0.373457 -0.606372
v -0.369812 0.348064 -0.606301
v -0.494351 0.305656 -0.606184
v -0.608214 0.246166 -0.606019
v -0.710827 0.169523 -0.605806
v -0.801617 0.075657 -0.605545
v -0.880011 -0.035500 -0.605237
v -0.945436 -0.164018 -0.604880
v -0.997319 -0.309966 -0.604475
v -1.035088 -0.473415 -0.604021
v -1.058169 -0.654433 -0.603518
v -1.065991 -0.853089 -0.602967
v 0.514009 -0.853089 -0.602967
v 0.492661 -0.959851 -0.602671
v 0.463639 -1.057602 -0.602399
v 0.426978 -1.146291 -0.602153
v 0.382713 -1.225866 -0.601932
v 0.330879 -1.296273 -0.601737
v 0.271509 -1.357462 -0.601567
v 0.204640 -1.409381 -0.601423
v 0.130305 -1.451976 -0.601305
v 0.048540 -1.485196 -0.601212
v -0.040620 -1.508990 -0.601146
v -0.137142 -1.523304 -0.601107
v -0.240991 -1.528087 -0.601093
v -0.308190 -1.526021 -0.601099
v -0.374834 -1.519892 -0.601116
v -0.440991 -1.509805 -0.601144
v -0.506732 -1.495865 -0.601183
v -0.572126 -1.478174 -0.601232
v -0.637241 -1.456837 -0.601291
v -0.702149 -1.431959 -0.601360
v -0.766917 -1.403643 -0.601439
v -0.831616 -1.371994 -0.601527
v -0.896316 -1.337115 -0.601623
v -0.961083 -1.299112 -0.601729
v -1.025990 -1.258088 -0.601843
v -1.025990 -1.688086 -0.600649
v -0.618525 -0.475747 -0.604015
v -0.603768 -0.398925 -0.604228
v -0.581928 -0.327935 -0.604425
v -0.553213 -0.263092 -0.604605
v -0.517831 -0.204707 -0.604767
v -0.475991 -0.153092 -0.604910
v -0.427900 -0.108561 -0.605034
v -0.373769 -0.071426 -0.605137
v -0.313804 -0.041999 -0.605219
v -0.248213 -0.020593 -0.605278
v -0.177206 -0.007520 -0.605314
v -0.100991 -0.003093 -0.605327
v -0.018809 -0.007233 -0.605315
v 0.057713 -0.019551 -0.605281
v 0.128541 -0.039889 -0.605225
v 0.193639 -0.068092 -0.605146
v 0.252974 -0.104003 -0.605047
v 0.306509 -0.147467 -0.604926
v 0.354212 -0.198326 -0.604785
v 0.396047 -0.256425 -0.604623
v 0.431978 -0.321607 -0.604443
v 0.461972 -0.393716 -0.604242
v 0.485994 -0.472596 -0.604023
v 0.504009 -0.558090 -0.603786
v -0.625991 -0.558090 -0.603786
v 1.934009 -1.908085 -0.600039
v 1.934009 1.501902 -0.609505
v 1.489009 1.501902 -0.609505
v 1.489009 -1.908085 -0.600039
v 2.622815 0.800357 -0.607557
v 2.724449 0.853271 -0.607704
v 2.824244 0.900733 -0.607836
v 2.922528 0.942830 -0.607953
v 3.019632 0.979650 -0.608055
v 3.115885 1.011279 -0.608143
v 3.211617 1.037804 -0.608216
v 3.307158 1.059311 -0.608276
v 3.402838 1.075888 -0.608322
v 3.498986 1.087621 -0.608355
v 3.595933 1.094597 -0.608374
v 3.694009 1.096903 -0.608381
v 3.884623 1.085550 -0.608349
v 4.065583 1.052320 -0.608257
v 4.235572 0.998466 -0.608107
v 4.393269 0.925238 -0.607904
v 4.537354 0.833884 -0.607650
v 4.666509 0.725655 -0.607350
v 4.779414 0.601801 -0.607006
v 4.874750 0.463573 -0.606623
v 4.951197 0.312219 -0.606202
v 5.007435 0.148990 -0.605749
v 5.042146 -0.024863 -0.605267
v 5.054009 -0.208092 -0.604758
v 5.042516 -0.394275 -0.604241
v 5.008731 -0.569641 -0.603754
v 4.953697 -0.733168 -0.603300
v 4.878454 -0.883830 -0.602882
v 4.784044 -1.020603 -0.602503
v 4.671509 -1.142463 -0.602164
v 4.541891 -1.248386 -0.601870
v 4.396232 -1.337347 -0.601623
v 4.235572 -1.408321 -0.601426
v 4.060954 -1.460286 -0.601282
v 3.873419 -1.492216 -0.601193
v 3.674009 -1.503087 -0.601163
v 3.577071 -1.500286 -0.601171
v 3.478917 -1.491929 -0.601194
v 3.379791 -1.478087 -0.601232
v 3.279935 -1.458828 -0.601286
v 3.179594 -1.434221 -0.601354
v 3.079009 -1.404337 -0.601437
v 2.978425 -1.369245 -0.601535
v 2.878083 -1.329013 -0.601646
v 2.778228 -1.283713 -0.601772
v 2.679102 -1.233412 -0.601912
v 2.580948 -1.178181 -0.602065
v 2.484009 -1.118088 -0.602232
v 2.484009 -1.653086 -0.600747
v 2.568465 -1.695751 -0.600628
v 2.654657 -1.736072 -0.600516
v 2.743072 -1.773789 -0.600412
v 2.834194 -1.808641 -0.600315
v 2.928511 -1.840368 -0.600227
v 3.026509 -1.868710 -0.600148
v 3.128674 -1.893406 -0.600080
v 3.235491 -1.914196 -0.600022
v 3.347447 -1.930820 -0.599976
v 3.465028 -1.943016 -0.599942
v 3.588720 -1.950524 -0.599921
v 3.719009 -1.953085 -0.599914
v 4.024102 -1.933291 -0.599969
v 4.299750 -1.876813 -0.600126
v 4.546509 -1.788008 -0.600372
v 4.764935 -1.671235 -0.600696
v 4.955583 -1.530850 -0.601086
v 5.119009 -1.371212 -0.601529
v 5.255768 -1.196679 -0.602014
v 5.366416 -1.011607 -0.602528
v 5.451509 -0.820355 -0.603058
v 5.511602 -0.627280 -0.603594
v 5.547250 -0.436740 -0.604123
v 5.559009 -0.253092 -0.604633
v 5.542936 0.000796 -0.605338
v 5.495838 0.241351 -0.606006
v 5.419400 0.466906 -0.606632
v 5.315306 0.675794 -0.607212
v 5.185239 0.866349 -0.607741
v 5.030884 1.036904 -0.608214
v 4.853925 1.185792 -0.608627
v 4.656046 1.311347 -0.608976
v 4.438931 1.411902 -0.609255
v 4.204264 1.485791 -0.609460
v 3.953728 1.531346 -0.609587
v 3.689009 1.546902 -0.609630
v 3.601344 1.545116 -0.609625
v 3.513106 1.539703 -0.609610
v 3.423931 1.530574 -0.609584
v 3.333453 1.517642 -0.609548
v 3.241309 1.500822 -0.609502
v 3.147134 1.480027 -0.609444
v 3.050563 1.455169 -0.609375
v 2.951231 1.426161 -0.609294
v 2.848775 1.392918 -0.609202
v 2.742829 1.355351 -0.609098
v 2.633029 1.313375 -0.608981
v 2.519009 1.266903 -0.608852
v 2.519009 0.741905 -0.607395
v -4.155992 -0.174760 0.595237
v -4.165992 -0.174760 0.595237
v -4.222037 -0.080765 0.594977
v -4.277683 0.003873 0.594742
v -4.332946 0.079379 0.594532
v -4.387844 0.145979 0.594347
v -4.442395 0.203898 0.594186
v -4.496616 0.253363 0.594049
v -4.550526 0.294598 0.593935
v -4.604139 0.327830 0.593842
v -4.657476 0.353284 0.593772
v -4.710552 0.371186 0.593722
v -4.763384 0.381762 0.593693
v -4.815991 0.385237 0.593683
v -4.860799 0.383464 0.593688
v -4.905274 0.378131 0.593703
v -4.949509 0.369222 0.593727
v -4.993586 0.356719 0.593762
v -5.037593 0.340605 0.593807
v -5.081618 0.320863 0.593862
v -5.125748 0.297474 0.593927
v -5.170067 0.270423 0.594002
v -5.214664 0.239691 0.594087
v -5.259626 0.205261 0.594183
v -5.305040 0.167116 0.594289
v -5.350992 0.125238 0.594405
v -5.115992 -0.259760 0.595474
v -5.081471 -0.228122 0.595386
v -5.045668 -0.198325 0.595303
v -5.008961 -0.170542 0.595226
v -4.971732 -0.144946 0.595155
v -4.934365 -0.121711 0.595090
v -4.897241 -0.101011 0.595033
v -4.860743 -0.083019 0.594983
v -4.825251 -0.067909 0.594941
v -4.791147 -0.055855 0.594907
v -4.758815 -0.047029 0.594883
v -4.728636 -0.041607 0.594868
v -4.700992 -0.039761 0.594863
v -4.626198 -0.045985 0.594880
v -4.554719 -0.064136 0.594930
v -4.487164 -0.093433 0.595012
v -4.424141 -0.133094 0.595122
v -4.366257 -0.182339 0.595259
v -4.314117 -0.240385 0.595420
v -4.268333 -0.306453 0.595603
v -4.229510 -0.379760 0.595807
v -4.198257 -0.459525 0.596028
v -4.175182 -0.544967 0.596265
v -4.160891 -0.635306 0.596516
v -4.155992 -0.729758 0.596778
v -4.155992 -1.904754 0.600040
v -3.710992 -1.904754 0.600040
v -3.710992 0.340237 0.593808
v -4.155992 0.340237 0.593808
v -3.237141 -1.806557 0.599767
v -3.192681 -1.834592 0.599845
v -3.152007 -1.859051 0.599913
v -3.114510 -1.880124 0.599971
v -3.079582 -1.898003 0.600021
v -3.046617 -1.912879 0.600062
v -3.015005 -1.924942 0.600096
v -2.984139 -1.934383 0.600122
v -2.953414 -1.941394 0.600141
v -2.922218 -1.946166 0.600155
v -2.889947 -1.948889 0.600162
v -2.855991 -1.949754 0.600165
v -2.809102 -1.948284 0.600161
v -2.765876 -1.943828 0.600148
v -2.726226 -1.936316 0.600127
v -2.690065 -1.925680 0.600098
v -2.657308 -1.911849 0.600059
v -2.627866 -1.894754 0.600012
v -2.601654 -1.874326 0.599955
v -2.578584 -1.850495 0.599889
v -2.558569 -1.823192 0.599813
v -2.541523 -1.792347 0.599728
v -2.527360 -1.757891 0.599632
v -2.515991 -1.719755 0.599526
v -2.467038 -1.756841 0.599629
v -2.417705 -1.790611 0.599723
v -2.368023 -1.821082 0.599807
v -2.318028 -1.848273 0.599883
v -2.267757 -1.872199 0.599949
v -2.217242 -1.892879 0.600007
v -2.166518 -1.910330 0.600055
v -2.115622 -1.924569 0.600095
v -2.064586 -1.935613 0.600125
v -2.013445 -1.943480 0.600147
v -1.962236 -1.948188 0.600160
v -1.910992 -1.949754 0.600165
v -1.830847 -1.944470 0.600150
v -1.755667 -1.929152 0.600107
v -1.685835 -1.904598 0.600039
v -1.621732 -1.871606 0.599948
v -1.563740 -1.830975 0.599835
v -1.512241 -1.783504 0.599703
v -1.467618 -1.729992 0.599554
v -1.430251 -1.671236 0.599391
v -1.400523 -1.608036 0.599216
v -1.378816 -1.541190 0.599030
v -1.365511 -1.471497 0.598837
v -1.360991 -1.399756 0.598638
v -1.369169 -1.294788 0.598346
v -1.392658 -1.201678 0.598088
v -1.429898 -1.119366 0.597859
v -1.479325 -1.046794 0.597658
v -1.539377 -0.982903 0.597481
v -1.608492 -0.926633 0.597324
v -1.685107 -0.876925 0.597186
v -1.767658 -0.832721 0.597064
v -1.854585 -0.792961 0.596953
v -1.944325 -0.756587 0.596852
v -2.035315 -0.722539 0.596758
v -2.125991 -0.689758 0.596667
v -2.520991 -0.549759 0.596278
v -2.520991 -0.429760 0.595945
v -2.518179 -0.363168 0.595760
v -2.509741 -0.303278 0.595594
v -2.495679 -0.249916 0.595446
v -2.475991 -0.202908 0.595315
v -2.450679 -0.162081 0.595202
v -2.419741 -0.127261 0.595105
v -2.383179 -0.098273 0.595025
v -2.340991 -0.074946 0.594960
v -2.293179 -0.057105 0.594911
v -2.239741 -0.044576 0.594876
v -2.180679 -0.037186 0.594855
v -2.115992 -0.034761 0.594849
v -2.054660 -0.037171 0.594855
v -1.993259 -0.044460 0.594876
v -1.931929 -0.056714 0.594910
v -1.870806 -0.074020 0.594958
v -1.810031 -0.096465 0.595020
v -1.749742 -0.124136 0.595097
v -1.690077 -0.157119 0.595188
v -1.631176 -0.195501 0.595295
v -1.573179 -0.239370 0.595417
v -1.516223 -0.288811 0.595554
v -1.460447 -0.343912 0.595707
v -1.405991 -0.404760 0.595876
v -1.405991 0.080238 0.594529
v -1.451207 0.129303 0.594393
v -1.499372 0.174011 0.594269
v -1.550524 0.214379 0.594157
v -1.604696 0.250423 0.594057
v -1.661924 0.282162 0.593969
v -1.722242 0.309613 0.593893
v -1.785686 0.332793 0.593828
v -1.852288 0.351719 0.593776
v -1.922086 0.366409 0.593735
v -1.995112 0.376881 0.593706
v -2.071403 0.383151 0.593689
v -2.150991 0.385237 0.593683
v -2.262608 0.380417 0.593696
v -2.369347 0.365839 0.593737
v -2.470287 0.341331 0.593805
v -2.564508 0.306719 0.593901
v -2.651092 0.261829 0.594025
v -2.729115 0.206488 0.594179
v -2.797660 0.140522 0.594362
v -2.855805 0.063757 0.594575
v -2.902632 -0.023980 0.594819
v -2.937218 -0.122862 0.595093
v -2.958645 -0.233065 0.595399
v -2.965991 -0.354760 0.595737
v -2.965991 -1.509755 0.598943
v -2.966614 -1.529874 0.598999
v -2.968470 -1.547788 0.599049
v -2.971539 -1.563583 0.599093
v -2.975807 -1.577348 0.599131
v -2.981256 -1.589168 0.599164
v -2.987867 -1.599130 0.599191
v -2.995625 -1.607322 0.599214
v -3.004511 -1.613829 0.599232
v -3.014507 -1.618739 0.599246
v -3.025599 -1.622139 0.599255
v -3.037766 -1.624115 0.599261
v -3.050992 -1.624755 0.599263
v -3.063158 -1.623826 0.599260
v -3.077079 -1.621074 0.599252
v -3.092631 -1.616552 0.599240
v -3.109694 -1.610311 0.599222
v -3.128146 -1.602403 0.599200
v -3.147866 -1.592880 0.599174
v -3.168732 -1.581795 0.599143
v -3.190620 -1.569200 0.599108
v -3.213412 -1.555146 0.599069
v -3.236986 -1.539686 0.599026
v -3.261220 -1.522872 0.598980
v -3.285992 -1.504755 0.598929
v -3.285992 -1.774754 0.599679
v -2.427196 -0.827336 0.597049
v -2.336454 -0.860383 0.597141
v -2.249742 -0.894367 0.597235
v -2.168028 -0.929757 0.597333
v -2.092288 -0.967023 0.597437
v -2.023491 -1.006632 0.597547
v -1.962612 -1.049054 0.597664
v -1.910621 -1.094757 0.597791
v -1.868491 -1.144210 0.597928
v -1.837195 -1.197881 0.598077
v -1.817704 -1.256241 0.598239
v -1.810992 -1.319756 0.598416
v -1.813754 -1.364817 0.598541
v -1.821847 -1.407325 0.598659
v -1.834975 -1.447021 0.598769
v -1.852842 -1.483644 0.598871
v -1.875154 -1.516934 0.598963
v -1.901616 -1.546630 0.599046
v -1.931931 -1.572472 0.599117
v -1.965806 -1.594199 0.599178
v -2.002944 -1.611552 0.599226
v -2.043052 -1.624269 0.599261
v -2.085832 -1.632090 0.599283
v -2.130992 -1.634755 0.599290
v -2.165786 -1.633311 0.599286
v -2.200161 -1.629037 0.599274
v -2.234118 -1.622020 0.599255
v -2.267660 -1.612348 0.599228
v -2.300784 -1.600105 0.599194
v -2.333492 -1.585380 0.599153
v -2.365784 -1.568259 0.599106
v -2.397658 -1.548829 0.599052
v -2.429117 -1.527177 0.598992
v -2.460158 -1.503390 0.598926
v -2.490784 -1.477553 0.598854
v -2.520991 -1.449756 0.598777
v -2.520991 -0.794758 0.596958
v -0.958919 -1.727781 0.599548
v -0.892333 -1.766884 0.599657
v -0.825678 -1.802098 0.599755
v -0.758398 -1.833458 0.599842
v -0.689938 -1.860998 0.599918
v -0.619740 -1.884754 0.599984
v -0.547252 -1.904760 0.600040
v -0.471917 -1.921050 0.600085
v -0.393178 -1.933660 0.600120
v -0.310482 -1.942624 0.600145
v -0.223271 -1.947977 0.600160
v -0.130991 -1.949754 0.600164
v 0.037505 -1.938081 0.600132
v 0.192806 -1.904291 0.600038
v 0.334634 -1.850223 0.599888
v 0.462713 -1.777717 0.599687
v 0.576764 -1.688615 0.599439
v 0.676509 -1.584755 0.599151
v 0.761671 -1.467979 0.598827
v 0.831972 -1.340126 0.598472
v 0.887134 -1.203038 0.598091
v 0.926879 -1.058553 0.597690
v 0.950930 -0.908513 0.597274
v 0.959009 -0.754758 0.596847
v 0.950190 -0.589481 0.596388
v 0.924287 -0.434204 0.595957
v 0.882134 -0.289760 0.595556
v 0.824565 -0.156983 0.595188
v 0.752412 -0.036705 0.594854
v 0.666510 0.070238 0.594557
v 0.567690 0.163016 0.594299
v 0.456787 0.240793 0.594084
v 0.334634 0.302737 0.593912
v 0.202065 0.348015 0.593786
v 0.059912 0.375793 0.593709
v -0.090991 0.385237 0.593683
v -0.235168 0.376788 0.593706
v -0.369812 0.351395 0.593777
v -0.494351 0.308988 0.593894
v -0.608214 0.249497 0.594059
v -0.710827 0.172854 0.594272
v -0.801617 0.078989 0.594533
v -0.880011 -0.032168 0.594841
v -0.945436 -0.160686 0.595198
v -0.997319 -0.306635 0.595603
v -1.035088 -0.470083 0.596057
v -1.058169 -0.651101 0.596560
v -1.065991 -0.849758 0.597111
v 0.514009 -0.849758 0.597111
v 0.492661 -0.956520 0.597407
v 0.463639 -1.054271 0.597679
v 0.426978 -1.142960 0.597925
v 0.382713 -1.222534 0.598146
v 0.330879 -1.292942 0.598341
v 0.271509 -1.354131 0.598511
v 0.204640 -1.406049 0.598655
v 0.130305 -1.448645 0.598773
v 0.048540 -1.481865 0.598866
v -0.040620 -1.505658 0.598932
v -0.137142 -1.519972 0.598971
v -0.240991 -1.524755 0.598985
v -0.308190 -1.522689 0.598979
v -0.374834 -1.516561 0.598962
v -0.440991 -1.506474 0.598934
v -0.506732 -1.492533 0.598895
v -0.572126 -1.474842 0.598846
v -0.637241 -1.453506 0.598787
v -0.702149 -1.428627 0.598718
v -0.766917 -1.400311 0.598639
v -0.831616 -1.368662 0.598551
v -0.896316 -1.333784 0.598455
v -0.961083 -1.295780 0.598349
v -1.025990 -1.254756 0.598235
v -1.025990 -1.684755 0.599429
v -0.618525 -0.472416 0.596063
v -0.603768 -0.395593 0.595850
v -0.581928 -0.324604 0.595653
v -0.553213 -0.259760 0.595473
v -0.517831 -0.201375 0.595311
v -0.475991 -0.149761 0.595168
v -0.427900 -0.105230 0.595044
v -0.373769 -0.068094 0.594941
v -0.313804 -0.038667 0.594859
v -0.248213 -0.017261 0.594800
v -0.177206 -0.004188 0.594764
v -0.100991 0.000239 0.594751
v -0.018809 -0.003901 0.594763
v 0.057713 -0.016219 0.594797
v 0.128541 -0.036558 0.594853
v 0.193639 -0.064761 0.594932
v 0.252974 -0.100672 0.595031
v 0.306509 -0.144135 0.595152
v 0.354212 -0.194995 0.595293
v 0.396047 -0.253093 0.595455
v 0.431978 -0.318276 0.595635
v 0.461972 -0.390385 0.595836
v 0.485994 -0.469265 0.596055
v 0.504009 -0.554759 0.596292
v -0.625991 -0.554759 0.596292
v 1.934009 -1.904754 0.600039
v 1.934009 1.505233 0.590573
v 1.489009 1.505233 0.590573
v 1.489009 -1.904754 0.600039
v 2.622815 0.803688 0.592521
v 2.724449 0.856602 0.592374
v 2.824244 0.904064 0.592242
v 2.922528 0.946162 0.592125
v 3.019632 0.982981 0.592023
v 3.115885 1.014610 0.591935
v 3.211617 1.041135 0.591862
v 3.307158 1.062642 0.591802
v 3.402838 1.079219 0.591756
v 3.498986 1.090952 0.591723
v 3.595933 1.097928 0.591704
v 3.694009 1.100234 0.591697
v 3.884623 1.088881 0.591729
v 4.065583 1.055652 0.591821
v 4.235572 1.001798 0.591971
v 4.393269 0.928569 0.592174
v 4.537354 0.837215 0.592428
v 4.666509 0.728986 0.592728
v 4.779414 0.605132 0.593072
v 4.874750 0.466904 0.593455
v 4.951197 0.315550 0.593876
v 5.007435 0.152321 0.594329
v 5.042146 -0.021532 0.594811
v 5.054009 -0.204760 0.595320
v 5.042516 -0.390943 0.595837
v 5.008732 -0.566310 0.596324
v 4.953697 -0.729836 0.596778
v 4.878454 -0.880499 0.597196
v 4.784044 -1.017272 0.597575
v 4.671509 -1.139132 0.597914
v 4.541891 -1.245054 0.598208
v 4.396232 -1.334015 0.598455
v 4.235572 -1.404990 0.598652
v 4.060954 -1.456955 0.598796
v 3.873419 -1.488884 0.598885
v 3.674009 -1.499755 0.598915
v 3.577071 -1.496954 0.598907
v 3.478917 -1.488598 0.598884
v 3.379791 -1.474755 0.598846
v 3.279935 -1.455496 0.598792
v 3.179594 -1.430890 0.598724
v 3.079009 -1.401006 0.598641
v 2.978425 -1.365913 0.598543
v 2.878083 -1.325682 0.598432
v 2.778228 -1.280381 0.598306
v 2.679102 -1.230080 0.598166
v 2.580948 -1.174849 0.598013
v 2.484009 -1.114757 0.597846
v 2.484009 -1.649755 0.599331
v 2.568465 -1.692420 0.599450
v 2.654657 -1.732741 0.599562
v 2.743072 -1.770458 0.599666
v 2.834194 -1.805310 0.599763
v 2.928511 -1.837037 0.599851
v 3.026509 -1.865379 0.599930
v 3.128674 -1.890075 0.599998
v 3.235491 -1.910865 0.600056
v 3.347447 -1.927488 0.600102
v 3.465028 -1.939684 0.600136
v 3.588720 -1.947193 0.600157
v 3.719009 -1.949754 0.600164
v 4.024102 -1.929960 0.600109
v 4.299750 -1.873481 0.599952
v 4.546509 -1.784677 0.599706
v 4.764935 -1.667903 0.599382
v 4.955584 -1.527519 0.598992
v 5.119009 -1.367881 0.598549
v 5.255769 -1.193348 0.598064
v 5.366417 -1.008276 0.597550
v 5.451509 -0.817024 0.597020
v 5.511602 -0.623949 0.596484
v 5.547250 -0.433408 0.595955
v 5.559010 -0.249760 0.595445
v 5.542936 0.004128 0.594740
v 5.495838 0.244682 0.594072
v 5.419400 0.470237 0.593446
v 5.315306 0.679125 0.592866
v 5.185239 0.869680 0.592337
v 5.030884 1.040235 0.591864
v 4.853925 1.189123 0.591451
v 4.656046 1.314678 0.591102
v 4.438931 1.415233 0.590823
v 4.204264 1.489122 0.590618
v 3.953728 1.534677 0.590491
v 3.689009 1.550233 0.590448
v 3.601344 1.548448 0.590453
v 3.513106 1.543034 0.590468
v 3.423931 1.533905 0.590494
v 3.333453 1.520974 0.590530
v 3.241309 1.504153 0.590576
v 3.147134 1.483358 0.590634
v 3.050563 1.458500 0.590703
v 2.951231 1.429492 0.590784
v 2.848775 1.396249 0.590876
v 2.742829 1.358683 0.590980
v 2.633029 1.316707 0.591097
v 2.519009 1.270234 0.591226
v 2.519009 0.745236 0.592683
v 2.622815 0.803688 0.592521
v 2.622815 0.800357 -0.607557
v 2.724449 0.856602 0.592374
v 2.724449 0.853271 -0.607704
v 2.824244 0.904064 0.592242
v 2.824244 0.900733 -0.607836
v 2.922528 0.946162 0.592125
v 2.922528 0.942830 -0.607953
v 3.019632 0.982981 0.592023
v 3.019632 0.979650 -0.608055
v 3.115885 1.014610 0.591935
v 3.115885 1.011279 -0.608143
v 3.211617 1.041135 0.591862
v 3.211617 1.037804 -0.608216
v 3.307158 1.062642 0.591802
v 3.307158 1.059311 -0.608276
v 3.402838 1.079219 0.591756
v 3.402838 1.075888 -0.608322
v 3.498986 1.090952 0.591723
v 3.498986 1.087621 -0.608355
v 3.595933 1.097928 0.591704
v 3.595933 1.094597 -0.608374
v 3.694009 1.100234 0.591697
v 3.694009 1.096903 -0.608381
v 3.884623 1.088881 0.591729
v 3.884623 1.085550 -0.608349
v 4.065583 1.055652 0.591821
v 4.065583 1.052320 -0.608257
v 4.235572 1.001798 0.591971
v 4.235572 0.998466 -0.608107
v 4.393269 0.928569 0.592174
v 4.393269 0.925238 -0.607904
v 4.537354 0.837215 0.592428
v 4.537354 0.833884 -0.607650
v 4.666509 0.728986 0.592728
v 4.666509 0.725655 -0.607350
v 4.779414 0.605132 0.593072
v 4.779414 0.601801 -0.607006
v 4.874750 0.466904 0.593455
v 4.874750 0.463573 -0.606623
v 4.951197 0.315550 0.593876
v 4.951197 0.312219 -0.606202
v 5.007435 0.152321 0.594329
v 5.007435 0.148990 -0.605749
v 5.042146 -0.021532 0.594811
v 5.042146 -0.024863 -0.605267
v 5.054009 -0.204760 0.595320
v 5.054009 -0.208092 -0.604758
v 5.042516 -0.390943 0.595837
v 5.042516 -0.394275 -0.604241
v 5.008732 -0.566310 0.596324
v 5.008731 -0.569641 -0.603754
v 4.953697 -0.729836 0.596778
v 4.953697 -0.733168 -0.603300
v 4.878454 -0.880499 0.597196
v 4.878454 -0.883830 -0.602882
v 4.784044 -1.017272 0.597575
v 4.784044 -1.020603 -0.602503
v 4.671509 -1.139132 0.597914
v 4.671509 -1.142463 -0.602164
v 4.541891 -1.245054 0.598208
v 4.541891 -1.248386 -0.601870
v 4.396232 -1.334015 0.598455
v 4.396232 -1.337347 -0.601623
v 4.235572 -1.404990 0.598652
v 4.235572 -1.408321 -0.601426
v 4.060954 -1.456955 0.598796
v 4.060954 -1.460286 -0.601282
v 3.873419 -1.488884 0.598885
v 3.873419 -1.492216 -0.601193
v 3.674009 -1.499755 0.598915
v 3.674009 -1.503087 -0.601163
v 3.577071 -1.496954 0.598907
v 3.577071 -1.500286 -0.601171
v 3.478917 -1.488598 0.598884
v 3.478917 -1.491929 -0.601194
v 3.379791 -1.474755 0.598846
v 3.379791 -1.478087 -0.601232
v 3.279935 -1.455496 0.598792
v 3.279935 -1.458828 -0.601286
v 3.179594 -1.430890 0.598724
v 3.179594 -1.434221 -0.601354
v 3.079009 -1.401006 0.598641
v 3.079009 -1.404337 -0.601437
v 2.978425 -1.365913 0.598543
v 2.978425 -1.369245 -0.601535
v 2.878083 -1.325682 0.598432
v 2.878083 -1.329013 -0.601646
v 2.778228 -1.280381 0.598306
v 2.778228 -1.283713 -0.601772
v 2.679102 -1.230080 0.598166
v 2.679102 -1.233412 -0.601912
v 2.580948 -1.174849 0.598013
v 2.580948 -1.178181 -0.602065
v 2.484009 -1.114757 0.597846
v 2.484009 -1.118088 -0.602232
v 2.484009 -1.649755 0.599331
v 2.484009 -1.653086 -0.600747
v 2.568465 -1.692420 0.599450
v 2.568465 -1.695751 -0.600628
v 2.654657 -1.732741 0.599562
v 2.654657 -1.736072 -0.600516
v 2.743072 -1.770458 0.599666
v 2.743072 -1.773789 -0.600412
v 2.834194 -1.805310 0.599763
v 2.834194 -1.808641 -0.600315
v 2.928511 -1.837037 0.599851
v 2.928511 -1.840368 -0.600227
v 3.026509 -1.865379 0.599930
v 3.026509 -1.868710 -0.600148
v 3.128674 -1.890075 0.599998
v 3.128674 -1.893406 -0.600080
v 3.235491 -1.910865 0.600056
v 3.235491 -1.914196 -0.600022
v 3.347447 -1.927488 0.600102
v 3.347447 -1.930820 -0.599976
v 3.465028 -1.939684 0.600136
v 3.465028 -1.943016 -0.599942
v 3.588720 -1.947193 0.600157
v 3.588720 -1.950524 -0.599921
v 3.719009 -1.949754 0.600164
v 3.719009 -1.953085 -0.599914
v 4.024102 -1.929960 0.600109
v 4.024102 -1.933291 -0.599969
v 4.299750 -1.873481 0.599952
v 4.299750 -1.876813 -0.600126
v 4.546509 -1.784677 0.599706
v 4.546509 -1.788008 -0.600372
v 4.764935 -1.667903 0.599382
v 4.764935 -1.671235 -0.600696
v 4.955584 -1.527519 0.598992
v 4.955583 -1.530850 -0.601086
v 5.119009 -1.367881 0.598549
v 5.119009 -1.371212 -0.601529
v 5.255769 -1.193348 0.598064
v 5.255768 -1.196679 -0.602014
v 5.366417 -1.008276 0.597550
v 5.366416 -1.011607 -0.602528
v 5.451509 -0.817024 0.597020
v 5.451509 -0.820355 -0.603058
v 5.511602 -0.623949 0.596484
v 5.511602 -0.627280 -0.603594
v 5.547250 -0.433408 0.595955
v 5.547250 -0.436740 -0.604123
v 5.559010 -0.249760 0.595445
v 5.559009 -0.253092 -0.604633
v 5.542936 0.004128 0.594740
v 5.542936 0.000796 -0.605338
v 5.495838 0.244682 0.594072
v 5.495838 0.241351 -0.606006
v 5.419400 0.470237 0.593446
v 5.419400 0.466906 -0.606632
v 5.315306 0.679125 0.592866
v 5.315306 0.675794 -0.607212
v 5.185239 0.869680 0.592337
v 5.185239 0.866349 -0.607741
v 5.030884 1.040235 0.591864
v 5.030884 1.036904 -0.608214
v 4.853925 1.189123 0.591451
v 4.853925 1.185792 -0.608627
v 4.656046 1.314678 0.591102
v 4.656046 1.311347 -0.608976
v 4.438931 1.415233 0.590823
v 4.438931 1.411902 -0.609255
v 4.204264 1.489122 0.590618
v 4.204264 1.485791 -0.609460
v 3.953728 1.534677 0.590491
v 3.953728 1.531346 -0.609587
v 3.689009 1.550233 0.590448
v 3.689009 1.546902 -0.609630
v 3.601344 1.548448 0.590453
v 3.601344 1.545116 -0.609625
v 3.513106 1.543034 0.590468
v 3.513106 1.539703 -0.609610
v 3.423931 1.533905 0.590494
v 3.423931 1.530574 -0.609584
v 3.333453 1.520974 0.590530
v 3.333453 1.517642 -0.609548
v 3.241309 1.504153 0.590576
v 3.241309 1.500822 -0.609502
v 3.147134 1.483358 0.590634
v 3.147134 1.480027 -0.609444
v 3.050563 1.458500 0.590703
v 3.050563 1.455169 -0.609375
v 2.951231 1.429492 0.590784
v 2.951231 1.426161 -0.609294
v 2.848775 1.396249 0.590876
v 2.848775 1.392918 -0.609202
v 2.742829 1.358683 0.590980
v 2.742829 1.355351 -0.609098
v 2.633029 1.316707 0.591097
v 2.633029 1.313375 -0.608981
v 2.519009 1.270234 0.591226
v 2.519009 1.266903 -0.608852
v 2.519009 0.745236 0.592683
v 2.519009 0.741905 -0.607395
v 1.934009 -1.904754 0.600039
v 1.934009 -1.908085 -0.600039
v 1.934009 1.505233 0.590573
v 1.934009 1.501902 -0.609505
v 1.489009 1.505233 0.590573
v 1.489009 1.501902 -0.609505
v 1.489009 -1.904754 0.600039
v 1.489009 -1.908085 -0.600039
v -0.958919 -1.727781 0.599548
v -0.958919 -1.731112 -0.600530
v -0.892333 -1.766884 0.599657
v -0.892333 -1.770215 -0.600421
v -0.825678 -1.802098 0.599755
v -0.825678 -1.805429 -0.600323
v -0.758398 -1.833458 0.599842
v -0.758398 -1.836789 -0.600236
v -0.689938 -1.860998 0.599918
v -0.689938 -1.864330 -0.600160
v -0.619740 -1.884754 0.599984
v -0.619740 -1.888085 -0.600094
v -0.547252 -1.904760 0.600040
v -0.547252 -1.908091 -0.600038
v -0.471917 -1.921050 0.600085
v -0.471917 -1.924381 -0.599993
v -0.393178 -1.933660 0.600120
v -0.393178 -1.936991 -0.599958
v -0.310482 -1.942624 0.600145
v -0.310482 -1.945955 -0.599933
v -0.223271 -1.947977 0.600160
v -0.223271 -1.951308 -0.599918
v -0.130991 -1.949754 0.600164
v -0.130991 -1.953085 -0.599914
v 0.037505 -1.938081 0.600132
v 0.037505 -1.941412 -0.599946
v 0.192806 -1.904291 0.600038
v 0.192806 -1.907622 -0.600040
v 0.334634 -1.850223 0.599888
v 0.334634 -1.853554 -0.600190
v 0.462713 -1.777717 0.599687
v 0.462713 -1.781049 -0.600391
v 0.576764 -1.688615 0.599439
v 0.576764 -1.691946 -0.600639
v 0.676509 -1.584755 0.599151
v 0.676509 -1.588086 -0.600927
v 0.761671 -1.467979 0.598827
v 0.761671 -1.471310 -0.601251
v 0.831972 -1.340126 0.598472
v 0.831972 -1.343458 -0.601606
v 0.887134 -1.203038 0.598091
v 0.887134 -1.206369 -0.601987
v 0.926879 -1.058553 0.597690
v 0.926879 -1.061885 -0.602388
v 0.950930 -0.908513 0.597274
v 0.950930 -0.911845 -0.602804
v 0.959009 -0.754758 0.596847
v 0.959009 -0.758090 -0.603231
v 0.950190 -0.589481 0.596388
v 0.950190 -0.592813 -0.603690
v 0.924287 -0.434204 0.595957
v 0.924287 -0.437535 -0.604121
v 0.882134 -0.289760 0.595556
v 0.882134 -0.293092 -0.604522
v 0.824565 -0.156983 0.595188
v 0.824565 -0.160314 -0.604890
v 0.752412 -0.036705 0.594854
v 0.752412 -0.040037 -0.605224
v 0.666510 0.070238 0.594557
v 0.666510 0.066907 -0.605521
v 0.567690 0.163016 0.594299
v 0.567690 0.159685 -0.605779
v 0.456787 0.240793 0.594084
v 0.456787 0.237462 -0.605994
v 0.334634 0.302737 0.593912
v 0.334634 0.299406 -0.606166
v 0.202065 0.348015 0.593786
v 0.202065 0.344684 -0.606292
v 0.059912 0.375793 0.593709
v 0.059912 0.372462 -0.606369
v -0.090991 0.385237 0.593683
v -0.090991 0.381906 -0.606395
v -0.235168 0.376788 0.593706
v -0.235168 0.373457 -0.606372
v -0.369812 0.351395 0.593777
v -0.369812 0.348064 -0.606301
v -0.494351 0.308988 0.593894
v -0.494351 0.305656 -0.606184
v -0.608214 0.249497 0.594059
v -0.608214 0.246166 -0.606019
v -0.710827 0.172854 0.594272
v -0.710827 0.169523 -0.605806
v -0.801617 0.078989 0.594533
v -0.801617 0.075657 -0.605545
v -0.880011 -0.032168 0.594841
v -0.880011 -0.035500 -0.605237
v -0.945436 -0.160686 0.595198
v -0.945436 -0.164018 -0.604880
v -0.997319 -0.306635 0.595603
v -0.997319 -0.309966 -0.604475
v -1.035088 -0.470083 0.596057
v -1.035088 -0.473415 -0.604021
v -1.058169 -0.651101 0.596560
v -1.058169 -0.654433 -0.603518
v -1.065991 -0.849758 0.597111
v -1.065991 -0.853089 -0.602967
v 0.514009 -0.849758 0.597111
v 0.514009 -0.853089 -0.602967
v 0.492661 -0.956520 0.597407
v 0.492661 -0.959851 -0.602671
v 0.463639 -1.054271 0.597679
v 0.463639 -1.057602 -0.602399
v 0.426978 -1.142960 0.597925
v 0.426978 -1.146291 -0.602153
v 0.382713 -1.222534 0.598146
v 0.382713 -1.225866 -0.601932
v 0.330879 -1.292942 0.598341
v 0.330879 -1.296273 -0.601737
v 0.271509 -1.354131 0.598511
v 0.271509 -1.357462 -0.601567
v 0.204640 -1.406049 0.598655
v 0.204640 -1.409381 -0.601423
v 0.130305 -1.448645 0.598773
v 0.130305 -1.451976 -0.601305
v 0.048540 -1.481865 0.598866
v 0.048540 -1.485196 -0.601212
v -0.040620 -1.505658 0.598932
v -0.040620 -1.508990 -0.601146
v -0.137142 -1.519972 0.598971
v -0.137142 -1.523304 -0.601107
v -0.240991 -1.524755 0.598985
v -0.240991 -1.528087 -0.601093
v -0.308190 -1.522689 0.598979
v -0.308190 -1.526021 -0.601099
v -0.374834 -1.516561 0.598962
v -0.374834 -1.519892 -0.601116
v -0.440991 -1.506474 0.598934
v -0.440991 -1.509805 -0.601144
v -0.506732 -1.492533 0.598895
v -0.506732 -1.495865 -0.601183
v -0.572126 -1.474842 0.598846
v -0.572126 -1.478174 -0.601232
v -0.637241 -1.453506 0.598787
v -0.637241 -1.456837 -0.601291
v -0.702149 -1.428627 0.598718
v -0.702149 -1.431959 -0.601360
v -0.766917 -1.400311 0.598639
v -0.766917 -1.403643 -0.601439
v -0.831616 -1.368662 0.598551
v -0.831616 -1.371994 -0.601527
v -0.896316 -1.333784 0.598455
v -0.896316 -1.337115 -0.601623
v -0.961083 -1.295780 0.598349
v -0.961083 -1.299112 -0.601729
v -1.025990 -1.254756 0.598235
v -1.025990 -1.258088 -0.601843
v -1.025990 -1.684755 0.599429
v -1.025990 -1.688086 -0.600649
v -0.618525 -0.472416 0.596063
v -0.618525 -0.475747 -0.604015
v -0.603768 -0.395593 0.595850
v -0.603768 -0.398925 -0.604228
v -0.581928 -0.324604 0.595653
v -0.581928 -0.327935 -0.604425
v -0.553213 -0.259760 0.595473
v -0.553213 -0.263092 -0.604605
v -0.517831 -0.201375 0.595311
v -0.517831 -0.204707 -0.604767
v -0.475991 -0.149761 0.595168
v -0.475991 -0.153092 -0.604910
v -0.427900 -0.105230 0.595044
v -0.427900 -0.108561 -0.605034
v -0.373769 -0.068094 0.594941
v -0.373769 -0.071426 -0.605137
v -0.313804 -0.038667 0.594859
v -0.313804 -0.041999 -0.605219
v -0.248213 -0.017261 0.594800
v -0.248213 -0.020593 -0.605278
v -0.177206 -0.004188 0.594764
v -0.177206 -0.007520 -0.605314
v -0.100991 0.000239 0.594751
v -0.100991 -0.003093 -0.605327
v -0.018809 -0.003901 0.594763
v -0.018809 -0.007233 -0.605315
v 0.057713 -0.016219 0.594797
v 0.057713 -0.019551 -0.605281
v 0.128541 -0.036558 0.594853
v 0.128541 -0.039889 -0.605225
v 0.193639 -0.064761 0.594932
v 0.193639 -0.068092 -0.605146
v 0.252974 -0.100672 0.595031
v 0.252974 -0.104003 -0.605047
v 0.306509 -0.144135 0.595152
v 0.306509 -0.147467 -0.604926
v 0.354212 -0.194995 0.595293
v 0.354212 -0.198326 -0.604785
v 0.396047 -0.253093 0.595455
v 0.396047 -0.256425 -0.604623
v 0.431978 -0.318276 0.595635
v 0.431978 -0.321607 -0.604443
v 0.461972 -0.390385 0.595836
v 0.461972 -0.393716 -0.604242
v 0.485994 -0.469265 0.596055
v 0.485994 -0.472596 -0.604023
v 0.504009 -0.554759 0.596292
v 0.504009 -0.558090 -0.603786
v -0.625991 -0.554759 0.596292
v -0.625991 -0.558090 -0.603786
v -3.237141 -1.806557 0.599767
v -3.237141 -1.809888 -0.600311
v -3.192681 -1.834592 0.599845
v -3.192681 -1.837923 -0.600233
v -3.152007 -1.859051 0.599913
v -3.152007 -1.862382 -0.600165
v -3.114510 -1.880124 0.599971
v -3.114510 -1.883456 -0.600107
v -3.079582 -1.898003 0.600021
v -3.079582 -1.901335 -0.600057
v -3.046617 -1.912879 0.600062
v -3.046617 -1.916210 -0.600016
v -3.015005 -1.924942 0.600096
v -3.015005 -1.928273 -0.599982
v -2.984139 -1.934383 0.600122
v -2.984139 -1.937715 -0.599956
v -2.953414 -1.941394 0.600141
v -2.953414 -1.944726 -0.599937
v -2.922218 -1.946166 0.600155
v -2.922218 -1.949497 -0.599923
v -2.889947 -1.948889 0.600162
v -2.889947 -1.952220 -0.599916
v -2.855991 -1.949754 0.600165
v -2.855991 -1.953085 -0.599913
v -2.809102 -1.948284 0.600161
v -2.809102 -1.951615 -0.599917
v -2.765876 -1.943828 0.600148
v -2.765876 -1.947159 -0.599930
v -2.726226 -1.936316 0.600127
v -2.726226 -1.939648 -0.599951
v -2.690065 -1.925680 0.600098
v -2.690065 -1.929011 -0.599980
v -2.657308 -1.911849 0.600059
v -2.657308 -1.915180 -0.600019
v -2.627866 -1.894754 0.600012
v -2.627866 -1.898085 -0.600066
v -2.601654 -1.874326 0.599955
v -2.601654 -1.877657 -0.600123
v -2.578584 -1.850495 0.599889
v -2.578584 -1.853826 -0.600189
v -2.558569 -1.823192 0.599813
v -2.558569 -1.826523 -0.600265
v -2.541523 -1.792347 0.599728
v -2.541523 -1.795678 -0.600350
v -2.527360 -1.757891 0.599632
v -2.527360 -1.761222 -0.600446
v -2.515991 -1.719755 0.599526
v -2.515991 -1.723086 -0.600552
v -2.467038 -1.756841 0.599629
v -2.467038 -1.760172 -0.600449
v -2.417705 -1.790611 0.599723
v -2.417705 -1.793942 -0.600355
v -2.368023 -1.821082 0.599807
v -2.368023 -1.824414 -0.600271
v -2.318028 -1.848273 0.599883
v -2.318028 -1.851604 -0.600195
v -2.267757 -1.872199 0.599949
v -2.267757 -1.875530 -0.600129
v -2.217242 -1.892879 0.600007
v -2.217242 -1.896210 -0.600071
v -2.166518 -1.910330 0.600055
v -2.166518 -1.913661 -0.600023
v -2.115622 -1.924569 0.600095
v -2.115622 -1.927900 -0.599983
v -2.064586 -1.935613 0.600125
v -2.064586 -1.938944 -0.599953
v -2.013445 -1.943480 0.600147
v -2.013445 -1.946812 -0.599931
v -1.962236 -1.948188 0.600160
v -1.962236 -1.951520 -0.599918
v -1.910992 -1.949754 0.600165
v -1.910992 -1.953085 -0.599913
v -1.830847 -1.944470 0.600150
v -1.830847 -1.947802 -0.599928
v -1.755667 -1.929152 0.600107
v -1.755667 -1.932483 -0.599971
v -1.685835 -1.904598 0.600039
v -1.685835 -1.907929 -0.600039
v -1.621732 -1.871606 0.599948
v -1.621732 -1.874937 -0.600130
v -1.563740 -1.830975 0.599835
v -1.563740 -1.834307 -0.600243
v -1.512241 -1.783504 0.599703
v -1.512241 -1.786836 -0.600375
v -1.467618 -1.729992 0.599554
v -1.467618 -1.733323 -0.600524
v -1.430251 -1.671236 0.599391
v -1.430251 -1.674568 -0.600687
v -1.400523 -1.608036 0.599216
v -1.400523 -1.611368 -0.600862
v -1.378816 -1.541190 0.599030
v -1.378816 -1.544522 -0.601048
v -1.365511 -1.471497 0.598837
v -1.365511 -1.474829 -0.601241
v -1.360991 -1.399756 0.598638
v -1.360991 -1.403087 -0.601440
v -1.369169 -1.294788 0.598346
v -1.369169 -1.298120 -0.601732
v -1.392658 -1.201678 0.598088
v -1.392658 -1.205009 -0.601990
v -1.429898 -1.119366 0.597859
v -1.429898 -1.122698 -0.602219
v -1.479325 -1.046794 0.597658
v -1.479325 -1.050126 -0.602420
v -1.539377 -0.982903 0.597481
v -1.539377 -0.986234 -0.602597
v -1.608492 -0.926633 0.597324
v -1.608492 -0.929964 -0.602754
v -1.685107 -0.876925 0.597186
v -1.685107 -0.880256 -0.602892
v -1.767658 -0.832721 0.597064
v -1.767658 -0.836052 -0.603014
v -1.854585 -0.792961 0.596953
v -1.854585 -0.796293 -0.603125
v -1.944325 -0.756587 0.596852
v -1.944325 -0.759918 -0.603226
v -2.035315 -0.722539 0.596758
v -2.035315 -0.725870 -0.603320
v -2.125991 -0.689758 0.596667
v -2.125991 -0.693090 -0.603411
v -2.520991 -0.549759 0.596278
v -2.520991 -0.553090 -0.603800
v -2.520991 -0.429760 0.595945
v -2.520991 -0.433091 -0.604133
v -2.518179 -0.363168 0.595760
v -2.518179 -0.366500 -0.604318
v -2.509741 -0.303278 0.595594
v -2.509741 -0.306610 -0.604484
v -2.495679 -0.249916 0.595446
v -2.495679 -0.253248 -0.604632
v -2.475991 -0.202908 0.595315
v -2.475991 -0.206240 -0.604763
v -2.450679 -0.162081 0.595202
v -2.450679 -0.165412 -0.604876
v -2.419741 -0.127261 0.595105
v -2.419741 -0.130592 -0.604973
v -2.383179 -0.098273 0.595025
v -2.383179 -0.101605 -0.605053
v -2.340991 -0.074946 0.594960
v -2.340991 -0.078277 -0.605118
v -2.293179 -0.057105 0.594911
v -2.293179 -0.060436 -0.605167
v -2.239741 -0.044576 0.594876
v -2.239741 -0.047907 -0.605202
v -2.180679 -0.037186 0.594855
v -2.180679 -0.040517 -0.605223
v -2.115992 -0.034761 0.594849
v -2.115992 -0.038092 -0.605229
v -2.054660 -0.037171 0.594855
v -2.054660 -0.040503 -0.605223
v -1.993259 -0.044460 0.594876
v -1.993259 -0.047791 -0.605202
v -1.931929 -0.056714 0.594910
v -1.931929 -0.060045 -0.605168
v -1.870806 -0.074020 0.594958
v -1.870806 -0.077352 -0.605120
v -1.810031 -0.096465 0.595020
v -1.810031 -0.099796 -0.605058
v -1.749742 -0.124136 0.595097
v -1.749742 -0.127467 -0.604981
v -1.690077 -0.157119 0.595188
v -1.690077 -0.160450 -0.604890
v -1.631176 -0.195501 0.595295
v -1.631176 -0.198833 -0.604783
v -1.573179 -0.239370 0.595417
v -1.573179 -0.242701 -0.604661
v -1.516223 -0.288811 0.595554
v -1.516223 -0.292142 -0.604524
v -1.460447 -0.343912 0.595707
v -1.460447 -0.347243 -0.604371
v -1.405991 -0.404760 0.595876
v -1.405991 -0.408091 -0.604202
v -1.405991 0.080238 0.594529
v -1.405991 0.076907 -0.605549
v -1.451207 0.129303 0.594393
v -1.451207 0.125972 -0.605685
v -1.499372 0.174011 0.594269
v -1.499372 0.170680 -0.605809
v -1.550524 0.214379 0.594157
v -1.550524 0.211047 -0.605921
v -1.604696 0.250423 0.594057
v -1.604696 0.247092 -0.606021
v -1.661924 0.282162 0.593969
v -1.661924 0.278831 -0.606109
v -1.722242 0.309613 0.593893
v -1.722242 0.306281 -0.606185
v -1.785686 0.332793 0.593828
v -1.785686 0.329461 -0.606250
v -1.852288 0.351719 0.593776
v -1.852288 0.348388 -0.606302
v -1.922086 0.366409 0.593735
v -1.922086 0.363078 -0.606343
v -1.995112 0.376881 0.593706
v -1.995112 0.373550 -0.606372
v -2.071403 0.383151 0.593689
v -2.071403 0.379820 -0.606389
v -2.150991 0.385237 0.593683
v -2.150991 0.381906 -0.606395
v -2.262608 0.380417 0.593696
v -2.262608 0.377085 -0.606382
v -2.369347 0.365839 0.593737
v -2.369347 0.362508 -0.606341
v -2.470287 0.341331 0.593805
v -2.470287 0.338000 -0.606273
v -2.564508 0.306719 0.593901
v -2.564508 0.303388 -0.606177
v -2.651092 0.261829 0.594025
v -2.651092 0.258498 -0.606053
v -2.729115 0.206488 0.594179
v -2.729115 0.203157 -0.605899
v -2.797660 0.140522 0.594362
v -2.797660 0.137191 -0.605716
v -2.855805 0.063757 0.594575
v -2.855805 0.060426 -0.605503
v -2.902632 -0.023980 0.594819
v -2.902632 -0.027311 -0.605259
v -2.937218 -0.122862 0.595093
v -2.937218 -0.126194 -0.604985
v -2.958645 -0.233065 0.595399
v -2.958645 -0.236396 -0.604679
v -2.965991 -0.354760 0.595737
v -2.965991 -0.358091 -0.604341
v -2.965991 -1.509755 0.598943
v -2.965991 -1.513087 -0.601135
v -2.966614 -1.529874 0.598999
v -2.966614 -1.533205 -0.601079
v -2.968470 -1.547788 0.599049
v -2.968470 -1.551119 -0.601029
v -2.971539 -1.563583 0.599093
v -2.971539 -1.566915 -0.600985
v -2.975807 -1.577348 0.599131
v -2.975807 -1.580679 -0.600947
v -2.981256 -1.589168 0.599164
v -2.981256 -1.592499 -0.600914
v -2.987867 -1.599130 0.599191
v -2.987867 -1.602461 -0.600887
v -2.995625 -1.607322 0.599214
v -2.995625 -1.610653 -0.600864
v -3.004511 -1.613829 0.599232
v -3.004511 -1.617160 -0.600846
v -3.014507 -1.618739 0.599246
v -3.014507 -1.622071 -0.600832
v -3.025599 -1.622139 0.599255
v -3.025599 -1.625471 -0.600823
v -3.037766 -1.624115 0.599261
v -3.037766 -1.627447 -0.600817
v -3.050992 -1.624755 0.599263
v -3.050992 -1.628086 -0.600815
v -3.063158 -1.623826 0.599260
v -3.063158 -1.627157 -0.600818
v -3.077079 -1.621074 0.599252
v -3.077079 -1.624406 -0.600826
v -3.092631 -1.616552 0.599240
v -3.092631 -1.619883 -0.600838
v -3.109694 -1.610311 0.599222
v -3.109694 -1.613642 -0.600856
v -3.128146 -1.602403 0.599200
v -3.128146 -1.605734 -0.600878
v -3.147866 -1.592880 0.599174
v -3.147866 -1.596211 -0.600904
v -3.168732 -1.581795 0.599143
v -3.168732 -1.585126 -0.600935
v -3.190620 -1.569200 0.599108
v -3.190620 -1.572531 -0.600970
v -3.213412 -1.555146 0.599069
v -3.213412 -1.558477 -0.601009
v -3.236986 -1.539686 0.599026
v -3.236986 -1.543017 -0.601052
v -3.261220 -1.522872 0.598980
v -3.261220 -1.526203 -0.601098
v -3.285992 -1.504755 0.598929
v -3.285992 -1.508087 -0.601149
v -3.285992 -1.774754 0.599679
v -3.285992 -1.778086 -0.600399
v -2.427196 -0.827336 0.597049
v -2.427196 -0.830667 -0.603029
v -2.336454 -0.860383 0.597141
v -2.336454 -0.863714 -0.602937
v -2.249742 -0.894367 0.597235
v -2.249742 -0.897698 -0.602843
v -2.168028 -0.929757 0.597333
v -2.168028 -0.933089 -0.602745
v -2.092288 -0.967023 0.597437
v -2.092288 -0.970354 -0.602641
v -2.023491 -1.006632 0.597547
v -2.023491 -1.009964 -0.602531
v -1.962612 -1.049054 0.597664
v -1.962612 -1.052385 -0.602414
v -1.910621 -1.094757 0.597791
v -1.910621 -1.098088 -0.602287
v -1.868491 -1.144210 0.597928
v -1.868491 -1.147541 -0.602150
v -1.837195 -1.197881 0.598077
v -1.837195 -1.201213 -0.602001
v -1.817704 -1.256241 0.598239
v -1.817704 -1.259572 -0.601839
v -1.810992 -1.319756 0.598416
v -1.810992 -1.323087 -0.601662
v -1.813754 -1.364817 0.598541
v -1.813754 -1.368148 -0.601537
v -1.821847 -1.407325 0.598659
v -1.821847 -1.410656 -0.601419
v -1.834975 -1.447021 0.598769
v -1.834975 -1.450353 -0.601309
v -1.852842 -1.483644 0.598871
v -1.852842 -1.486976 -0.601207
v -1.875154 -1.516934 0.598963
v -1.875154 -1.520265 -0.601115
v -1.901616 -1.546630 0.599046
v -1.901616 -1.549962 -0.601032
v -1.931931 -1.572472 0.599117
v -1.931931 -1.575804 -0.600961
v -1.965806 -1.594199 0.599178
v -1.965806 -1.597531 -0.600900
v -2.002944 -1.611552 0.599226
v -2.002944 -1.614883 -0.600852
v -2.043052 -1.624269 0.599261
v -2.043052 -1.627600 -0.600817
v -2.085832 -1.632090 0.599283
v -2.085832 -1.635421 -0.600795
v -2.130992 -1.634755 0.599290
v -2.130992 -1.638086 -0.600788
v -2.165786 -1.633311 0.599286
v -2.165786 -1.636642 -0.600792
v -2.200161 -1.629037 0.599274
v -2.200161 -1.632369 -0.600804
v -2.234118 -1.622020 0.599255
v -2.234118 -1.625352 -0.600823
v -2.267660 -1.612348 0.599228
v -2.267660 -1.615679 -0.600850
v -2.300784 -1.600105 0.599194
v -2.300784 -1.603436 -0.600884
v -2.333492 -1.585380 0.599153
v -2.333492 -1.588711 -0.600925
v -2.365784 -1.568259 0.599106
v -2.365784 -1.571591 -0.600972
v -2.397658 -1.548829 0.599052
v -2.397658 -1.552161 -0.601026
v -2.429117 -1.527177 0.598992
v -2.429117 -1.530509 -0.601086
v -2.460158 -1.503390 0.598926
v -2.460158 -1.506721 -0.601152
v -2.490784 -1.477553 0.598854
v -2.490784 -1.480885 -0.601224
v -2.520991 -1.449756 0.598777
v -2.520991 -1.453087 -0.601301
v -2.520991 -0.794758 0.596958
v -2.520991 -0.798090 -0.603120
v -4.155992 -0.174760 0.595237
v -4.155992 -0.178092 -0.604841
v -4.165992 -0.174760 0.595237
v -4.165992 -0.178092 -0.604841
v -4.222037 -0.080765 0.594977
v -4.222037 -0.084097 -0.605101
v -4.277683 0.003873 0.594742
v -4.277683 0.000541 -0.605336
v -4.332946 0.079379 0.594532
v -4.332946 0.076048 -0.605546
v -4.387844 0.145979 0.594347
v -4.387844 0.142648 -0.605731
v -4.442395 0.203898 0.594186
v -4.442395 0.200567 -0.605892
v -4.496616 0.253363 0.594049
v -4.496616 0.250031 -0.606029
v -4.550526 0.294598 0.593935
v -4.550526 0.291267 -0.606143
v -4.604139 0.327830 0.593842
v -4.604139 0.324499 -0.606236
v -4.657476 0.353284 0.593772
v -4.657476 0.349953 -0.606306
v -4.710552 0.371186 0.593722
v -4.710552 0.367855 -0.606356
v -4.763384 0.381762 0.593693
v -4.763384 0.378431 -0.606385
v -4.815991 0.385237 0.593683
v -4.815991 0.381906 -0.606395
v -4.860799 0.383464 0.593688
v -4.860799 0.380132 -0.606390
v -4.905274 0.378131 0.593703
v -4.905274 0.374800 -0.606375
v -4.949509 0.369222 0.593727
v -4.949509 0.365891 -0.606351
v -4.993586 0.356719 0.593762
v -4.993586 0.353388 -0.606316
v -5.037593 0.340605 0.593807
v -5.037593 0.337274 -0.606271
v -5.081618 0.320863 0.593862
v -5.081618 0.317531 -0.606216
v -5.125748 0.297474 0.593927
v -5.125748 0.294143 -0.606151
v -5.170067 0.270423 0.594002
v -5.170067 0.267092 -0.606076
v -5.214664 0.239691 0.594087
v -5.214664 0.236360 -0.605991
v -5.259626 0.205261 0.594183
v -5.259626 0.201930 -0.605895
v -5.305040 0.167116 0.594289
v -5.305040 0.163785 -0.605789
v -5.350992 0.125238 0.594405
v -5.350992 0.121907 -0.605673
v -5.115992 -0.259760 0.595474
v -5.115992 -0.263092 -0.604604
v -5.081471 -0.228122 0.595386
v -5.081471 -0.231454 -0.604692
v -5.045668 -0.198325 0.595303
v -5.045668 -0.201656 -0.604775
v -5.008961 -0.170542 0.595226
v -5.008961 -0.173873 -0.604852
v -4.971732 -0.144946 0.595155
v -4.971732 -0.148277 -0.604923
v -4.934365 -0.121711 0.595090
v -4.934365 -0.125042 -0.604988
v -4.897241 -0.101011 0.595033
v -4.897241 -0.104342 -0.605045
v -4.860743 -0.083019 0.594983
v -4.860743 -0.086350 -0.605095
v -4.825251 -0.067909 0.594941
v -4.825251 -0.071240 -0.605137
v -4.791147 -0.055855 0.594907
v -4.791147 -0.059186 -0.605171
v -4.758815 -0.047029 0.594883
v -4.758815 -0.050361 -0.605195
v -4.728636 -0.041607 0.594868
v -4.728636 -0.044938 -0.605210
v -4.700992 -0.039761 0.594863
v -4.700992 -0.043092 -0.605215
v -4.626198 -0.045985 0.594880
v -4.626198 -0.049316 -0.605198
v -4.554719 -0.064136 0.594930
v -4.554719 -0.067467 -0.605148
v -4.487164 -0.093433 0.595012
v -4.487164 -0.096764 -0.605066
v -4.424141 -0.133094 0.595122
v -4.424141 -0.136425 -0.604956
v -4.366257 -0.182339 0.595259
v -4.366257 -0.185670 -0.604819
v -4.314117 -0.240385 0.595420
v -4.314117 -0.243717 -0.604658
v -4.268333 -0.306453 0.595603
v -4.268333 -0.309784 -0.604475
v -4.229510 -0.379760 0.595807
v -4.229510 -0.383091 -0.604271
v -4.198257 -0.459525 0.596028
v -4.198257 -0.462856 -0.604050
v -4.175182 -0.544967 0.596265
v -4.175182 -0.548299 -0.603813
v -4.160891 -0.635306 0.596516
v -4.160891 -0.638637 -0.603562
v -4.155992 -0.729758 0.596778
v -4.155992 -0.733090 -0.603300
v -4.155992 -1.904754 0.600040
v -4.155992 -1.908085 -0.600038
v -3.710992 -1.904754 0.600040
v -3.710992 -1.908085 -0.600038
v -3.710992 0.340237 0.593808
v -3.710992 0.336906 -0.606270
v -4.155992 0.340237 0.593808
v -4.155992 0.336906 -0.606270
vn -0.0000 -0.0028 -1.0000
vn 0.0001 -0.0028 -1.0000
vn -0.0000 0.0028 1.0000
vn 0.0001 0.0028 1.0000
vn 0.4763 -0.8793 0.0024
vn 0.4457 -0.8952 0.0025
vn 0.4117 -0.9113 0.0025
vn 0.3742 -0.9273 0.0026
vn 0.3334 -0.9428 0.0026
vn 0.2897 -0.9571 0.0027
vn 0.2434 -0.9699 0.0027
vn 0.1952 -0.9808 0.0027
vn 0.1460 -0.9893 0.0027
vn 0.0965 -0.9953 0.0028
vn 0.0477 -0.9989 0.0028
vn -0.0180 -0.9998 0.0028
vn -0.1203 -0.9927 0.0028
vn -0.2418 -0.9703 0.0027
vn -0.3623 -0.9320 0.0026
vn -0.4793 -0.8776 0.0024
vn -0.5902 -0.8073 0.0022
vn -0.6922 -0.7217 0.0020
vn -0.7829 -0.6221 0.0017
vn -0.8599 -0.5105 0.0014
vn -0.9212 -0.3892 0.0011
vn -0.9652 -0.2614 0.0007
vn -0.9915 -0.1305 0.0004
vn -1.0000 -0.0015 -0.0000
vn -0.9921 0.1257 -0.0003
vn -0.9670 0.2546 -0.0007
vn -0.9234 0.3838 -0.0011
vn -0.8609 0.5087 -0.0014
vn -0.7808 0.6248 -0.0017
vn -0.6854 0.7282 -0.0020
vn -0.5784 0.8158 -0.0023
vn -0.4637 0.8860 -0.0025
vn -0.3454 0.9385 -0.0026
vn -0.2269 0.9739 -0.0027
vn -0.1113 0.9938 -0.0028
vn -0.0128 0.9999 -0.0028
vn 0.0569 0.9984 -0.0028
vn 0.1116 0.9937 -0.0028
vn 0.1639 0.9865 -0.0027
vn 0.2138 0.9769 -0.0027
vn 0.2616 0.9652 -0.0027
vn 0.3072 0.9516 -0.0026
vn 0.3509 0.9364 -0.0026
vn 0.3927 0.9196 -0.0026
vn 0.4329 0.9014 -0.0025
vn 0.4716 0.8818 -0.0024
vn 0.5088 0.8609 -0.0024
vn -0.4864 0.8737 -0.0024
vn -0.8517 -0.5240 0.0015
vn -0.4374 -0.8993 0.0025
vn -0.4081 -0.9129 0.0025
vn -0.3749 -0.9271 0.0026
vn -0.3381 -0.9411 0.0026
vn -0.2984 -0.9544 0.0026
vn -0.2565 -0.9666 0.0027
vn -0.2131 -0.9770 0.0027
vn -0.1690 -0.9856 0.0027
vn -0.1251 -0.9921 0.0028
vn -0.0819 -0.9966 0.0028
vn -0.0401 -0.9992 0.0028
vn 0.0226 -0.9997 0.0028
vn 0.1330 -0.9911 0.0028
vn 0.2704 -0.9628 0.0027
vn 0.4061 -0.9138 0.0025
vn 0.5336 -0.8457 0.0023
vn 0.6474 -0.7621 0.0021
vn 0.7446 -0.6675 0.0019
vn 0.8243 -0.5661 0.0016
vn 0.8876 -0.4607 0.0013
vn 0.9358 -0.3524 0.0010
vn 0.9705 -0.2409 0.0007
vn 0.9923 -0.1241 0.0003
vn 1.0000 -0.0004 -0.0000
vn 0.9918 0.1279 -0.0004
vn 0.9664 0.2571 -0.0007
vn 0.9232 0.3844 -0.0011
vn 0.8625 0.5061 -0.0014
vn 0.7855 0.6188 -0.0017
vn 0.6942 0.7198 -0.0020
vn 0.5911 0.8066 -0.0022
vn 0.4790 0.8778 -0.0024
vn 0.3610 0.9325 -0.0026
vn 0.2401 0.9707 -0.0027
vn 0.1190 0.9929 -0.0028
vn 0.0192 0.9998 -0.0028
vn -0.0408 0.9992 -0.0028
vn -0.0816 0.9967 -0.0028
vn -0.1217 0.9926 -0.0028
vn -0.1606 0.9870 -0.0027
vn -0.1976 0.9803 -0.0027
vn -0.2325 0.9726 -0.0027
vn -0.2648 0.9643 -0.0027
vn -0.2945 0.9556 -0.0027
vn -0.3214 0.9469 -0.0026
vn -0.3457 0.9384 -0.0026
vn -0.3673 0.9301 -0.0026
vn -0.8299 0.5579 -0.0015
vn -0.5046 -0.8633 0.0024
vn 0.7071 -0.7071 0.0020
vn 0.7071 0.7071 -0.0020
vn -0.7071 0.7071 -0.0020
vn -0.7071 -0.7071 0.0020
vn -0.5233 -0.8522 0.0024
vn -0.4869 -0.8735 0.0024
vn -0.4449 -0.8956 0.0025
vn -0.3980 -0.9174 0.0025
vn -0.3470 -0.9379 0.0026
vn -0.2934 -0.9560 0.0027
vn -0.2388 -0.9711 0.0027
vn -0.1848 -0.9828 0.0027
vn -0.1330 -0.9911 0.0028
vn -0.0845 -0.9964 0.0028
vn -0.0403 -0.9992 0.0028
vn 0.0250 -0.9997 0.0028
vn 0.1412 -0.9900 0.0027
vn 0.2852 -0.9585 0.0027
vn 0.4256 -0.9049 0.0025
vn 0.5557 -0.8314 0.0023
vn 0.6701 -0.7422 0.0021
vn 0.7664 -0.6424 0.0018
vn 0.8438 -0.5366 0.0015
vn 0.9036 -0.4283 0.0012
vn 0.9475 -0.3198 0.0009
vn 0.9773 -0.2121 0.0006
vn 0.9944 -0.1055 0.0003
vn 1.0000 0.0004 -0.0000
vn 0.9940 0.1091 -0.0003
vn 0.9749 0.2227 -0.0006
vn 0.9406 0.3396 -0.0009
vn 0.8894 0.4571 -0.0013
vn 0.8205 0.5717 -0.0016
vn 0.7339 0.6793 -0.0019
vn 0.6309 0.7758 -0.0022
vn 0.5145 0.8575 -0.0024
vn 0.3887 0.9214 -0.0026
vn 0.2581 0.9661 -0.0027
vn 0.1274 0.9918 -0.0028
vn 0.0020 1.0000 -0.0028
vn -0.1222 0.9925 -0.0028
vn -0.2545 0.9671 -0.0027
vn -0.3939 0.9192 -0.0026
vn -0.5325 0.8465 -0.0023
vn -0.6607 0.7506 -0.0021
vn -0.7703 0.6377 -0.0018
vn -0.8564 0.5163 -0.0014
vn -0.9186 0.3951 -0.0011
vn -0.9599 0.2805 -0.0008
vn -0.9844 0.1760 -0.0005
vn -0.9966 0.0830 -0.0002
vn -0.7209 -0.6931 0.0019
vn -0.7733 -0.6340 0.0018
vn -0.9706 0.2406 -0.0007
vn -0.9427 0.3338 -0.0009
vn -0.9005 0.4348 -0.0012
vn -0.8413 0.5406 -0.0015
vn -0.7633 0.6461 -0.0018
vn -0.6671 0.7449 -0.0021
vn -0.5566 0.8308 -0.0023
vn -0.4378 0.8991 -0.0025
vn -0.3177 0.9482 -0.0026
vn -0.2026 0.9793 -0.0027
vn -0.0965 0.9953 -0.0028
vn -0.0076 1.0000 -0.0028
vn 0.0612 0.9981 -0.0028
vn 0.1212 0.9926 -0.0028
vn 0.1792 0.9838 -0.0027
vn 0.2344 0.9721 -0.0027
vn 0.2864 0.9581 -0.0027
vn 0.3347 0.9423 -0.0026
vn 0.3793 0.9253 -0.0026
vn 0.4201 0.9075 -0.0025
vn 0.4571 0.8894 -0.0025
vn 0.4904 0.8715 -0.0024
vn 0.5202 0.8540 -0.0024
vn -0.4826 0.8759 -0.0024
vn -0.8775 -0.4796 0.0013
vn 0.9902 -0.1396 0.0004
vn 0.9703 -0.2417 0.0007
vn 0.9367 -0.3501 0.0010
vn 0.8866 -0.4625 0.0013
vn 0.8179 -0.5753 0.0016
vn 0.7300 -0.6835 0.0019
vn 0.6242 -0.7812 0.0022
vn 0.5044 -0.8634 0.0024
vn 0.3763 -0.9265 0.0026
vn 0.2462 -0.9692 0.0027
vn 0.1198 -0.9928 0.0028
vn 0.0038 -1.0000 0.0028
vn -0.1048 -0.9945 0.0028
vn -0.2179 -0.9760 0.0027
vn -0.3375 -0.9413 0.0026
vn -0.4587 -0.8886 0.0025
vn -0.5754 -0.8179 0.0023
vn -0.6814 -0.7319 0.0020
vn -0.7721 -0.6355 0.0018
vn -0.8452 -0.5345 0.0015
vn -0.9009 -0.4341 0.0012
vn -0.9411 -0.3381 0.0009
vn -0.9685 -0.2490 0.0007
vn -0.7766 0.6300 -0.0017
vn 0.7383 0.6744 -0.0019
vn -0.5395 -0.8420 0.0023
vn -0.5244 -0.8515 0.0024
vn -0.5027 -0.8645 0.0024
vn -0.4729 -0.8811 0.0024
vn -0.4336 -0.9011 0.0025
vn -0.3841 -0.9233 0.0026
vn -0.3247 -0.9458 0.0026
vn -0.2577 -0.9662 0.0027
vn -0.1870 -0.9824 0.0027
vn -0.1177 -0.9930 0.0028
vn -0.0548 -0.9985 0.0028
vn 0.0029 -1.0000 0.0028
vn 0.0670 -0.9978 0.0028
vn 0.1445 -0.9895 0.0027
vn 0.2345 -0.9721 0.0027
vn 0.3361 -0.9418 0.0026
vn 0.4464 -0.8948 0.0025
vn 0.5597 -0.8287 0.0023
vn 0.6682 -0.7440 0.0021
vn 0.7643 -0.6449 0.0018
vn 0.8426 -0.5385 0.0015
vn 0.9016 -0.4327 0.0012
vn 0.9428 -0.3334 0.0009
vn 0.3111 -0.9504 0.0026
vn -0.5845 -0.8114 0.0023
vn -0.5440 -0.8391 0.0023
vn -0.5005 -0.8657 0.0024
vn -0.4539 -0.8910 0.0025
vn -0.4045 -0.9146 0.0025
vn -0.3522 -0.9359 0.0026
vn -0.2975 -0.9547 0.0027
vn -0.2406 -0.9706 0.0027
vn -0.1819 -0.9833 0.0027
vn -0.1219 -0.9925 0.0028
vn -0.0611 -0.9981 0.0028
vn 0.0176 -0.9998 0.0028
vn 0.2663 -0.9639 0.0027
vn 0.3956 -0.9184 0.0025
vn 0.5169 -0.8560 0.0024
vn 0.6272 -0.7789 0.0022
vn 0.7244 -0.6893 0.0019
vn 0.8076 -0.5898 0.0016
vn 0.8761 -0.4821 0.0013
vn 0.9298 -0.3680 0.0010
vn 0.9686 -0.2487 0.0007
vn 0.9921 -0.1254 0.0003
vn 1.0000 0.0074 -0.0000
vn 0.9868 0.1617 -0.0004
vn 0.9441 0.3297 -0.0009
vn 0.8721 0.4894 -0.0014
vn 0.7800 0.6258 -0.0017
vn 0.6815 0.7318 -0.0020
vn 0.5887 0.8084 -0.0022
vn 0.5086 0.8610 -0.0024
vn 0.4442 0.8959 -0.0025
vn 0.3959 0.9183 -0.0025
vn 0.3631 0.9318 -0.0026
vn 0.3452 0.9385 -0.0026
vn 0.3370 0.9415 -0.0026
vn 0.8167 0.5770 -0.0016
vn 0.9998 -0.0211 0.0001
vn 0.9959 -0.0910 0.0003
vn 0.9803 -0.1975 0.0005
vn 0.9470 -0.3213 0.0009
vn 0.8889 -0.4580 0.0013
vn 0.8017 -0.5978 0.0017
vn 0.6870 -0.7267 0.0020
vn 0.5545 -0.8322 0.0023
vn 0.4179 -0.9085 0.0025
vn 0.2895 -0.9572 0.0027
vn 0.1765 -0.9843 0.0027
vn 0.0809 -0.9967 0.0028
vn -0.0009 -1.0000 0.0028
vn -0.0786 -0.9969 0.0028
vn -0.1570 -0.9876 0.0027
vn -0.2344 -0.9721 0.0027
vn -0.3097 -0.9508 0.0026
vn -0.3821 -0.9241 0.0026
vn -0.4508 -0.8926 0.0025
vn -0.5152 -0.8571 0.0024
vn -0.5750 -0.8182 0.0023
vn -0.6298 -0.7768 0.0022
vn -0.6795 -0.7337 0.0020
vn -0.7243 -0.6895 0.0019
vn 0.3570 -0.9341 0.0026
vn 0.9315 0.3637 -0.0010
vn 0.7084 0.7058 -0.0020
vn 0.6504 0.7596 -0.0021
vn 0.5872 0.8094 -0.0022
vn 0.5199 0.8542 -0.0024
vn 0.4500 0.8930 -0.0025
vn 0.3790 0.9254 -0.0026
vn 0.3085 0.9512 -0.0026
vn 0.2398 0.9708 -0.0027
vn 0.1740 0.9847 -0.0027
vn 0.1120 0.9937 -0.0028
vn 0.0541 0.9985 -0.0028
vn -0.0085 1.0000 -0.0028
vn -0.0893 0.9960 -0.0028
vn -0.1859 0.9826 -0.0027
vn -0.2909 0.9568 -0.0027
vn -0.4034 0.9150 -0.0025
vn -0.5207 0.8538 -0.0024
vn -0.6378 0.7702 -0.0021
vn -0.7476 0.6642 -0.0018
vn -0.8423 0.5390 -0.0015
vn -0.9158 0.4017 -0.0011
vn -0.9653 0.2612 -0.0007
vn -0.9921 0.1258 -0.0003
vn -0.9995 0.0301 -0.0001
vn -0.9999 0.0155 -0.0000
vn -0.9978 0.0670 -0.0002
vn -0.9891 0.1470 -0.0004
vn -0.9698 0.2438 -0.0007
vn -0.9337 0.3581 -0.0010
vn -0.8733 0.4872 -0.0014
vn -0.7825 0.6226 -0.0017
vn -0.6611 0.7503 -0.0021
vn -0.5179 0.8555 -0.0024
vn -0.3682 0.9298 -0.0026
vn -0.2272 0.9738 -0.0027
vn -0.1045 0.9945 -0.0028
vn 0.0139 0.9999 -0.0028
vn 0.1353 0.9908 -0.0028
vn 0.2368 0.9716 -0.0027
vn 0.3116 0.9502 -0.0026
vn 0.3689 0.9295 -0.0026
vn 0.4145 0.9101 -0.0025
vn 0.4521 0.8920 -0.0025
vn 0.4840 0.8751 -0.0024
vn 0.5119 0.8591 -0.0024
vn 0.5367 0.8438 -0.0023
vn 0.5593 0.8290 -0.0023
vn 0.5802 0.8145 -0.0023
vn -0.4526 0.8917 -0.0025
vn -0.8791 -0.4767 0.0013
vn -0.3352 -0.9422 0.0026
vn -0.3536 -0.9354 0.0026
vn -0.3812 -0.9245 0.0026
vn -0.4196 -0.9077 0.0025
vn -0.4705 -0.8824 0.0024
vn -0.5358 -0.8443 0.0023
vn -0.6169 -0.7870 0.0022
vn -0.7126 -0.7016 0.0019
vn -0.8158 -0.5784 0.0016
vn -0.9110 -0.4124 0.0011
vn -0.9772 -0.2122 0.0006
vn -0.9998 -0.0220 0.0001
vn -0.9922 0.1244 -0.0003
vn -0.9680 0.2510 -0.0007
vn -0.9262 0.3771 -0.0010
vn -0.8667 0.4988 -0.0014
vn -0.7905 0.6125 -0.0017
vn -0.6993 0.7148 -0.0020
vn -0.5957 0.8032 -0.0022
vn -0.4827 0.8758 -0.0024
vn -0.3635 0.9316 -0.0026
vn -0.2415 0.9704 -0.0027
vn -0.1196 0.9928 -0.0028
vn -0.0087 1.0000 -0.0028
vn 0.0825 0.9966 -0.0028
vn 0.1630 0.9866 -0.0027
vn 0.2399 0.9708 -0.0027
vn 0.3121 0.9500 -0.0026
vn 0.3788 0.9255 -0.0026
vn 0.4397 0.8981 -0.0025
vn 0.4947 0.8691 -0.0024
vn 0.5439 0.8391 -0.0023
vn 0.5878 0.8090 -0.0022
vn 0.6267 0.7792 -0.0022
vn 0.6611 0.7503 -0.0021
vn 0.9157 0.4018 -0.0011
vn 0.5796 -0.8149 0.0023
vn 0.4939 0.8695 -0.0024
vn 0.8475 0.5309 -0.0015
vn 0.8215 0.5702 -0.0016
vn 0.7896 0.6136 -0.0017
vn 0.7502 0.6612 -0.0018
vn 0.7015 0.7127 -0.0020
vn 0.6414 0.7672 -0.0021
vn 0.5679 0.8231 -0.0023
vn 0.4795 0.8775 -0.0024
vn 0.3758 0.9267 -0.0026
vn 0.2585 0.9660 -0.0027
vn 0.1314 0.9913 -0.0028
vn 0.0132 0.9999 -0.0028
vn -0.0794 0.9968 -0.0028
vn -0.1584 0.9874 -0.0027
vn -0.2353 0.9719 -0.0027
vn -0.3086 0.9512 -0.0026
vn -0.3767 0.9263 -0.0026
vn -0.4390 0.8985 -0.0025
vn -0.4949 0.8690 -0.0024
vn -0.5444 0.8388 -0.0023
vn -0.5879 0.8089 -0.0022
vn -0.6257 0.7800 -0.0022
vn -0.6585 0.7526 -0.0021
vn -0.9900 0.1414 -0.0004
vn -0.1400 -0.9901 0.0027
vn 0.6579 -0.7531 0.0021
vn 0.6218 -0.7832 0.0022
vn 0.5852 -0.8109 0.0023
vn 0.5474 -0.8368 0.0023
vn 0.5077 -0.8616 0.0024
vn 0.4647 -0.8855 0.0025
vn 0.4171 -0.9089 0.0025
vn 0.3627 -0.9319 0.0026
vn 0.2985 -0.9544 0.0026
vn 0.2203 -0.9754 0.0027
vn 0.1219 -0.9925 0.0028
vn -0.0082 -1.0000 0.0028
vn -0.1651 -0.9863 0.0027
vn -0.3230 -0.9464 0.0026
vn -0.4666 -0.8845 0.0025
vn -0.5918 -0.8061 0.0022
vn -0.6975 -0.7165 0.0020
vn -0.7845 -0.6201 0.0017
vn -0.8543 -0.5197 0.0014
vn -0.9089 -0.4171 0.0012
vn -0.9497 -0.3132 0.0009
vn -0.9780 -0.2088 0.0006
vn -0.9946 -0.1042 0.0003
vn -0.9997 -0.0259 0.0001
vt 0.222222 0.000000
vt 0.259259 0.000000
vt 0.240741 0.000000
vt 0.277778 0.000000
vt 0.203704 0.000000
vt 0.296296 0.000000
vt 0.185185 0.000000
vt 0.314815 0.000000
vt 0.333333 0.000000
vt 0.166667 0.000000
vt 0.351852 0.000000
vt 0.962963 0.000000
vt 1.000000 0.000000
vt 0.981481 0.000000
vt 0.000000 0.000000
vt 0.148148 0.000000
vt 0.370370 0.000000
vt 0.388889 0.000000
vt 0.129630 0.000000
vt 0.407407 0.000000
vt 0.111111 0.000000
vt 0.425926 0.000000
vt 0.444444 0.000000
vt 0.092593 0.000000
vt 0.462963 0.000000
vt 0.074074 0.000000
vt 0.648148 0.000000
vt 0.629630 0.000000
vt 0.611111 0.000000
vt 0.592593 0.000000
vt 0.574074 0.000000
vt 0.555556 0.000000
vt 0.537037 0.000000
vt 0.518519 0.000000
vt 0.500000 0.000000
vt 0.481481 0.000000
vt 0.055556 0.000000
vt 0.685185 0.000000
vt 0.666667 0.000000
vt 0.037037 0.000000
vt 0.722222 0.000000
vt 0.703704 0.000000
vt 0.740741 0.000000
vt 0.759259 0.000000
vt 0.018519 0.000000
vt 0.777778 0.000000
vt 0.796296 0.000000
vt 0.870370 0.000000
vt 0.851852 0.000000
vt 0.833333 0.000000
vt 0.814815 0.000000
vt 0.888889 0.000000
vt 0.907407 0.000000
vt 0.925926 0.000000
vt 0.944444 0.000000
vt 0.560694 0.000000
vt 0.572254 0.000000
vt 0.566474 0.000000
vt 0.554913 0.000000
vt 0.578035 0.000000
vt 0.549133 0.000000
vt 0.543353 0.000000
vt 0.583815 0.000000
vt 0.537572 0.000000
vt 0.589595 0.000000
vt 0.531792 0.000000
vt 0.526012 0.000000
vt 0.595376 0.000000
vt 0.520231 0.000000
vt 0.601156 0.000000
vt 0.514451 0.000000
vt 0.508671 0.000000
vt 0.606936 0.000000
vt 0.502890 0.000000
vt 0.612717 0.000000
vt 0.497110 0.000000
vt 0.491329 0.000000
vt 0.485549 0.000000
vt 0.479769 0.000000
vt 0.473988 0.000000
vt 0.468208 0.000000
vt 0.462428 0.000000
vt 0.456647 0.000000
vt 0.450867 0.000000
vt 0.445087 0.000000
vt 0.439306 0.000000
vt 0.433526 0.000000
vt 0.427746 0.000000
vt 0.421965 0.000000
vt 0.618497 0.000000
vt 0.416185 0.000000
vt 0.624277 0.000000
vt 0.410405 0.000000
vt 0.404624 0.000000
vt 0.398844 0.000000
vt 0.393064 0.000000
vt 0.387283 0.000000
vt 0.630058 0.000000
vt 0.381503 0.000000
vt 0.375723 0.000000
vt 0.369942 0.000000
vt 0.635838 0.000000
vt 0.364162 0.000000
vt 0.358382 0.000000
vt 0.641618 0.000000
vt 0.352601 0.000000
vt 0.346821 0.000000
vt 0.341040 0.000000
vt 0.335260 0.000000
vt 0.329480 0.000000
vt 0.323699 0.000000
vt 0.317919 0.000000
vt 0.791907 0.000000
vt 0.994220 0.000000
vt 0.797688 0.000000
vt 0.312139 0.000000
vt 0.803468 0.000000
vt 0.306358 0.000000
vt 0.809249 0.000000
vt 0.300578 0.000000
vt 0.815029 0.000000
vt 0.820809 0.000000
vt 0.294798 0.000000
vt 0.826590 0.000000
vt 0.289017 0.000000
vt 0.832370 0.000000
vt 0.838150 0.000000
vt 0.283237 0.000000
vt 0.843931 0.000000
vt 0.849711 0.000000
vt 0.277457 0.000000
vt 0.855491 0.000000
vt 0.271676 0.000000
vt 0.861272 0.000000
vt 0.867052 0.000000
vt 0.265896 0.000000
vt 0.872832 0.000000
vt 0.878613 0.000000
vt 0.988439 0.000000
vt 0.260116 0.000000
vt 0.982659 0.000000
vt 0.884393 0.000000
vt 0.976879 0.000000
vt 0.774566 0.000000
vt 0.786127 0.000000
vt 0.780347 0.000000
vt 0.647399 0.000000
vt 0.890173 0.000000
vt 0.768786 0.000000
vt 0.971098 0.000000
vt 0.653179 0.000000
vt 0.763006 0.000000
vt 0.254335 0.000000
vt 0.895954 0.000000
vt 0.658960 0.000000
vt 0.965318 0.000000
vt 0.757225 0.000000
vt 0.664740 0.000000
vt 0.959538 0.000000
vt 0.751445 0.000000
vt 0.901734 0.000000
vt 0.670520 0.000000
vt 0.745665 0.000000
vt 0.953757 0.000000
vt 0.676301 0.000000
vt 0.739884 0.000000
vt 0.907514 0.000000
vt 0.682081 0.000000
vt 0.947977 0.000000
vt 0.734104 0.000000
vt 0.687861 0.000000
vt 0.248555 0.000000
vt 0.728324 0.000000
vt 0.913295 0.000000
vt 0.942197 0.000000
vt 0.693642 0.000000
vt 0.722543 0.000000
vt 0.699422 0.000000
vt 0.716763 0.000000
vt 0.936416 0.000000
vt 0.705202 0.000000
vt 0.710983 0.000000
vt 0.919075 0.000000
vt 0.930636 0.000000
vt 0.924855 0.000000
vt 0.132948 0.000000
vt 0.242775 0.000000
vt 0.138728 0.000000
vt 0.127168 0.000000
vt 0.236994 0.000000
vt 0.144509 0.000000
vt 0.121387 0.000000
vt 0.231214 0.000000
vt 0.150289 0.000000
vt 0.115607 0.000000
vt 0.005780 0.000000
vt 0.156069 0.000000
vt 0.109827 0.000000
vt 0.225434 0.000000
vt 0.011561 0.000000
vt 0.161850 0.000000
vt 0.104046 0.000000
vt 0.017341 0.000000
vt 0.219653 0.000000
vt 0.167630 0.000000
vt 0.098266 0.000000
vt 0.023121 0.000000
vt 0.173410 0.000000
vt 0.092486 0.000000
vt 0.028902 0.000000
vt 0.213873 0.000000
vt 0.179191 0.000000
vt 0.086705 0.000000
vt 0.034682 0.000000
vt 0.184971 0.000000
vt 0.040462 0.000000
vt 0.080925 0.000000
vt 0.208092 0.000000
vt 0.046243 0.000000
vt 0.190751 0.000000
vt 0.075145 0.000000
vt 0.052023 0.000000
vt 0.196532 0.000000
vt 0.069364 0.000000
vt 0.202312 0.000000
vt 0.057803 0.000000
vt 0.063584 0.000000
vt 0.346939 0.000000
vt 0.367347 0.000000
vt 0.357143 0.000000
vt 0.377551 0.000000
vt 0.336735 0.000000
vt 0.387755 0.000000
vt 0.326531 0.000000
vt 0.397959 0.000000
vt 0.316327 0.000000
vt 0.408163 0.000000
vt 0.306122 0.000000
vt 0.418367 0.000000
vt 0.295918 0.000000
vt 0.428571 0.000000
vt 0.285714 0.000000
vt 0.867347 0.000000
vt 0.877551 0.000000
vt 0.857143 0.000000
vt 0.887755 0.000000
vt 0.846939 0.000000
vt 0.897959 0.000000
vt 0.836735 0.000000
vt 0.438776 0.000000
vt 0.908163 0.000000
vt 0.275510 0.000000
vt 0.826531 0.000000
vt 0.918367 0.000000
vt 0.816327 0.000000
vt 0.928571 0.000000
vt 0.806122 0.000000
vt 0.938776 0.000000
vt 0.795918 0.000000
vt 0.265306 0.000000
vt 0.448980 0.000000
vt 0.948980 0.000000
vt 0.785714 0.000000
vt 0.959184 0.000000
vt 0.775510 0.000000
vt 0.255102 0.000000
vt 0.459184 0.000000
vt 0.969388 0.000000
vt 0.765306 0.000000
vt 0.979592 0.000000
vt 0.755102 0.000000
vt 0.244898 0.000000
vt 0.989796 0.000000
vt 0.469388 0.000000
vt 0.234694 0.000000
vt 0.479592 0.000000
vt 0.224490 0.000000
vt 0.489796 0.000000
vt 0.214286 0.000000
vt 0.510204 0.000000
vt 0.520408 0.000000
vt 0.204082 0.000000
vt 0.530612 0.000000
vt 0.193878 0.000000
vt 0.540816 0.000000
vt 0.724490 0.000000
vt 0.744898 0.000000
vt 0.734694 0.000000
vt 0.551020 0.000000
vt 0.714286 0.000000
vt 0.704082 0.000000
vt 0.183673 0.000000
vt 0.561224 0.000000
vt 0.693878 0.000000
vt 0.683673 0.000000
vt 0.571429 0.000000
vt 0.673469 0.000000
vt 0.581633 0.000000
vt 0.663265 0.000000
vt 0.173469 0.000000
vt 0.653061 0.000000
vt 0.591837 0.000000
vt 0.642857 0.000000
vt 0.602041 0.000000
vt 0.632653 0.000000
vt 0.622449 0.000000
vt 0.612245 0.000000
vt 0.163265 0.000000
vt 0.153061 0.000000
vt 0.010204 0.000000
vt 0.020408 0.000000
vt 0.142857 0.000000
vt 0.030612 0.000000
vt 0.040816 0.000000
vt 0.132653 0.000000
vt 0.051020 0.000000
vt 0.061224 0.000000
vt 0.122449 0.000000
vt 0.071429 0.000000
vt 0.081633 0.000000
vt 0.091837 0.000000
vt 0.112245 0.000000
vt 0.102041 0.000000
vt 0.855670 0.000000
vt 0.876289 0.000000
vt 0.865979 0.000000
vt 0.886598 0.000000
vt 0.896907 0.000000
vt 0.845361 0.000000
vt 0.907216 0.000000
vt 0.917526 0.000000
vt 0.927835 0.000000
vt 0.835052 0.000000
vt 0.938144 0.000000
vt 0.948454 0.000000
vt 0.958763 0.000000
vt 0.824742 0.000000
vt 0.969072 0.000000
vt 0.979381 0.000000
vt 0.989691 0.000000
vt 0.814433 0.000000
vt 0.092784 0.000000
vt 0.082474 0.000000
vt 0.072165 0.000000
vt 0.061856 0.000000
vt 0.051546 0.000000
vt 0.041237 0.000000
vt 0.030928 0.000000
vt 0.020619 0.000000
vt 0.010309 0.000000
vt 0.804124 0.000000
vt 0.113402 0.000000
vt 0.103093 0.000000
vt 0.123711 0.000000
vt 0.134021 0.000000
vt 0.144330 0.000000
vt 0.793814 0.000000
vt 0.154639 0.000000
vt 0.164948 0.000000
vt 0.783505 0.000000
vt 0.175258 0.000000
vt 0.185567 0.000000
vt 0.773196 0.000000
vt 0.195876 0.000000
vt 0.762887 0.000000
vt 0.206186 0.000000
vt 0.216495 0.000000
vt 0.752577 0.000000
vt 0.226804 0.000000
vt 0.742268 0.000000
vt 0.237113 0.000000
vt 0.247423 0.000000
vt 0.731959 0.000000
vt 0.257732 0.000000
vt 0.721649 0.000000
vt 0.268041 0.000000
vt 0.711340 0.000000
vt 0.278351 0.000000
vt 0.701031 0.000000
vt 0.288660 0.000000
vt 0.690722 0.000000
vt 0.298969 0.000000
vt 0.474227 0.000000
vt 0.494845 0.000000
vt 0.484536 0.000000
vt 0.309278 0.000000
vt 0.463918 0.000000
vt 0.680412 0.000000
vt 0.453608 0.000000
vt 0.319588 0.000000
vt 0.443299 0.000000
vt 0.432990 0.000000
vt 0.329897 0.000000
vt 0.422680 0.000000
vt 0.670103 0.000000
vt 0.412371 0.000000
vt 0.340206 0.000000
vt 0.402062 0.000000
vt 0.391753 0.000000
vt 0.350515 0.000000
vt 0.381443 0.000000
vt 0.371134 0.000000
vt 0.360825 0.000000
vt 0.659794 0.000000
vt 0.505155 0.000000
vt 0.649485 0.000000
vt 0.515464 0.000000
vt 0.525773 0.000000
vt 0.536082 0.000000
vt 0.639175 0.000000
vt 0.546392 0.000000
vt 0.556701 0.000000
vt 0.567010 0.000000
vt 0.628866 0.000000
vt 0.577320 0.000000
vt 0.587629 0.000000
vt 0.597938 0.000000
vt 0.618557 0.000000
vt 0.608247 0.000000
vt 0.000000 1.000000
vt 0.010204 1.000000
vt 0.020408 1.000000
vt 0.030612 1.000000
vt 0.040816 1.000000
vt 0.051020 1.000000
vt 0.061224 1.000000
vt 0.071429 1.000000
vt 0.081633 1.000000
vt 0.091837 1.000000
vt 0.102041 1.000000
vt 0.112245 1.000000
vt 0.122449 1.000000
vt 0.132653 1.000000
vt 0.142857 1.000000
vt 0.153061 1.000000
vt 0.163265 1.000000
vt 0.173469 1.000000
vt 0.183673 1.000000
vt 0.193878 1.000000
vt 0.204082 1.000000
vt 0.214286 1.000000
vt 0.224490 1.000000
vt 0.234694 1.000000
vt 0.244898 1.000000
vt 0.255102 1.000000
vt 0.265306 1.000000
vt 0.275510 1.000000
vt 0.285714 1.000000
vt 0.295918 1.000000
vt 0.306122 1.000000
vt 0.316327 1.000000
vt 0.326531 1.000000
vt 0.336735 1.000000
vt 0.346939 1.000000
vt 0.357143 1.000000
vt 0.367347 1.000000
vt 0.377551 1.000000
vt 0.387755 1.000000
vt 0.397959 1.000000
vt 0.408163 1.000000
vt 0.418367 1.000000
vt 0.428571 1.000000
vt 0.438776 1.000000
vt 0.448980 1.000000
vt 0.459184 1.000000
vt 0.469388 1.000000
vt 0.479592 1.000000
vt 0.489796 1.000000
vt 0.500000 1.000000
vt 0.510204 1.000000
vt 0.520408 1.000000
vt 0.530612 1.000000
vt 0.540816 1.000000
vt 0.551020 1.000000
vt 0.561224 1.000000
vt 0.571429 1.000000
vt 0.581633 1.000000
vt 0.591837 1.000000
vt 0.602041 1.000000
vt 0.612245 1.000000
vt 0.622449 1.000000
vt 0.632653 1.000000
vt 0.642857 1.000000
vt 0.653061 1.000000
vt 0.663265 1.000000
vt 0.673469 1.000000
vt 0.683673 1.000000
vt 0.693878 1.000000
vt 0.704082 1.000000
vt 0.714286 1.000000
vt 0.724490 1.000000
vt 0.734694 1.000000
vt 0.744898 1.000000
vt 0.755102 1.000000
vt 0.765306 1.000000
vt 0.775510 1.000000
vt 0.785714 1.000000
vt 0.795918 1.000000
vt 0.806122 1.000000
vt 0.816327 1.000000
vt 0.826531 1.000000
vt 0.836735 1.000000
vt 0.846939 1.000000
vt 0.857143 1.000000
vt 0.867347 1.000000
vt 0.877551 1.000000
vt 0.887755 1.000000
vt 0.897959 1.000000
vt 0.908163 1.000000
vt 0.918367 1.000000
vt 0.928571 1.000000
vt 0.938776 1.000000
vt 0.948980 1.000000
vt 0.959184 1.000000
vt 0.969388 1.000000
vt 0.979592 1.000000
vt 0.989796 1.000000
vt 1.000000 1.000000
vt 0.250000 1.000000
vt 0.250000 0.000000
vt 0.750000 1.000000
vt 0.750000 0.000000
vt 0.013514 1.000000
vt 0.013514 0.000000
vt 0.027027 1.000000
vt 0.027027 0.000000
vt 0.040541 1.000000
vt 0.040541 0.000000
vt 0.054054 1.000000
vt 0.054054 0.000000
vt 0.067568 1.000000
vt 0.067568 0.000000
vt 0.081081 1.000000
vt 0.081081 0.000000
vt 0.094595 1.000000
vt 0.094595 0.000000
vt 0.108108 1.000000
vt 0.108108 0.000000
vt 0.121622 1.000000
vt 0.121622 0.000000
vt 0.135135 1.000000
vt 0.135135 0.000000
vt 0.148649 1.000000
vt 0.148649 0.000000
vt 0.162162 1.000000
vt 0.162162 0.000000
vt 0.175676 1.000000
vt 0.175676 0.000000
vt 0.189189 1.000000
vt 0.189189 0.000000
vt 0.202703 1.000000
vt 0.202703 0.000000
vt 0.216216 1.000000
vt 0.216216 0.000000
vt 0.229730 1.000000
vt 0.229730 0.000000
vt 0.243243 1.000000
vt 0.243243 0.000000
vt 0.256757 1.000000
vt 0.256757 0.000000
vt 0.270270 1.000000
vt 0.270270 0.000000
vt 0.283784 1.000000
vt 0.283784 0.000000
vt 0.297297 1.000000
vt 0.297297 0.000000
vt 0.310811 1.000000
vt 0.310811 0.000000
vt 0.324324 1.000000
vt 0.324324 0.000000
vt 0.337838 1.000000
vt 0.337838 0.000000
vt 0.351351 1.000000
vt 0.351351 0.000000
vt 0.364865 1.000000
vt 0.364865 0.000000
vt 0.378378 1.000000
vt 0.378378 0.000000
vt 0.391892 1.000000
vt 0.391892 0.000000
vt 0.405405 1.000000
vt 0.405405 0.000000
vt 0.418919 1.000000
vt 0.418919 0.000000
vt 0.432432 1.000000
vt 0.432432 0.000000
vt 0.445946 1.000000
vt 0.445946 0.000000
vt 0.459459 1.000000
vt 0.459459 0.000000
vt 0.472973 1.000000
vt 0.472973 0.000000
vt 0.486486 1.000000
vt 0.486486 0.000000
vt 0.513514 1.000000
vt 0.513514 0.000000
vt 0.527027 1.000000
vt 0.527027 0.000000
vt 0.540541 1.000000
vt 0.540541 0.000000
vt 0.554054 1.000000
vt 0.554054 0.000000
vt 0.567568 1.000000
vt 0.567568 0.000000
vt 0.581081 1.000000
vt 0.581081 0.000000
vt 0.594595 1.000000
vt 0.594595 0.000000
vt 0.608108 1.000000
vt 0.608108 0.000000
vt 0.621622 1.000000
vt 0.621622 0.000000
vt 0.635135 1.000000
vt 0.635135 0.000000
vt 0.648649 1.000000
vt 0.648649 0.000000
vt 0.662162 1.000000
vt 0.662162 0.000000
vt 0.675676 1.000000
vt 0.675676 0.000000
vt 0.689189 1.000000
vt 0.689189 0.000000
vt 0.702703 1.000000
vt 0.702703 0.000000
vt 0.716216 1.000000
vt 0.716216 0.000000
vt 0.729730 1.000000
vt 0.729730 0.000000
vt 0.743243 1.000000
vt 0.743243 0.000000
vt 0.756757 1.000000
vt 0.756757 0.000000
vt 0.770270 1.000000
vt 0.770270 0.000000
vt 0.783784 1.000000
vt 0.783784 0.000000
vt 0.797297 1.000000
vt 0.797297 0.000000
vt 0.810811 1.000000
vt 0.810811 0.000000
vt 0.824324 1.000000
vt 0.824324 0.000000
vt 0.837838 1.000000
vt 0.837838 0.000000
vt 0.851351 1.000000
vt 0.851351 0.000000
vt 0.864865 1.000000
vt 0.864865 0.000000
vt 0.878378 1.000000
vt 0.878378 0.000000
vt 0.891892 1.000000
vt 0.891892 0.000000
vt 0.905405 1.000000
vt 0.905405 0.000000
vt 0.918919 1.000000
vt 0.918919 0.000000
vt 0.932432 1.000000
vt 0.932432 0.000000
vt 0.945946 1.000000
vt 0.945946 0.000000
vt 0.959459 1.000000
vt 0.959459 0.000000
vt 0.972973 1.000000
vt 0.972973 0.000000
vt 0.986486 1.000000
vt 0.986486 0.000000
vt 0.040000 1.000000
vt 0.040000 0.000000
vt 0.080000 1.000000
vt 0.080000 0.000000
vt 0.120000 1.000000
vt 0.120000 0.000000
vt 0.160000 1.000000
vt 0.160000 0.000000
vt 0.200000 1.000000
vt 0.200000 0.000000
vt 0.240000 1.000000
vt 0.240000 0.000000
vt 0.280000 1.000000
vt 0.280000 0.000000
vt 0.320000 1.000000
vt 0.320000 0.000000
vt 0.360000 1.000000
vt 0.360000 0.000000
vt 0.400000 1.000000
vt 0.400000 0.000000
vt 0.440000 1.000000
vt 0.440000 0.000000
vt 0.480000 1.000000
vt 0.480000 0.000000
vt 0.520000 1.000000
vt 0.520000 0.000000
vt 0.560000 1.000000
vt 0.560000 0.000000
vt 0.600000 1.000000
vt 0.600000 0.000000
vt 0.640000 1.000000
vt 0.640000 0.000000
vt 0.680000 1.000000
vt 0.680000 0.000000
vt 0.720000 1.000000
vt 0.720000 0.000000
vt 0.760000 1.000000
vt 0.760000 0.000000
vt 0.800000 1.000000
vt 0.800000 0.000000
vt 0.840000 1.000000
vt 0.840000 0.000000
vt 0.880000 1.000000
vt 0.880000 0.000000
vt 0.920000 1.000000
vt 0.920000 0.000000
vt 0.960000 1.000000
vt 0.960000 0.000000
vt 0.007299 1.000000
vt 0.007299 0.000000
vt 0.014599 1.000000
vt 0.014599 0.000000
vt 0.021898 1.000000
vt 0.021898 0.000000
vt 0.029197 1.000000
vt 0.029197 0.000000
vt 0.036496 1.000000
vt 0.036496 0.000000
vt 0.043796 1.000000
vt 0.043796 0.000000
vt 0.051095 1.000000
vt 0.051095 0.000000
vt 0.058394 1.000000
vt 0.058394 0.000000
vt 0.065693 1.000000
vt 0.065693 0.000000
vt 0.072993 1.000000
vt 0.072993 0.000000
vt 0.080292 1.000000
vt 0.080292 0.000000
vt 0.087591 1.000000
vt 0.087591 0.000000
vt 0.094891 1.000000
vt 0.094891 0.000000
vt 0.102190 1.000000
vt 0.102190 0.000000
vt 0.109489 1.000000
vt 0.109489 0.000000
vt 0.116788 1.000000
vt 0.116788 0.000000
vt 0.124088 1.000000
vt 0.124088 0.000000
vt 0.131387 1.000000
vt 0.131387 0.000000
vt 0.138686 1.000000
vt 0.138686 0.000000
vt 0.145985 1.000000
vt 0.145985 0.000000
vt 0.153285 1.000000
vt 0.153285 0.000000
vt 0.160584 1.000000
vt 0.160584 0.000000
vt 0.167883 1.000000
vt 0.167883 0.000000
vt 0.175182 1.000000
vt 0.175182 0.000000
vt 0.182482 1.000000
vt 0.182482 0.000000
vt 0.189781 1.000000
vt 0.189781 0.000000
vt 0.197080 1.000000
vt 0.197080 0.000000
vt 0.204380 1.000000
vt 0.204380 0.000000
vt 0.211679 1.000000
vt 0.211679 0.000000
vt 0.218978 1.000000
vt 0.218978 0.000000
vt 0.226277 1.000000
vt 0.226277 0.000000
vt 0.233577 1.000000
vt 0.233577 0.000000
vt 0.240876 1.000000
vt 0.240876 0.000000
vt 0.248175 1.000000
vt 0.248175 0.000000
vt 0.255474 1.000000
vt 0.255474 0.000000
vt 0.262774 1.000000
vt 0.262774 0.000000
vt 0.270073 1.000000
vt 0.270073 0.000000
vt 0.277372 1.000000
vt 0.277372 0.000000
vt 0.284672 1.000000
vt 0.284672 0.000000
vt 0.291971 1.000000
vt 0.291971 0.000000
vt 0.299270 1.000000
vt 0.299270 0.000000
vt 0.306569 1.000000
vt 0.306569 0.000000
vt 0.313869 1.000000
vt 0.313869 0.000000
vt 0.321168 1.000000
vt 0.321168 0.000000
vt 0.328467 1.000000
vt 0.328467 0.000000
vt 0.335766 1.000000
vt 0.335766 0.000000
vt 0.343066 1.000000
vt 0.343066 0.000000
vt 0.350365 1.000000
vt 0.350365 0.000000
vt 0.357664 1.000000
vt 0.357664 0.000000
vt 0.364964 1.000000
vt 0.364964 0.000000
vt 0.372263 1.000000
vt 0.372263 0.000000
vt 0.379562 1.000000
vt 0.379562 0.000000
vt 0.386861 1.000000
vt 0.386861 0.000000
vt 0.394161 1.000000
vt 0.394161 0.000000
vt 0.401460 1.000000
vt 0.401460 0.000000
vt 0.408759 1.000000
vt 0.408759 0.000000
vt 0.416058 1.000000
vt 0.416058 0.000000
vt 0.423358 1.000000
vt 0.423358 0.000000
vt 0.430657 1.000000
vt 0.430657 0.000000
vt 0.437956 1.000000
vt 0.437956 0.000000
vt 0.445255 1.000000
vt 0.445255 0.000000
vt 0.452555 1.000000
vt 0.452555 0.000000
vt 0.459854 1.000000
vt 0.459854 0.000000
vt 0.467153 1.000000
vt 0.467153 0.000000
vt 0.474453 1.000000
vt 0.474453 0.000000
vt 0.481752 1.000000
vt 0.481752 0.000000
vt 0.489051 1.000000
vt 0.489051 0.000000
vt 0.496350 1.000000
vt 0.496350 0.000000
vt 0.503650 1.000000
vt 0.503650 0.000000
vt 0.510949 1.000000
vt 0.510949 0.000000
vt 0.518248 1.000000
vt 0.518248 0.000000
vt 0.525547 1.000000
vt 0.525547 0.000000
vt 0.532847 1.000000
vt 0.532847 0.000000
vt 0.540146 1.000000
vt 0.540146 0.000000
vt 0.547445 1.000000
vt 0.547445 0.000000
vt 0.554745 1.000000
vt 0.554745 0.000000
vt 0.562044 1.000000
vt 0.562044 0.000000
vt 0.569343 1.000000
vt 0.569343 0.000000
vt 0.576642 1.000000
vt 0.576642 0.000000
vt 0.583942 1.000000
vt 0.583942 0.000000
vt 0.591241 1.000000
vt 0.591241 0.000000
vt 0.598540 1.000000
vt 0.598540 0.000000
vt 0.605839 1.000000
vt 0.605839 0.000000
vt 0.613139 1.000000
vt 0.613139 0.000000
vt 0.620438 1.000000
vt 0.620438 0.000000
vt 0.627737 1.000000
vt 0.627737 0.000000
vt 0.635036 1.000000
vt 0.635036 0.000000
vt 0.642336 1.000000
vt 0.642336 0.000000
vt 0.649635 1.000000
vt 0.649635 0.000000
vt 0.656934 1.000000
vt 0.656934 0.000000
vt 0.664234 1.000000
vt 0.664234 0.000000
vt 0.671533 1.000000
vt 0.671533 0.000000
vt 0.678832 1.000000
vt 0.678832 0.000000
vt 0.686131 1.000000
vt 0.686131 0.000000
vt 0.693431 1.000000
vt 0.693431 0.000000
vt 0.700730 1.000000
vt 0.700730 0.000000
vt 0.708029 1.000000
vt 0.708029 0.000000
vt 0.715328 1.000000
vt 0.715328 0.000000
vt 0.722628 1.000000
vt 0.722628 0.000000
vt 0.729927 1.000000
vt 0.729927 0.000000
vt 0.737226 1.000000
vt 0.737226 0.000000
vt 0.744526 1.000000
vt 0.744526 0.000000
vt 0.751825 1.000000
vt 0.751825 0.000000
vt 0.759124 1.000000
vt 0.759124 0.000000
vt 0.766423 1.000000
vt 0.766423 0.000000
vt 0.773723 1.000000
vt 0.773723 0.000000
vt 0.781022 1.000000
vt 0.781022 0.000000
vt 0.788321 1.000000
vt 0.788321 0.000000
vt 0.795620 1.000000
vt 0.795620 0.000000
vt 0.802920 1.000000
vt 0.802920 0.000000
vt 0.810219 1.000000
vt 0.810219 0.000000
vt 0.817518 1.000000
vt 0.817518 0.000000
vt 0.824818 1.000000
vt 0.824818 0.000000
vt 0.832117 1.000000
vt 0.832117 0.000000
vt 0.839416 1.000000
vt 0.839416 0.000000
vt 0.846715 1.000000
vt 0.846715 0.000000
vt 0.854015 1.000000
vt 0.854015 0.000000
vt 0.861314 1.000000
vt 0.861314 0.000000
vt 0.868613 1.000000
vt 0.868613 0.000000
vt 0.875912 1.000000
vt 0.875912 0.000000
vt 0.883212 1.000000
vt 0.883212 0.000000
vt 0.890511 1.000000
vt 0.890511 0.000000
vt 0.897810 1.000000
vt 0.897810 0.000000
vt 0.905109 1.000000
vt 0.905109 0.000000
vt 0.912409 1.000000
vt 0.912409 0.000000
vt 0.919708 1.000000
vt 0.919708 0.000000
vt 0.927007 1.000000
vt 0.927007 0.000000
vt 0.934307 1.000000
vt 0.934307 0.000000
vt 0.941606 1.000000
vt 0.941606 0.000000
vt 0.948905 1.000000
vt 0.948905 0.000000
vt 0.956204 1.000000
vt 0.956204 0.000000
vt 0.963504 1.000000
vt 0.963504 0.000000
vt 0.970803 1.000000
vt 0.970803 0.000000
vt 0.978102 1.000000
vt 0.978102 0.000000
vt 0.985401 1.000000
vt 0.985401 0.000000
vt 0.992701 1.000000
vt 0.992701 0.000000
vt 0.018182 1.000000
vt 0.018182 0.000000
vt 0.036364 1.000000
vt 0.036364 0.000000
vt 0.054545 1.000000
vt 0.054545 0.000000
vt 0.072727 1.000000
vt 0.072727 0.000000
vt 0.090909 1.000000
vt 0.090909 0.000000
vt 0.109091 1.000000
vt 0.109091 0.000000
vt 0.127273 1.000000
vt 0.127273 0.000000
vt 0.145455 1.000000
vt 0.145455 0.000000
vt 0.163636 1.000000
vt 0.163636 0.000000
vt 0.181818 1.000000
vt 0.181818 0.000000
vt 0.218182 1.000000
vt 0.218182 0.000000
vt 0.236364 1.000000
vt 0.236364 0.000000
vt 0.254545 1.000000
vt 0.254545 0.000000
vt 0.272727 1.000000
vt 0.272727 0.000000
vt 0.290909 1.000000
vt 0.290909 0.000000
vt 0.309091 1.000000
vt 0.309091 0.000000
vt 0.327273 1.000000
vt 0.327273 0.000000
vt 0.345455 1.000000
vt 0.345455 0.000000
vt 0.363636 1.000000
vt 0.363636 0.000000
vt 0.381818 1.000000
vt 0.381818 0.000000
vt 0.418182 1.000000
vt 0.418182 0.000000
vt 0.436364 1.000000
vt 0.436364 0.000000
vt 0.454545 1.000000
vt 0.454545 0.000000
vt 0.472727 1.000000
vt 0.472727 0.000000
vt 0.490909 1.000000
vt 0.490909 0.000000
vt 0.509091 1.000000
vt 0.509091 0.000000
vt 0.527273 1.000000
vt 0.527273 0.000000
vt 0.545455 1.000000
vt 0.545455 0.000000
vt 0.563636 1.000000
vt 0.563636 0.000000
vt 0.581818 1.000000
vt 0.581818 0.000000
vt 0.618182 1.000000
vt 0.618182 0.000000
vt 0.636364 1.000000
vt 0.636364 0.000000
vt 0.654545 1.000000
vt 0.654545 0.000000
vt 0.672727 1.000000
vt 0.672727 0.000000
vt 0.690909 1.000000
vt 0.690909 0.000000
vt 0.709091 1.000000
vt 0.709091 0.000000
vt 0.727273 1.000000
vt 0.727273 0.000000
vt 0.745455 1.000000
vt 0.745455 0.000000
vt 0.763636 1.000000
vt 0.763636 0.000000
vt 0.781818 1.000000
vt 0.781818 0.000000
vt 0.818182 1.000000
vt 0.818182 0.000000
vt 0.836364 1.000000
vt 0.836364 0.000000
vt 0.854545 1.000000
vt 0.854545 0.000000
vt 0.872727 1.000000
vt 0.872727 0.000000
vt 0.890909 1.000000
vt 0.890909 0.000000
vt 0.909091 1.000000
vt 0.909091 0.000000
vt 0.927273 1.000000
vt 0.927273 0.000000
vt 0.945455 1.000000
vt 0.945455 0.000000
vt 0.963636 1.000000
vt 0.963636 0.000000
vt 0.981818 1.000000
vt 0.981818 0.000000
s 0
usemtl マテリアル
f 13/1/1 15/2/1 14/3/1
f 13/1/1 16/4/1 15/2/1
f 12/5/1 16/4/1 13/1/1
f 12/5/1 17/6/1 16/4/1
f 11/7/1 17/6/1 12/5/1
f 11/7/1 18/8/1 17/6/1
f 11/7/1 19/9/1 18/8/1
f 10/10/1 19/9/1 11/7/1
f 10/10/1 20/11/1 19/9/1
f 53/12/1 55/13/1 54/14/1
f 53/12/1 1/15/1 55/13/1
f 9/16/1 20/11/1 10/10/1
f 9/16/1 21/17/1 20/11/1
f 9/16/1 22/18/1 21/17/1
f 8/19/1 22/18/1 9/16/1
f 8/19/1 23/20/1 22/18/1
f 7/21/1 23/20/1 8/19/1
f 7/21/1 24/22/1 23/20/1
f 7/21/1 25/23/1 24/22/1
f 6/24/1 25/23/1 7/21/1
f 6/24/1 26/25/1 25/23/1
f 5/26/1 26/25/1 6/24/1
f 5/26/1 36/27/1 26/25/1
f 36/27/1 35/28/1 26/25/1
f 35/28/1 34/29/1 26/25/1
f 34/29/1 33/30/1 26/25/1
f 33/30/1 32/31/1 26/25/1
f 32/31/1 31/32/1 26/25/1
f 31/32/1 30/33/1 26/25/1
f 30/33/1 29/34/1 26/25/1
f 29/34/1 28/35/1 26/25/1
f 28/35/1 27/36/1 26/25/1
f 4/37/1 38/38/1 5/26/1
f 38/38/1 37/39/1 5/26/1
f 37/39/1 36/27/1 5/26/1
f 3/40/1 40/41/1 4/37/1
f 40/41/1 39/42/1 4/37/1
f 39/42/1 38/38/1 4/37/1
f 3/40/1 41/43/1 40/41/1
f 3/40/1 42/44/1 41/43/1
f 2/45/1 42/44/1 3/40/1
f 2/45/1 43/46/1 42/44/1
f 2/45/1 44/47/1 43/46/1
f 53/12/1 2/45/1 1/15/1
f 53/12/1 48/48/1 2/45/1
f 48/48/1 47/49/1 2/45/1
f 47/49/1 46/50/1 2/45/1
f 46/50/1 45/51/1 2/45/1
f 45/51/1 44/47/1 2/45/1
f 53/12/1 49/52/1 48/48/1
f 53/12/1 50/53/1 49/52/1
f 53/12/1 51/54/1 50/53/1
f 53/12/1 52/55/1 51/54/1
f 153/56/1 155/57/1 154/58/1
f 152/59/1 155/57/1 153/56/1
f 152/59/1 156/60/1 155/57/1
f 151/61/1 156/60/1 152/59/1
f 150/62/1 156/60/1 151/61/1
f 150/62/1 157/63/1 156/60/1
f 149/64/1 157/63/1 150/62/1
f 149/64/1 158/65/1 157/63/1
f 148/66/1 158/65/1 149/64/1
f 147/67/1 158/65/1 148/66/1
f 147/67/1 159/68/1 158/65/1
f 146/69/1 159/68/1 147/67/1
f 146/69/1 160/70/1 159/68/1
f 145/71/1 160/70/1 146/69/1
f 144/72/1 160/70/1 145/71/1
f 144/72/1 161/73/1 160/70/1
f 143/74/1 161/73/1 144/72/1
f 143/74/1 162/75/1 161/73/1
f 142/76/1 162/75/1 143/74/1
f 141/77/1 140/78/1 142/76/1
f 140/78/1 139/79/1 142/76/1
f 139/79/1 138/80/1 142/76/1
f 138/80/1 137/81/1 142/76/1
f 137/81/1 136/82/1 142/76/1
f 136/82/1 135/83/1 142/76/1
f 135/83/1 134/84/1 142/76/1
f 134/84/1 133/85/1 142/76/1
f 133/85/1 132/86/1 142/76/1
f 132/86/1 131/87/1 142/76/1
f 131/87/1 162/75/1 142/76/1
f 131/87/1 130/88/1 162/75/1
f 130/88/1 129/89/1 162/75/1
f 129/89/1 163/90/1 162/75/1
f 129/89/1 128/91/1 163/90/1
f 128/91/1 164/92/1 163/90/1
f 127/93/1 164/92/1 128/91/1
f 126/94/1 164/92/1 127/93/1
f 125/95/1 164/92/1 126/94/1
f 124/96/1 164/92/1 125/95/1
f 123/97/1 164/92/1 124/96/1
f 123/97/1 165/98/1 164/92/1
f 122/99/1 165/98/1 123/97/1
f 121/100/1 165/98/1 122/99/1
f 120/101/1 165/98/1 121/100/1
f 120/101/1 166/102/1 165/98/1
f 119/103/1 166/102/1 120/101/1
f 118/104/1 166/102/1 119/103/1
f 118/104/1 167/105/1 166/102/1
f 117/106/1 167/105/1 118/104/1
f 116/107/1 167/105/1 117/106/1
f 115/108/1 229/13/1 116/107/1
f 229/13/1 167/105/1 116/107/1
f 114/109/1 229/13/1 115/108/1
f 113/110/1 229/13/1 114/109/1
f 112/111/1 229/13/1 113/110/1
f 111/112/1 229/13/1 112/111/1
f 111/112/1 193/113/1 229/13/1
f 228/114/1 167/105/1 229/13/1
f 111/112/1 194/115/1 193/113/1
f 110/116/1 194/115/1 111/112/1
f 110/116/1 195/117/1 194/115/1
f 109/118/1 195/117/1 110/116/1
f 109/118/1 196/119/1 195/117/1
f 108/120/1 196/119/1 109/118/1
f 108/120/1 197/121/1 196/119/1
f 108/120/1 198/122/1 197/121/1
f 107/123/1 198/122/1 108/120/1
f 107/123/1 199/124/1 198/122/1
f 106/125/1 199/124/1 107/123/1
f 106/125/1 200/126/1 199/124/1
f 106/125/1 201/127/1 200/126/1
f 105/128/1 201/127/1 106/125/1
f 105/128/1 202/129/1 201/127/1
f 105/128/1 203/130/1 202/129/1
f 104/131/1 203/130/1 105/128/1
f 104/131/1 204/132/1 203/130/1
f 103/133/1 204/132/1 104/131/1
f 103/133/1 205/134/1 204/132/1
f 103/133/1 206/135/1 205/134/1
f 102/136/1 206/135/1 103/133/1
f 102/136/1 207/137/1 206/135/1
f 102/136/1 208/138/1 207/137/1
f 227/139/1 167/105/1 228/114/1
f 101/140/1 208/138/1 102/136/1
f 226/141/1 167/105/1 227/139/1
f 101/140/1 209/142/1 208/138/1
f 225/143/1 167/105/1 226/141/1
f 190/144/1 192/145/1 191/146/1
f 225/143/1 168/147/1 167/105/1
f 101/140/1 210/148/1 209/142/1
f 189/149/1 192/145/1 190/144/1
f 224/150/1 168/147/1 225/143/1
f 224/150/1 169/151/1 168/147/1
f 188/152/1 192/145/1 189/149/1
f 100/153/1 210/148/1 101/140/1
f 100/153/1 211/154/1 210/148/1
f 224/150/1 170/155/1 169/151/1
f 223/156/1 170/155/1 224/150/1
f 187/157/1 192/145/1 188/152/1
f 223/156/1 171/158/1 170/155/1
f 222/159/1 171/158/1 223/156/1
f 186/160/1 192/145/1 187/157/1
f 100/153/1 212/161/1 211/154/1
f 222/159/1 172/162/1 171/158/1
f 185/163/1 192/145/1 186/160/1
f 221/164/1 172/162/1 222/159/1
f 221/164/1 173/165/1 172/162/1
f 184/166/1 192/145/1 185/163/1
f 100/153/1 213/167/1 212/161/1
f 221/164/1 174/168/1 173/165/1
f 220/169/1 174/168/1 221/164/1
f 183/170/1 192/145/1 184/166/1
f 220/169/1 175/171/1 174/168/1
f 99/172/1 213/167/1 100/153/1
f 182/173/1 192/145/1 183/170/1
f 99/172/1 214/174/1 213/167/1
f 219/175/1 175/171/1 220/169/1
f 219/175/1 176/176/1 175/171/1
f 181/177/1 192/145/1 182/173/1
f 219/175/1 177/178/1 176/176/1
f 180/179/1 192/145/1 181/177/1
f 218/180/1 177/178/1 219/175/1
f 218/180/1 178/181/1 177/178/1
f 179/182/1 192/145/1 180/179/1
f 218/180/1 179/182/1 178/181/1
f 99/172/1 215/183/1 214/174/1
f 218/180/1 192/145/1 179/182/1
f 217/184/1 192/145/1 218/180/1
f 99/172/1 216/185/1 215/183/1
f 216/185/1 192/145/1 217/184/1
f 99/172/1 79/186/1 216/185/1
f 79/186/1 192/145/1 216/185/1
f 98/187/1 79/186/1 99/172/1
f 98/187/1 80/188/1 79/186/1
f 78/189/1 192/145/1 79/186/1
f 97/190/1 80/188/1 98/187/1
f 97/190/1 81/191/1 80/188/1
f 77/192/1 192/145/1 78/189/1
f 77/192/1 56/15/1 192/145/1
f 96/193/1 81/191/1 97/190/1
f 96/193/1 82/194/1 81/191/1
f 76/195/1 56/15/1 77/192/1
f 76/195/1 57/196/1 56/15/1
f 96/193/1 83/197/1 82/194/1
f 75/198/1 57/196/1 76/195/1
f 95/199/1 83/197/1 96/193/1
f 75/198/1 58/200/1 57/196/1
f 95/199/1 84/201/1 83/197/1
f 74/202/1 58/200/1 75/198/1
f 74/202/1 59/203/1 58/200/1
f 94/204/1 84/201/1 95/199/1
f 94/204/1 85/205/1 84/201/1
f 73/206/1 59/203/1 74/202/1
f 73/206/1 60/207/1 59/203/1
f 94/204/1 86/208/1 85/205/1
f 72/209/1 60/207/1 73/206/1
f 72/209/1 61/210/1 60/207/1
f 93/211/1 86/208/1 94/204/1
f 93/211/1 87/212/1 86/208/1
f 71/213/1 61/210/1 72/209/1
f 71/213/1 62/214/1 61/210/1
f 93/211/1 88/215/1 87/212/1
f 71/213/1 63/216/1 62/214/1
f 70/217/1 63/216/1 71/213/1
f 92/218/1 88/215/1 93/211/1
f 70/217/1 64/219/1 63/216/1
f 92/218/1 89/220/1 88/215/1
f 69/221/1 64/219/1 70/217/1
f 69/221/1 65/222/1 64/219/1
f 92/218/1 90/223/1 89/220/1
f 68/224/1 65/222/1 69/221/1
f 91/225/1 90/223/1 92/218/1
f 68/224/1 66/226/1 65/222/1
f 67/227/1 66/226/1 68/224/1
f 264/228/1 266/229/1 265/230/1
f 264/228/1 267/231/1 266/229/1
f 263/232/1 267/231/1 264/228/1
f 263/232/1 268/233/1 267/231/1
f 262/234/1 268/233/1 263/232/1
f 262/234/1 269/235/1 268/233/1
f 261/236/1 269/235/1 262/234/1
f 261/236/1 270/237/1 269/235/1
f 260/238/1 270/237/1 261/236/1
f 260/238/1 271/239/1 270/237/1
f 259/240/1 271/239/1 260/238/1
f 259/240/1 272/241/1 271/239/1
f 258/242/1 315/243/1 259/240/1
f 315/243/1 272/241/1 259/240/1
f 258/242/1 316/244/1 315/243/1
f 314/245/1 272/241/1 315/243/1
f 258/242/1 317/246/1 316/244/1
f 313/247/1 272/241/1 314/245/1
f 258/242/1 318/248/1 317/246/1
f 312/249/1 272/241/1 313/247/1
f 312/249/1 273/250/1 272/241/1
f 258/242/1 319/251/1 318/248/1
f 257/252/1 319/251/1 258/242/1
f 311/253/1 273/250/1 312/249/1
f 257/252/1 320/254/1 319/251/1
f 310/255/1 273/250/1 311/253/1
f 257/252/1 321/256/1 320/254/1
f 309/257/1 273/250/1 310/255/1
f 257/252/1 322/258/1 321/256/1
f 308/259/1 273/250/1 309/257/1
f 256/260/1 322/258/1 257/252/1
f 308/259/1 274/261/1 273/250/1
f 256/260/1 323/262/1 322/258/1
f 307/263/1 274/261/1 308/259/1
f 256/260/1 324/264/1 323/262/1
f 306/265/1 274/261/1 307/263/1
f 255/266/1 324/264/1 256/260/1
f 306/265/1 275/267/1 274/261/1
f 255/266/1 325/268/1 324/264/1
f 305/269/1 275/267/1 306/265/1
f 255/266/1 326/270/1 325/268/1
f 304/271/1 275/267/1 305/269/1
f 254/272/1 326/270/1 255/266/1
f 254/272/1 327/273/1 326/270/1
f 304/271/1 276/274/1 275/267/1
f 328/13/1 276/274/1 304/271/1
f 254/272/1 328/13/1 327/273/1
f 254/272/1 276/274/1 328/13/1
f 253/275/1 276/274/1 254/272/1
f 253/275/1 277/276/1 276/274/1
f 252/277/1 278/278/1 253/275/1
f 278/278/1 277/276/1 253/275/1
f 252/277/1 279/35/1 278/278/1
f 251/279/1 279/35/1 252/277/1
f 251/279/1 280/280/1 279/35/1
f 251/279/1 281/281/1 280/280/1
f 250/282/1 281/281/1 251/279/1
f 250/282/1 282/283/1 281/281/1
f 249/284/1 282/283/1 250/282/1
f 249/284/1 283/285/1 282/283/1
f 301/286/1 303/287/1 302/288/1
f 249/284/1 284/289/1 283/285/1
f 300/290/1 303/287/1 301/286/1
f 299/291/1 303/287/1 300/290/1
f 248/292/1 284/289/1 249/284/1
f 248/292/1 285/293/1 284/289/1
f 298/294/1 303/287/1 299/291/1
f 297/295/1 303/287/1 298/294/1
f 248/292/1 286/296/1 285/293/1
f 296/297/1 303/287/1 297/295/1
f 248/292/1 287/298/1 286/296/1
f 295/299/1 303/287/1 296/297/1
f 247/300/1 287/298/1 248/292/1
f 294/301/1 303/287/1 295/299/1
f 247/300/1 288/302/1 287/298/1
f 293/303/1 303/287/1 294/301/1
f 247/300/1 289/304/1 288/302/1
f 292/305/1 303/287/1 293/303/1
f 291/306/1 303/287/1 292/305/1
f 247/300/1 290/307/1 289/304/1
f 290/307/1 303/287/1 291/306/1
f 247/300/1 303/287/1 290/307/1
f 246/308/1 303/287/1 247/300/1
f 246/308/1 230/15/1 303/287/1
f 245/309/1 230/15/1 246/308/1
f 245/309/1 231/310/1 230/15/1
f 245/309/1 232/311/1 231/310/1
f 244/312/1 232/311/1 245/309/1
f 244/312/1 233/313/1 232/311/1
f 244/312/1 234/314/1 233/313/1
f 243/315/1 234/314/1 244/312/1
f 243/315/1 235/316/1 234/314/1
f 243/315/1 236/317/1 235/316/1
f 242/318/1 236/317/1 243/315/1
f 242/318/1 237/319/1 236/317/1
f 242/318/1 238/320/1 237/319/1
f 242/318/1 239/321/1 238/320/1
f 241/322/1 239/321/1 242/318/1
f 241/322/1 240/323/1 239/321/1
f 329/15/1 331/39/1 330/9/1
f 329/15/1 332/13/1 331/39/1
f 416/324/1 418/325/1 417/326/1
f 416/324/1 419/327/1 418/325/1
f 416/324/1 420/328/1 419/327/1
f 415/329/1 420/328/1 416/324/1
f 415/329/1 421/330/1 420/328/1
f 415/329/1 422/331/1 421/330/1
f 415/329/1 423/332/1 422/331/1
f 414/333/1 423/332/1 415/329/1
f 414/333/1 424/334/1 423/332/1
f 414/333/1 425/335/1 424/334/1
f 414/333/1 426/336/1 425/335/1
f 413/337/1 426/336/1 414/333/1
f 413/337/1 427/338/1 426/336/1
f 413/337/1 428/339/1 427/338/1
f 413/337/1 429/340/1 428/339/1
f 412/341/1 429/340/1 413/337/1
f 412/341/1 342/342/1 429/340/1
f 342/342/1 341/343/1 429/340/1
f 341/343/1 340/344/1 429/340/1
f 340/344/1 339/345/1 429/340/1
f 339/345/1 338/346/1 429/340/1
f 338/346/1 337/347/1 429/340/1
f 337/347/1 336/348/1 429/340/1
f 336/348/1 335/349/1 429/340/1
f 335/349/1 334/350/1 429/340/1
f 334/350/1 333/15/1 429/340/1
f 333/15/1 430/13/1 429/340/1
f 411/351/1 344/352/1 412/341/1
f 344/352/1 343/353/1 412/341/1
f 343/353/2 342/342/2 412/341/2
f 411/351/1 345/354/1 344/352/1
f 411/351/1 346/355/1 345/354/1
f 411/351/1 347/356/1 346/355/1
f 410/357/1 347/356/1 411/351/1
f 410/357/1 348/358/1 347/356/1
f 410/357/1 349/359/1 348/358/1
f 409/360/1 349/359/1 410/357/1
f 409/360/1 350/361/1 349/359/1
f 409/360/1 351/362/1 350/361/1
f 408/363/1 351/362/1 409/360/1
f 408/363/1 352/364/1 351/362/1
f 407/365/1 352/364/1 408/363/1
f 407/365/1 353/366/1 352/364/1
f 407/365/1 354/367/1 353/366/1
f 406/368/1 354/367/1 407/365/1
f 406/368/1 355/369/1 354/367/1
f 405/370/1 355/369/1 406/368/1
f 405/370/1 356/371/1 355/369/1
f 405/370/1 357/372/1 356/371/1
f 404/373/1 357/372/1 405/370/1
f 404/373/1 358/374/1 357/372/1
f 403/375/1 358/374/1 404/373/1
f 403/375/1 359/376/1 358/374/1
f 402/377/1 359/376/1 403/375/1
f 402/377/1 360/378/1 359/376/1
f 401/379/1 360/378/1 402/377/1
f 401/379/1 361/380/1 360/378/1
f 400/381/1 361/380/1 401/379/1
f 400/381/1 362/382/1 361/380/1
f 379/383/1 381/384/1 380/385/1
f 400/381/1 363/386/1 362/382/1
f 378/387/1 381/384/1 379/383/1
f 399/388/1 363/386/1 400/381/1
f 377/389/1 381/384/1 378/387/1
f 399/388/1 364/390/1 363/386/1
f 376/391/1 381/384/1 377/389/1
f 375/392/1 381/384/1 376/391/1
f 399/388/1 365/393/1 364/390/1
f 374/394/1 381/384/1 375/392/1
f 398/395/1 365/393/1 399/388/1
f 373/396/1 381/384/1 374/394/1
f 398/395/1 366/397/1 365/393/1
f 372/398/1 381/384/1 373/396/1
f 371/399/1 381/384/1 372/398/1
f 398/395/1 367/400/1 366/397/1
f 370/401/1 381/384/1 371/399/1
f 369/402/1 381/384/1 370/401/1
f 398/395/1 368/403/1 367/400/1
f 368/403/1 381/384/1 369/402/1
f 398/395/1 381/384/1 368/403/1
f 397/404/1 381/384/1 398/395/1
f 397/404/1 382/405/1 381/384/1
f 396/406/1 382/405/1 397/404/1
f 396/406/1 383/407/1 382/405/1
f 396/406/1 384/408/1 383/407/1
f 396/406/1 385/409/1 384/408/1
f 395/410/1 385/409/1 396/406/1
f 395/410/1 386/411/1 385/409/1
f 395/410/1 387/412/1 386/411/1
f 395/410/1 388/413/1 387/412/1
f 394/414/1 388/413/1 395/410/1
f 394/414/1 389/415/1 388/413/1
f 394/414/1 390/416/1 389/415/1
f 394/414/1 391/417/1 390/416/1
f 393/418/1 391/417/1 394/414/1
f 393/418/1 392/419/1 391/417/1
f 443/1/3 444/3/3 445/2/3
f 443/1/3 445/2/3 446/4/3
f 442/5/3 443/1/3 446/4/3
f 442/5/3 446/4/3 447/6/3
f 441/7/3 442/5/3 447/6/3
f 441/7/3 447/6/3 448/8/3
f 441/7/3 448/8/3 449/9/3
f 440/10/3 441/7/3 449/9/3
f 440/10/3 449/9/3 450/11/3
f 483/12/3 484/14/3 485/13/3
f 483/12/3 485/13/3 431/15/3
f 439/16/3 440/10/3 450/11/3
f 439/16/3 450/11/3 451/17/3
f 439/16/3 451/17/3 452/18/3
f 438/19/3 439/16/3 452/18/3
f 438/19/3 452/18/3 453/20/3
f 437/21/3 438/19/3 453/20/3
f 437/21/3 453/20/3 454/22/3
f 437/21/3 454/22/3 455/23/3
f 436/24/3 437/21/3 455/23/3
f 436/24/3 455/23/3 456/25/3
f 435/26/3 436/24/3 456/25/3
f 435/26/3 456/25/3 466/27/3
f 466/27/3 456/25/3 465/28/3
f 465/28/3 456/25/3 464/29/3
f 464/29/3 456/25/3 463/30/3
f 463/30/3 456/25/3 462/31/3
f 462/31/3 456/25/3 461/32/3
f 461/32/3 456/25/3 460/33/3
f 460/33/3 456/25/3 459/34/3
f 459/34/3 456/25/3 458/35/3
f 458/35/3 456/25/3 457/36/3
f 434/37/3 435/26/3 468/38/3
f 468/38/3 435/26/3 467/39/3
f 467/39/3 435/26/3 466/27/3
f 433/40/3 434/37/3 470/41/3
f 470/41/3 434/37/3 469/42/3
f 469/42/3 434/37/3 468/38/3
f 433/40/3 470/41/3 471/43/3
f 433/40/3 471/43/3 472/44/3
f 432/45/3 433/40/3 472/44/3
f 432/45/3 472/44/3 473/46/3
f 432/45/3 473/46/3 474/47/3
f 483/12/3 431/15/3 432/45/3
f 483/12/3 432/45/3 478/48/3
f 478/48/3 432/45/3 477/49/3
f 477/49/3 432/45/3 476/50/3
f 476/50/3 432/45/3 475/51/3
f 475/51/3 432/45/3 474/47/3
f 483/12/3 478/48/3 479/52/3
f 483/12/3 479/52/3 480/53/3
f 483/12/3 480/53/3 481/54/3
f 483/12/3 481/54/3 482/55/3
f 583/56/3 584/58/3 585/57/3
f 582/59/3 583/56/3 585/57/3
f 582/59/3 585/57/3 586/60/3
f 581/61/3 582/59/3 586/60/3
f 580/62/3 581/61/3 586/60/3
f 580/62/3 586/60/3 587/63/3
f 579/64/3 580/62/3 587/63/3
f 579/64/3 587/63/3 588/65/3
f 578/66/3 579/64/3 588/65/3
f 577/67/3 578/66/3 588/65/3
f 577/67/3 588/65/3 589/68/3
f 576/69/3 577/67/3 589/68/3
f 576/69/3 589/68/3 590/70/3
f 575/71/3 576/69/3 590/70/3
f 574/72/3 575/71/3 590/70/3
f 574/72/3 590/70/3 591/73/3
f 573/74/3 574/72/3 591/73/3
f 573/74/3 591/73/3 592/75/3
f 572/76/3 573/74/3 592/75/3
f 571/77/3 572/76/3 570/78/3
f 570/78/3 572/76/3 569/79/3
f 569/79/3 572/76/3 568/80/3
f 568/80/3 572/76/3 567/81/3
f 567/81/3 572/76/3 566/82/3
f 566/82/3 572/76/3 565/83/3
f 565/83/3 572/76/3 564/84/3
f 564/84/3 572/76/3 563/85/3
f 563/85/3 572/76/3 562/86/3
f 562/86/3 572/76/3 561/87/3
f 561/87/3 572/76/3 592/75/3
f 561/87/3 592/75/3 560/88/3
f 560/88/3 592/75/3 559/89/3
f 559/89/3 592/75/3 593/90/3
f 559/89/3 593/90/3 558/91/3
f 558/91/3 593/90/3 594/92/3
f 557/93/3 558/91/3 594/92/3
f 556/94/3 557/93/3 594/92/3
f 555/95/3 556/94/3 594/92/3
f 554/96/3 555/95/3 594/92/3
f 553/97/3 554/96/3 594/92/3
f 553/97/3 594/92/3 595/98/3
f 552/99/3 553/97/3 595/98/3
f 551/100/3 552/99/3 595/98/3
f 550/101/3 551/100/3 595/98/3
f 550/101/3 595/98/3 596/102/3
f 549/103/3 550/101/3 596/102/3
f 548/104/3 549/103/3 596/102/3
f 548/104/3 596/102/3 597/105/3
f 547/106/3 548/104/3 597/105/3
f 546/107/3 547/106/3 597/105/3
f 545/108/3 546/107/3 659/13/3
f 659/13/3 546/107/3 597/105/3
f 544/109/3 545/108/3 659/13/3
f 543/110/3 544/109/3 659/13/3
f 542/111/3 543/110/3 659/13/3
f 541/112/3 542/111/3 659/13/3
f 541/112/3 659/13/3 623/113/3
f 658/114/3 659/13/3 597/105/3
f 541/112/3 623/113/3 624/115/3
f 540/116/3 541/112/3 624/115/3
f 540/116/3 624/115/3 625/117/3
f 539/118/3 540/116/3 625/117/3
f 539/118/3 625/117/3 626/119/3
f 538/120/3 539/118/3 626/119/3
f 538/120/3 626/119/3 627/121/3
f 538/120/3 627/121/3 628/122/3
f 537/123/3 538/120/3 628/122/3
f 537/123/3 628/122/3 629/124/3
f 536/125/3 537/123/3 629/124/3
f 536/125/3 629/124/3 630/126/3
f 536/125/3 630/126/3 631/127/3
f 535/128/3 536/125/3 631/127/3
f 535/128/3 631/127/3 632/129/3
f 535/128/3 632/129/3 633/130/3
f 534/131/3 535/128/3 633/130/3
f 534/131/3 633/130/3 634/132/3
f 533/133/3 534/131/3 634/132/3
f 533/133/3 634/132/3 635/134/3
f 533/133/3 635/134/3 636/135/3
f 532/136/3 533/133/3 636/135/3
f 532/136/3 636/135/3 637/137/3
f 532/136/3 637/137/3 638/138/3
f 657/139/3 658/114/3 597/105/3
f 531/140/3 532/136/3 638/138/3
f 656/141/3 657/139/3 597/105/3
f 531/140/3 638/138/3 639/142/3
f 655/143/3 656/141/3 597/105/3
f 620/144/3 621/146/3 622/145/3
f 655/143/3 597/105/3 598/147/3
f 531/140/3 639/142/3 640/148/3
f 619/149/3 620/144/3 622/145/3
f 654/150/3 655/143/3 598/147/3
f 654/150/3 598/147/3 599/151/3
f 618/152/3 619/149/3 622/145/3
f 530/153/3 531/140/3 640/148/3
f 530/153/3 640/148/3 641/154/3
f 654/150/3 599/151/3 600/155/3
f 653/156/3 654/150/3 600/155/3
f 617/157/3 618/152/3 622/145/3
f 653/156/3 600/155/3 601/158/3
f 652/159/3 653/156/3 601/158/3
f 616/160/3 617/157/3 622/145/3
f 530/153/3 641/154/3 642/161/3
f 652/159/3 601/158/3 602/162/3
f 615/163/3 616/160/3 622/145/3
f 651/164/3 652/159/3 602/162/3
f 651/164/3 602/162/3 603/165/3
f 614/166/3 615/163/3 622/145/3
f 530/153/3 642/161/3 643/167/3
f 651/164/3 603/165/3 604/168/3
f 650/169/3 651/164/3 604/168/3
f 613/170/3 614/166/3 622/145/3
f 650/169/3 604/168/3 605/171/3
f 529/172/3 530/153/3 643/167/3
f 612/173/3 613/170/3 622/145/3
f 529/172/3 643/167/3 644/174/3
f 649/175/3 650/169/3 605/171/3
f 649/175/3 605/171/3 606/176/3
f 611/177/3 612/173/3 622/145/3
f 649/175/3 606/176/3 607/178/3
f 610/179/3 611/177/3 622/145/3
f 648/180/3 649/175/3 607/178/3
f 648/180/3 607/178/3 608/181/3
f 609/182/3 610/179/3 622/145/3
f 648/180/3 608/181/3 609/182/3
f 529/172/3 644/174/3 645/183/3
f 648/180/3 609/182/3 622/145/3
f 647/184/3 648/180/3 622/145/3
f 529/172/3 645/183/3 646/185/3
f 646/185/3 647/184/3 622/145/3
f 529/172/3 646/185/3 509/186/3
f 509/186/3 646/185/3 622/145/3
f 528/187/3 529/172/3 509/186/3
f 528/187/3 509/186/3 510/188/3
f 508/189/3 509/186/3 622/145/3
f 527/190/3 528/187/3 510/188/3
f 527/190/3 510/188/3 511/191/3
f 507/192/3 508/189/3 622/145/3
f 507/192/3 622/145/3 486/15/3
f 526/193/3 527/190/3 511/191/3
f 526/193/3 511/191/3 512/194/3
f 506/195/3 507/192/3 486/15/3
f 506/195/3 486/15/3 487/196/3
f 526/193/3 512/194/3 513/197/3
f 505/198/3 506/195/3 487/196/3
f 525/199/3 526/193/3 513/197/3
f 505/198/3 487/196/3 488/200/3
f 525/199/3 513/197/3 514/201/3
f 504/202/3 505/198/3 488/200/3
f 504/202/3 488/200/3 489/203/3
f 524/204/3 525/199/3 514/201/3
f 524/204/3 514/201/3 515/205/3
f 503/206/3 504/202/3 489/203/3
f 503/206/3 489/203/3 490/207/3
f 524/204/3 515/205/3 516/208/3
f 502/209/3 503/206/3 490/207/3
f 502/209/3 490/207/3 491/210/3
f 523/211/3 524/204/3 516/208/3
f 523/211/3 516/208/3 517/212/3
f 501/213/3 502/209/3 491/210/3
f 501/213/3 491/210/3 492/214/3
f 523/211/3 517/212/3 518/215/3
f 501/213/3 492/214/3 493/216/3
f 500/217/3 501/213/3 493/216/3
f 522/218/3 523/211/3 518/215/3
f 500/217/3 493/216/3 494/219/3
f 522/218/3 518/215/3 519/220/3
f 499/221/3 500/217/3 494/219/3
f 499/221/3 494/219/3 495/222/3
f 522/218/3 519/220/3 520/223/3
f 498/224/3 499/221/3 495/222/3
f 521/225/3 522/218/3 520/223/3
f 498/224/3 495/222/3 496/226/3
f 497/227/3 498/224/3 496/226/3
f 694/228/3 695/230/3 696/229/3
f 694/228/3 696/229/3 697/231/3
f 693/232/3 694/228/3 697/231/3
f 693/232/3 697/231/3 698/233/3
f 692/234/3 693/232/3 698/233/3
f 692/234/3 698/233/3 699/235/3
f 691/236/3 692/234/3 699/235/3
f 691/236/3 699/235/3 700/237/3
f 690/238/3 691/236/3 700/237/3
f 690/238/3 700/237/3 701/239/3
f 689/240/3 690/238/3 701/239/3
f 689/240/3 701/239/3 702/241/3
f 688/242/3 689/240/3 745/243/3
f 745/243/3 689/240/3 702/241/3
f 688/242/3 745/243/3 746/244/3
f 744/245/3 745/243/3 702/241/3
f 688/242/3 746/244/3 747/246/3
f 743/247/3 744/245/3 702/241/3
f 688/242/3 747/246/3 748/248/3
f 742/249/3 743/247/3 702/241/3
f 742/249/3 702/241/3 703/250/3
f 688/242/3 748/248/3 749/251/3
f 687/252/3 688/242/3 749/251/3
f 741/253/3 742/249/3 703/250/3
f 687/252/3 749/251/3 750/254/3
f 740/255/3 741/253/3 703/250/3
f 687/252/3 750/254/3 751/256/3
f 739/257/3 740/255/3 703/250/3
f 687/252/3 751/256/3 752/258/3
f 738/259/3 739/257/3 703/250/3
f 686/260/3 687/252/3 752/258/3
f 738/259/3 703/250/3 704/261/3
f 686/260/3 752/258/3 753/262/3
f 737/263/3 738/259/3 704/261/3
f 686/260/3 753/262/3 754/264/3
f 736/265/3 737/263/3 704/261/3
f 685/266/3 686/260/3 754/264/3
f 736/265/3 704/261/3 705/267/3
f 685/266/3 754/264/3 755/268/3
f 735/269/3 736/265/3 705/267/3
f 685/266/3 755/268/3 756/270/3
f 734/271/3 735/269/3 705/267/3
f 684/272/3 685/266/3 756/270/3
f 684/272/3 756/270/3 757/273/3
f 734/271/3 705/267/3 706/274/3
f 758/13/3 734/271/3 706/274/3
f 684/272/3 757/273/3 758/13/3
f 684/272/3 758/13/3 706/274/3
f 683/275/3 684/272/3 706/274/3
f 683/275/3 706/274/3 707/276/3
f 682/277/3 683/275/3 708/278/3
f 708/278/3 683/275/3 707/276/3
f 682/277/3 708/278/3 709/35/3
f 681/279/3 682/277/3 709/35/3
f 681/279/3 709/35/3 710/280/3
f 681/279/3 710/280/3 711/281/3
f 680/282/3 681/279/3 711/281/3
f 680/282/3 711/281/3 712/283/3
f 679/284/3 680/282/3 712/283/3
f 679/284/3 712/283/3 713/285/3
f 731/286/3 732/288/3 733/287/3
f 679/284/3 713/285/3 714/289/3
f 730/290/3 731/286/3 733/287/3
f 729/291/3 730/290/3 733/287/3
f 678/292/3 679/284/3 714/289/3
f 678/292/3 714/289/3 715/293/3
f 728/294/3 729/291/3 733/287/3
f 727/295/3 728/294/3 733/287/3
f 678/292/3 715/293/3 716/296/3
f 726/297/3 727/295/3 733/287/3
f 678/292/3 716/296/3 717/298/3
f 725/299/3 726/297/3 733/287/3
f 677/300/3 678/292/3 717/298/3
f 724/301/3 725/299/3 733/287/3
f 677/300/3 717/298/3 718/302/3
f 723/303/3 724/301/3 733/287/3
f 677/300/3 718/302/3 719/304/3
f 722/305/3 723/303/3 733/287/3
f 721/306/3 722/305/3 733/287/3
f 677/300/3 719/304/3 720/307/3
f 720/307/3 721/306/3 733/287/3
f 677/300/3 720/307/3 733/287/3
f 676/308/3 677/300/3 733/287/3
f 676/308/3 733/287/3 660/15/3
f 675/309/3 676/308/3 660/15/3
f 675/309/3 660/15/3 661/310/3
f 675/309/3 661/310/3 662/311/3
f 674/312/3 675/309/3 662/311/3
f 674/312/3 662/311/3 663/313/3
f 674/312/3 663/313/3 664/314/3
f 673/315/3 674/312/3 664/314/3
f 673/315/3 664/314/3 665/316/3
f 673/315/3 665/316/3 666/317/3
f 672/318/3 673/315/3 666/317/3
f 672/318/3 666/317/3 667/319/3
f 672/318/3 667/319/3 668/320/3
f 672/318/3 668/320/3 669/321/3
f 671/322/3 672/318/3 669/321/3
f 671/322/3 669/321/3 670/323/3
f 759/15/3 760/9/3 761/39/3
f 759/15/3 761/39/3 762/13/3
f 846/324/3 847/326/3 848/325/3
f 846/324/3 848/325/3 849/327/3
f 846/324/3 849/327/3 850/328/3
f 845/329/3 846/324/3 850/328/3
f 845/329/3 850/328/3 851/330/3
f 845/329/3 851/330/3 852/331/3
f 845/329/3 852/331/3 853/332/3
f 844/333/3 845/329/3 853/332/3
f 844/333/3 853/332/3 854/334/3
f 844/333/3 854/334/3 855/335/3
f 844/333/3 855/335/3 856/336/3
f 843/337/3 844/333/3 856/336/3
f 843/337/3 856/336/3 857/338/3
f 843/337/3 857/338/3 858/339/3
f 843/337/3 858/339/3 859/340/3
f 842/341/3 843/337/3 859/340/3
f 842/341/3 859/340/3 772/342/3
f 772/342/3 859/340/3 771/343/3
f 771/343/3 859/340/3 770/344/3
f 770/344/3 859/340/3 769/345/3
f 769/345/3 859/340/3 768/346/3
f 768/346/3 859/340/3 767/347/3
f 767/347/3 859/340/3 766/348/3
f 766/348/3 859/340/3 765/349/3
f 765/349/3 859/340/3 764/350/3
f 764/350/3 859/340/3 763/15/3
f 763/15/3 859/340/3 860/13/3
f 841/351/3 842/341/3 774/352/3
f 774/352/3 842/341/3 773/353/3
f 773/353/4 842/341/4 772/342/4
f 841/351/3 774/352/3 775/354/3
f 841/351/3 775/354/3 776/355/3
f 841/351/3 776/355/3 777/356/3
f 840/357/3 841/351/3 777/356/3
f 840/357/3 777/356/3 778/358/3
f 840/357/3 778/358/3 779/359/3
f 839/360/3 840/357/3 779/359/3
f 839/360/3 779/359/3 780/361/3
f 839/360/3 780/361/3 781/362/3
f 838/363/3 839/360/3 781/362/3
f 838/363/3 781/362/3 782/364/3
f 837/365/3 838/363/3 782/364/3
f 837/365/3 782/364/3 783/366/3
f 837/365/3 783/366/3 784/367/3
f 836/368/3 837/365/3 784/367/3
f 836/368/3 784/367/3 785/369/3
f 835/370/3 836/368/3 785/369/3
f 835/370/3 785/369/3 786/371/3
f 835/370/3 786/371/3 787/372/3
f 834/373/3 835/370/3 787/372/3
f 834/373/3 787/372/3 788/374/3
f 833/375/3 834/373/3 788/374/3
f 833/375/3 788/374/3 789/376/3
f 832/377/3 833/375/3 789/376/3
f 832/377/3 789/376/3 790/378/3
f 831/379/3 832/377/3 790/378/3
f 831/379/3 790/378/3 791/380/3
f 830/381/3 831/379/3 791/380/3
f 830/381/3 791/380/3 792/382/3
f 809/383/3 810/385/3 811/384/3
f 830/381/3 792/382/3 793/386/3
f 808/387/3 809/383/3 811/384/3
f 829/388/3 830/381/3 793/386/3
f 807/389/3 808/387/3 811/384/3
f 829/388/3 793/386/3 794/390/3
f 806/391/3 807/389/3 811/384/3
f 805/392/3 806/391/3 811/384/3
f 829/388/3 794/390/3 795/393/3
f 804/394/3 805/392/3 811/384/3
f 828/395/3 829/388/3 795/393/3
f 803/396/3 804/394/3 811/384/3
f 828/395/3 795/393/3 796/397/3
f 802/398/3 803/396/3 811/384/3
f 801/399/3 802/398/3 811/384/3
f 828/395/3 796/397/3 797/400/3
f 800/401/3 801/399/3 811/384/3
f 799/402/3 800/401/3 811/384/3
f 828/395/3 797/400/3 798/403/3
f 798/403/3 799/402/3 811/384/3
f 828/395/3 798/403/3 811/384/3
f 827/404/3 828/395/3 811/384/3
f 827/404/3 811/384/3 812/405/3
f 826/406/3 827/404/3 812/405/3
f 826/406/3 812/405/3 813/407/3
f 826/406/3 813/407/3 814/408/3
f 826/406/3 814/408/3 815/409/3
f 825/410/3 826/406/3 815/409/3
f 825/410/3 815/409/3 816/411/3
f 825/410/3 816/411/3 817/412/3
f 825/410/3 817/412/3 818/413/3
f 824/414/3 825/410/3 818/413/3
f 824/414/3 818/413/3 819/415/3
f 824/414/3 819/415/3 820/416/3
f 824/414/3 820/416/3 821/417/3
f 823/418/3 824/414/3 821/417/3
f 823/418/3 821/417/3 822/419/3
s 1
f 862/420/5 864/421/6 863/310/6 861/15/5
f 864/421/6 866/422/7 865/311/7 863/310/6
f 866/422/7 868/423/8 867/313/8 865/311/7
f 868/423/8 870/424/9 869/314/9 867/313/8
f 870/424/9 872/425/10 871/316/10 869/314/9
f 872/425/10 874/426/11 873/317/11 871/316/10
f 874/426/11 876/427/12 875/319/12 873/317/11
f 876/427/12 878/428/13 877/320/13 875/319/12
f 878/428/13 880/429/14 879/321/14 877/320/13
f 880/429/14 882/430/15 881/323/15 879/321/14
f 882/430/15 884/431/16 883/322/16 881/323/15
f 884/431/16 886/432/17 885/318/17 883/322/16
f 886/432/17 888/433/18 887/315/18 885/318/17
f 888/433/18 890/434/19 889/312/19 887/315/18
f 890/434/19 892/435/20 891/309/20 889/312/19
f 892/435/20 894/436/21 893/308/21 891/309/20
f 894/436/21 896/437/22 895/300/22 893/308/21
f 896/437/22 898/438/23 897/292/23 895/300/22
f 898/438/23 900/439/24 899/284/24 897/292/23
f 900/439/24 902/440/25 901/282/25 899/284/24
f 902/440/25 904/441/26 903/279/26 901/282/25
f 904/441/26 906/442/27 905/277/27 903/279/26
f 906/442/27 908/443/28 907/275/28 905/277/27
f 908/443/28 910/444/29 909/272/29 907/275/28
f 910/444/29 912/445/30 911/266/30 909/272/29
f 912/445/30 914/446/31 913/260/31 911/266/30
f 914/446/31 916/447/32 915/252/32 913/260/31
f 916/447/32 918/448/33 917/242/33 915/252/32
f 918/448/33 920/449/34 919/240/34 917/242/33
f 920/449/34 922/450/35 921/238/35 919/240/34
f 922/450/35 924/451/36 923/236/36 921/238/35
f 924/451/36 926/452/37 925/234/37 923/236/36
f 926/452/37 928/453/38 927/232/38 925/234/37
f 928/453/38 930/454/39 929/228/39 927/232/38
f 930/454/39 932/455/40 931/230/40 929/228/39
f 932/455/40 934/456/41 933/229/41 931/230/40
f 934/456/41 936/457/42 935/231/42 933/229/41
f 936/457/42 938/458/43 937/233/43 935/231/42
f 938/458/43 940/459/44 939/235/44 937/233/43
f 940/459/44 942/460/45 941/237/45 939/235/44
f 942/460/45 944/461/46 943/239/46 941/237/45
f 944/461/46 946/462/47 945/241/47 943/239/46
f 946/462/47 948/463/48 947/250/48 945/241/47
f 948/463/48 950/464/49 949/261/49 947/250/48
f 950/464/49 952/465/50 951/267/50 949/261/49
f 952/465/50 954/466/51 953/274/51 951/267/50
f 954/466/51 956/467/52 955/276/52 953/274/51
f 956/467/52 958/468/53 957/278/53 955/276/52
f 958/468/53 960/469/54 959/35/54 957/278/53
f 960/469/54 962/470/55 961/280/55 959/35/54
f 962/470/55 964/471/56 963/281/56 961/280/55
f 964/471/56 966/472/57 965/283/57 963/281/56
f 966/472/57 968/473/58 967/285/58 965/283/57
f 968/473/58 970/474/59 969/289/59 967/285/58
f 970/474/59 972/475/60 971/293/60 969/289/59
f 972/475/60 974/476/61 973/296/61 971/293/60
f 974/476/61 976/477/62 975/298/62 973/296/61
f 976/477/62 978/478/63 977/302/63 975/298/62
f 978/478/63 980/479/64 979/304/64 977/302/63
f 980/479/64 982/480/65 981/307/65 979/304/64
f 982/480/65 984/481/66 983/306/66 981/307/65
f 984/481/66 986/482/67 985/305/67 983/306/66
f 986/482/67 988/483/68 987/303/68 985/305/67
f 988/483/68 990/484/69 989/301/69 987/303/68
f 990/484/69 992/485/70 991/299/70 989/301/69
f 992/485/70 994/486/71 993/297/71 991/299/70
f 994/486/71 996/487/72 995/295/72 993/297/71
f 996/487/72 998/488/73 997/294/73 995/295/72
f 998/488/73 1000/489/74 999/291/74 997/294/73
f 1000/489/74 1002/490/75 1001/290/75 999/291/74
f 1002/490/75 1004/491/76 1003/286/76 1001/290/75
f 1004/491/76 1006/492/77 1005/288/77 1003/286/76
f 1006/492/77 1008/493/78 1007/287/78 1005/288/77
f 1008/493/78 1010/494/79 1009/271/79 1007/287/78
f 1010/494/79 1012/495/80 1011/269/80 1009/271/79
f 1012/495/80 1014/496/81 1013/265/81 1011/269/80
f 1014/496/81 1016/497/82 1015/263/82 1013/265/81
f 1016/497/82 1018/498/83 1017/259/83 1015/263/82
f 1018/498/83 1020/499/84 1019/257/84 1017/259/83
f 1020/499/84 1022/500/85 1021/255/85 1019/257/84
f 1022/500/85 1024/501/86 1023/253/86 1021/255/85
f 1024/501/86 1026/502/87 1025/249/87 1023/253/86
f 1026/502/87 1028/503/88 1027/247/88 1025/249/87
f 1028/503/88 1030/504/89 1029/245/89 1027/247/88
f 1030/504/89 1032/505/90 1031/243/90 1029/245/89
f 1032/505/90 1034/506/91 1033/244/91 1031/243/90
f 1034/506/91 1036/507/92 1035/246/92 1033/244/91
f 1036/507/92 1038/508/93 1037/248/93 1035/246/92
f 1038/508/93 1040/509/94 1039/251/94 1037/248/93
f 1040/509/94 1042/510/95 1041/254/95 1039/251/94
f 1042/510/95 1044/511/96 1043/256/96 1041/254/95
f 1044/511/96 1046/512/97 1045/258/97 1043/256/96
f 1046/512/97 1048/513/98 1047/262/98 1045/258/97
f 1048/513/98 1050/514/99 1049/264/99 1047/262/98
f 1050/514/99 1052/515/100 1051/268/100 1049/264/99
f 1052/515/100 1054/516/101 1053/270/101 1051/268/100
f 1054/516/101 1056/517/102 1055/273/102 1053/270/101
f 1056/517/102 862/518/5 861/13/5 1055/273/102
f 1058/420/103 1060/519/104 1059/520/104 1057/15/103
f 1060/519/104 1062/469/105 1061/35/105 1059/520/104
f 1062/469/105 1064/521/106 1063/522/106 1061/35/105
f 1064/521/106 1058/518/103 1057/13/103 1063/522/106
f 1066/420/107 1068/523/108 1067/524/108 1065/15/107
f 1068/523/108 1070/525/109 1069/526/109 1067/524/108
f 1070/525/109 1072/527/110 1071/528/110 1069/526/109
f 1072/527/110 1074/529/111 1073/530/111 1071/528/110
f 1074/529/111 1076/531/112 1075/532/112 1073/530/111
f 1076/531/112 1078/533/113 1077/534/113 1075/532/112
f 1078/533/113 1080/535/114 1079/536/114 1077/534/113
f 1080/535/114 1082/537/115 1081/538/115 1079/536/114
f 1082/537/115 1084/539/116 1083/540/116 1081/538/115
f 1084/539/116 1086/541/117 1085/542/117 1083/540/116
f 1086/541/117 1088/543/118 1087/544/118 1085/542/117
f 1088/543/118 1090/545/119 1089/546/119 1087/544/118
f 1090/545/119 1092/547/120 1091/548/120 1089/546/119
f 1092/547/120 1094/549/121 1093/550/121 1091/548/120
f 1094/549/121 1096/551/122 1095/552/122 1093/550/121
f 1096/551/122 1098/553/123 1097/554/123 1095/552/122
f 1098/553/123 1100/555/124 1099/556/124 1097/554/123
f 1100/555/124 1102/557/125 1101/558/125 1099/556/124
f 1102/557/125 1104/559/126 1103/560/126 1101/558/125
f 1104/559/126 1106/561/127 1105/562/127 1103/560/126
f 1106/561/127 1108/563/128 1107/564/128 1105/562/127
f 1108/563/128 1110/565/129 1109/566/129 1107/564/128
f 1110/565/129 1112/567/130 1111/568/130 1109/566/129
f 1112/567/130 1114/569/131 1113/570/131 1111/568/130
f 1114/569/131 1116/571/132 1115/572/132 1113/570/131
f 1116/571/132 1118/573/133 1117/574/133 1115/572/132
f 1118/573/133 1120/575/134 1119/576/134 1117/574/133
f 1120/575/134 1122/577/135 1121/578/135 1119/576/134
f 1122/577/135 1124/579/136 1123/580/136 1121/578/135
f 1124/579/136 1126/581/137 1125/582/137 1123/580/136
f 1126/581/137 1128/583/138 1127/584/138 1125/582/137
f 1128/583/138 1130/585/139 1129/586/139 1127/584/138
f 1130/585/139 1132/587/140 1131/588/140 1129/586/139
f 1132/587/140 1134/589/141 1133/590/141 1131/588/140
f 1134/589/141 1136/591/142 1135/592/142 1133/590/141
f 1136/591/142 1138/593/143 1137/594/143 1135/592/142
f 1138/593/143 1140/469/144 1139/35/144 1137/594/143
f 1140/469/144 1142/595/145 1141/596/145 1139/35/144
f 1142/595/145 1144/597/146 1143/598/146 1141/596/145
f 1144/597/146 1146/599/147 1145/600/147 1143/598/146
f 1146/599/147 1148/601/148 1147/602/148 1145/600/147
f 1148/601/148 1150/603/149 1149/604/149 1147/602/148
f 1150/603/149 1152/605/150 1151/606/150 1149/604/149
f 1152/605/150 1154/607/151 1153/608/151 1151/606/150
f 1154/607/151 1156/609/152 1155/610/152 1153/608/151
f 1156/609/152 1158/611/153 1157/612/153 1155/610/152
f 1158/611/153 1160/613/154 1159/614/154 1157/612/153
f 1160/613/154 1162/615/155 1161/616/155 1159/614/154
f 1162/615/155 1164/617/156 1163/618/156 1161/616/155
f 1164/617/156 1166/619/157 1165/620/157 1163/618/156
f 1166/619/157 1168/621/158 1167/622/158 1165/620/157
f 1168/621/158 1170/623/159 1169/624/159 1167/622/158
f 1170/623/159 1172/625/160 1171/626/160 1169/624/159
f 1172/625/160 1174/627/161 1173/628/161 1171/626/160
f 1174/627/161 1176/629/162 1175/630/162 1173/628/161
f 1176/629/162 1178/631/163 1177/632/163 1175/630/162
f 1178/631/163 1180/633/164 1179/634/164 1177/632/163
f 1180/633/164 1182/635/165 1181/636/165 1179/634/164
f 1182/635/165 1184/637/166 1183/638/166 1181/636/165
f 1184/637/166 1186/639/167 1185/640/167 1183/638/166
f 1186/639/167 1188/641/168 1187/642/168 1185/640/167
f 1188/641/168 1190/643/169 1189/644/169 1187/642/168
f 1190/643/169 1192/645/170 1191/646/170 1189/644/169
f 1192/645/170 1194/647/171 1193/648/171 1191/646/170
f 1194/647/171 1196/649/172 1195/650/172 1193/648/171
f 1196/649/172 1198/651/173 1197/652/173 1195/650/172
f 1198/651/173 1200/653/174 1199/654/174 1197/652/173
f 1200/653/174 1202/655/175 1201/656/175 1199/654/174
f 1202/655/175 1204/657/176 1203/658/176 1201/656/175
f 1204/657/176 1206/659/177 1205/660/177 1203/658/176
f 1206/659/177 1208/661/178 1207/662/178 1205/660/177
f 1208/661/178 1210/663/179 1209/664/179 1207/662/178
f 1210/663/179 1212/665/180 1211/666/180 1209/664/179
f 1212/665/180 1066/518/107 1065/13/107 1211/666/180
f 1214/420/181 1216/667/182 1215/668/182 1213/15/181
f 1216/667/182 1218/669/183 1217/670/183 1215/668/182
f 1218/669/183 1220/671/184 1219/672/184 1217/670/183
f 1220/671/184 1222/673/185 1221/674/185 1219/672/184
f 1222/673/185 1224/675/186 1223/676/186 1221/674/185
f 1224/675/186 1226/677/187 1225/678/187 1223/676/186
f 1226/677/187 1228/679/188 1227/680/188 1225/678/187
f 1228/679/188 1230/681/189 1229/682/189 1227/680/188
f 1230/681/189 1232/683/190 1231/684/190 1229/682/189
f 1232/683/190 1234/685/191 1233/686/191 1231/684/190
f 1234/685/191 1236/687/192 1235/688/192 1233/686/191
f 1236/687/192 1238/689/193 1237/690/193 1235/688/192
f 1238/689/193 1240/691/194 1239/692/194 1237/690/193
f 1240/691/194 1242/693/195 1241/694/195 1239/692/194
f 1242/693/195 1244/695/196 1243/696/196 1241/694/195
f 1244/695/196 1246/697/197 1245/698/197 1243/696/196
f 1246/697/197 1248/699/198 1247/700/198 1245/698/197
f 1248/699/198 1250/701/199 1249/702/199 1247/700/198
f 1250/701/199 1252/703/200 1251/704/200 1249/702/199
f 1252/703/200 1254/705/201 1253/706/201 1251/704/200
f 1254/705/201 1256/707/202 1255/708/202 1253/706/201
f 1256/707/202 1258/709/203 1257/710/203 1255/708/202
f 1258/709/203 1260/711/204 1259/712/204 1257/710/203
f 1260/711/204 1262/713/205 1261/714/205 1259/712/204
f 1262/713/205 1214/518/181 1213/13/181 1261/714/205
f 1264/420/206 1266/715/207 1265/716/207 1263/15/206
f 1266/715/207 1268/717/208 1267/718/208 1265/716/207
f 1268/717/208 1270/719/209 1269/720/209 1267/718/208
f 1270/719/209 1272/721/210 1271/722/210 1269/720/209
f 1272/721/210 1274/723/211 1273/724/211 1271/722/210
f 1274/723/211 1276/725/212 1275/726/212 1273/724/211
f 1276/725/212 1278/727/213 1277/728/213 1275/726/212
f 1278/727/213 1280/729/214 1279/730/214 1277/728/213
f 1280/729/214 1282/731/215 1281/732/215 1279/730/214
f 1282/731/215 1284/733/216 1283/734/216 1281/732/215
f 1284/733/216 1286/735/217 1285/736/217 1283/734/216
f 1286/735/217 1288/737/218 1287/738/218 1285/736/217
f 1288/737/218 1290/739/219 1289/740/219 1287/738/218
f 1290/739/219 1292/741/220 1291/742/220 1289/740/219
f 1292/741/220 1294/743/221 1293/744/221 1291/742/220
f 1294/743/221 1296/745/222 1295/746/222 1293/744/221
f 1296/745/222 1298/747/223 1297/748/223 1295/746/222
f 1298/747/223 1300/749/224 1299/750/224 1297/748/223
f 1300/749/224 1302/751/225 1301/752/225 1299/750/224
f 1302/751/225 1304/753/226 1303/754/226 1301/752/225
f 1304/753/226 1306/755/227 1305/756/227 1303/754/226
f 1306/755/227 1308/757/228 1307/758/228 1305/756/227
f 1308/757/228 1310/759/229 1309/760/229 1307/758/228
f 1310/759/229 1312/761/230 1311/762/230 1309/760/229
f 1312/761/230 1314/763/231 1313/764/231 1311/762/230
f 1314/763/231 1316/765/232 1315/766/232 1313/764/231
f 1316/765/232 1318/767/233 1317/768/233 1315/766/232
f 1318/767/233 1320/769/234 1319/770/234 1317/768/233
f 1320/769/234 1322/771/235 1321/772/235 1319/770/234
f 1322/771/235 1324/773/236 1323/774/236 1321/772/235
f 1324/773/236 1326/775/237 1325/776/237 1323/774/236
f 1326/775/237 1328/777/238 1327/778/238 1325/776/237
f 1328/777/238 1330/779/239 1329/780/239 1327/778/238
f 1330/779/239 1332/781/240 1331/782/240 1329/780/239
f 1332/781/240 1334/783/241 1333/784/241 1331/782/240
f 1334/783/241 1336/785/66 1335/786/66 1333/784/241
f 1336/785/66 1338/787/242 1337/788/242 1335/786/66
f 1338/787/242 1340/789/243 1339/790/243 1337/788/242
f 1340/789/243 1342/791/244 1341/792/244 1339/790/243
f 1342/791/244 1344/793/245 1343/794/245 1341/792/244
f 1344/793/245 1346/795/246 1345/796/246 1343/794/245
f 1346/795/246 1348/797/247 1347/798/247 1345/796/246
f 1348/797/247 1350/799/248 1349/800/248 1347/798/247
f 1350/799/248 1352/801/249 1351/802/249 1349/800/248
f 1352/801/249 1354/803/250 1353/804/250 1351/802/249
f 1354/803/250 1356/805/251 1355/806/251 1353/804/250
f 1356/805/251 1358/807/252 1357/808/252 1355/806/251
f 1358/807/252 1360/809/253 1359/810/253 1357/808/252
f 1360/809/253 1362/811/254 1361/812/254 1359/810/253
f 1362/811/254 1364/813/255 1363/814/255 1361/812/254
f 1364/813/255 1366/815/256 1365/816/256 1363/814/255
f 1366/815/256 1368/817/257 1367/818/257 1365/816/256
f 1368/817/257 1370/819/258 1369/820/258 1367/818/257
f 1370/819/258 1372/821/259 1371/822/259 1369/820/258
f 1372/821/259 1374/823/260 1373/824/260 1371/822/259
f 1374/823/260 1376/825/261 1375/826/261 1373/824/260
f 1376/825/261 1378/827/262 1377/828/262 1375/826/261
f 1378/827/262 1380/829/263 1379/830/263 1377/828/262
f 1380/829/263 1382/831/264 1381/832/264 1379/830/263
f 1382/831/264 1384/833/265 1383/834/265 1381/832/264
f 1384/833/265 1386/835/266 1385/836/266 1383/834/265
f 1386/835/266 1388/837/267 1387/838/267 1385/836/266
f 1388/837/267 1390/839/268 1389/840/268 1387/838/267
f 1390/839/268 1392/841/269 1391/842/269 1389/840/268
f 1392/841/269 1394/843/270 1393/844/270 1391/842/269
f 1394/843/270 1396/845/271 1395/846/271 1393/844/270
f 1396/845/271 1398/847/272 1397/848/272 1395/846/271
f 1398/847/272 1400/849/273 1399/850/273 1397/848/272
f 1400/849/273 1402/851/274 1401/852/274 1399/850/273
f 1402/851/274 1404/853/275 1403/854/275 1401/852/274
f 1404/853/275 1406/855/276 1405/856/276 1403/854/275
f 1406/855/276 1408/857/277 1407/858/277 1405/856/276
f 1408/857/277 1410/859/278 1409/860/278 1407/858/277
f 1410/859/278 1412/861/279 1411/862/279 1409/860/278
f 1412/861/279 1414/863/280 1413/864/280 1411/862/279
f 1414/863/280 1416/865/281 1415/866/281 1413/864/280
f 1416/865/281 1418/867/282 1417/868/282 1415/866/281
f 1418/867/282 1420/869/283 1419/870/283 1417/868/282
f 1420/869/283 1422/871/284 1421/872/284 1419/870/283
f 1422/871/284 1424/873/285 1423/874/285 1421/872/284
f 1424/873/285 1426/875/286 1425/876/286 1423/874/285
f 1426/875/286 1428/877/287 1427/878/287 1425/876/286
f 1428/877/287 1430/879/288 1429/880/288 1427/878/287
f 1430/879/288 1432/881/289 1431/882/289 1429/880/288
f 1432/881/289 1434/883/290 1433/884/290 1431/882/289
f 1434/883/290 1436/885/291 1435/886/291 1433/884/290
f 1436/885/291 1438/887/292 1437/888/292 1435/886/291
f 1438/887/292 1440/889/293 1439/890/293 1437/888/292
f 1440/889/293 1442/891/294 1441/892/294 1439/890/293
f 1442/891/294 1444/893/295 1443/894/295 1441/892/294
f 1444/893/295 1446/895/296 1445/896/296 1443/894/295
f 1446/895/296 1448/897/297 1447/898/297 1445/896/296
f 1448/897/297 1450/899/298 1449/900/298 1447/898/297
f 1450/899/298 1452/901/299 1451/902/299 1449/900/298
f 1452/901/299 1454/903/300 1453/904/300 1451/902/299
f 1454/903/300 1456/905/301 1455/906/301 1453/904/300
f 1456/905/301 1458/907/302 1457/908/302 1455/906/301
f 1458/907/302 1460/909/303 1459/910/303 1457/908/302
f 1460/909/303 1462/911/304 1461/912/304 1459/910/303
f 1462/911/304 1464/913/305 1463/914/305 1461/912/304
f 1464/913/305 1466/915/306 1465/916/306 1463/914/305
f 1466/915/306 1468/917/307 1467/918/307 1465/916/306
f 1468/917/307 1470/919/308 1469/920/308 1467/918/307
f 1470/919/308 1472/921/309 1471/922/309 1469/920/308
f 1472/921/309 1474/923/310 1473/924/310 1471/922/309
f 1474/923/310 1476/925/311 1475/926/311 1473/924/310
f 1476/925/311 1478/927/312 1477/928/312 1475/926/311
f 1478/927/312 1480/929/313 1479/930/313 1477/928/312
f 1480/929/313 1482/931/314 1481/932/314 1479/930/313
f 1482/931/314 1484/933/315 1483/934/315 1481/932/314
f 1484/933/315 1486/935/316 1485/936/316 1483/934/315
f 1486/935/316 1488/937/317 1487/938/317 1485/936/316
f 1488/937/317 1490/939/318 1489/940/318 1487/938/317
f 1490/939/318 1492/941/319 1491/942/319 1489/940/318
f 1492/941/319 1494/943/320 1493/944/320 1491/942/319
f 1494/943/320 1496/945/321 1495/946/321 1493/944/320
f 1496/945/321 1498/947/322 1497/948/322 1495/946/321
f 1498/947/322 1500/949/323 1499/950/323 1497/948/322
f 1500/949/323 1502/951/324 1501/952/324 1499/950/323
f 1502/951/324 1504/953/325 1503/954/325 1501/952/324
f 1504/953/325 1506/955/326 1505/956/326 1503/954/325
f 1506/955/326 1508/957/327 1507/958/327 1505/956/326
f 1508/957/327 1510/959/328 1509/960/328 1507/958/327
f 1510/959/328 1512/961/329 1511/962/329 1509/960/328
f 1512/961/329 1514/963/330 1513/964/330 1511/962/329
f 1514/963/330 1516/965/331 1515/966/331 1513/964/330
f 1516/965/331 1518/967/332 1517/968/332 1515/966/331
f 1518/967/332 1520/969/333 1519/970/333 1517/968/332
f 1520/969/333 1522/971/334 1521/972/334 1519/970/333
f 1522/971/334 1524/973/335 1523/974/335 1521/972/334
f 1524/973/335 1526/975/336 1525/976/336 1523/974/335
f 1526/975/336 1528/977/337 1527/978/337 1525/976/336
f 1528/977/337 1530/979/338 1529/980/338 1527/978/337
f 1530/979/338 1532/981/339 1531/982/339 1529/980/338
f 1532/981/339 1534/983/340 1533/984/340 1531/982/339
f 1534/983/340 1536/985/341 1535/986/341 1533/984/340
f 1536/985/341 1264/518/206 1263/13/206 1535/986/341
f 1538/420/342 1540/525/343 1539/526/343 1537/15/342
f 1540/525/343 1542/529/344 1541/530/344 1539/526/343
f 1542/529/344 1544/533/345 1543/534/345 1541/530/344
f 1544/533/345 1546/537/346 1545/538/346 1543/534/345
f 1546/537/346 1548/541/347 1547/542/347 1545/538/346
f 1548/541/347 1550/545/348 1549/546/348 1547/542/347
f 1550/545/348 1552/549/349 1551/550/349 1549/546/348
f 1552/549/349 1554/553/350 1553/554/350 1551/550/349
f 1554/553/350 1556/557/351 1555/558/351 1553/554/350
f 1556/557/351 1558/561/352 1557/562/352 1555/558/351
f 1558/561/352 1560/565/353 1559/566/353 1557/562/352
f 1560/565/353 1562/569/354 1561/570/354 1559/566/353
f 1562/569/354 1564/573/355 1563/574/355 1561/570/354
f 1564/573/355 1566/577/356 1565/578/356 1563/574/355
f 1566/577/356 1568/581/357 1567/582/357 1565/578/356
f 1568/581/357 1570/585/358 1569/586/358 1567/582/357
f 1570/585/358 1572/589/359 1571/590/359 1569/586/358
f 1572/589/359 1574/593/360 1573/594/360 1571/590/359
f 1574/593/360 1576/595/361 1575/596/361 1573/594/360
f 1576/595/361 1578/599/362 1577/600/362 1575/596/361
f 1578/599/362 1580/603/363 1579/604/363 1577/600/362
f 1580/603/363 1582/607/364 1581/608/364 1579/604/363
f 1582/607/364 1584/611/365 1583/612/365 1581/608/364
f 1584/611/365 1586/615/366 1585/616/366 1583/612/365
f 1586/615/366 1588/619/367 1587/620/367 1585/616/366
f 1588/619/367 1590/623/368 1589/624/368 1587/620/367
f 1590/623/368 1592/627/369 1591/628/369 1589/624/368
f 1592/627/369 1594/631/370 1593/632/370 1591/628/369
f 1594/631/370 1596/635/371 1595/636/371 1593/632/370
f 1596/635/371 1598/639/372 1597/640/372 1595/636/371
f 1598/639/372 1600/643/373 1599/644/373 1597/640/372
f 1600/643/373 1602/647/374 1601/648/374 1599/644/373
f 1602/647/374 1604/651/375 1603/652/375 1601/648/374
f 1604/651/375 1606/655/376 1605/656/376 1603/652/375
f 1606/655/376 1608/659/377 1607/660/377 1605/656/376
f 1608/659/377 1610/663/378 1609/664/378 1607/660/377
f 1610/663/378 1538/518/342 1537/13/342 1609/664/378
f 1612/420/105 1614/987/379 1613/988/379 1611/15/105
f 1614/987/379 1616/989/380 1615/990/380 1613/988/379
f 1616/989/380 1618/991/381 1617/992/381 1615/990/380
f 1618/991/381 1620/993/382 1619/994/382 1617/992/381
f 1620/993/382 1622/995/383 1621/996/383 1619/994/382
f 1622/995/383 1624/997/384 1623/998/384 1621/996/383
f 1624/997/384 1626/999/385 1625/1000/385 1623/998/384
f 1626/999/385 1628/1001/386 1627/1002/386 1625/1000/385
f 1628/1001/386 1630/1003/387 1629/1004/387 1627/1002/386
f 1630/1003/387 1632/1005/388 1631/1006/388 1629/1004/387
f 1632/1005/388 1634/675/389 1633/676/389 1631/1006/388
f 1634/675/389 1636/1007/390 1635/1008/390 1633/676/389
f 1636/1007/390 1638/1009/391 1637/1010/391 1635/1008/390
f 1638/1009/391 1640/1011/392 1639/1012/392 1637/1010/391
f 1640/1011/392 1642/1013/393 1641/1014/393 1639/1012/392
f 1642/1013/393 1644/1015/394 1643/1016/394 1641/1014/393
f 1644/1015/394 1646/1017/395 1645/1018/395 1643/1016/394
f 1646/1017/395 1648/1019/396 1647/1020/396 1645/1018/395
f 1648/1019/396 1650/1021/397 1649/1022/397 1647/1020/396
f 1650/1021/397 1652/1023/398 1651/1024/398 1649/1022/397
f 1652/1023/398 1654/1025/399 1653/1026/399 1651/1024/398
f 1654/1025/399 1656/685/400 1655/686/400 1653/1026/399
f 1656/685/400 1658/1027/401 1657/1028/401 1655/686/400
f 1658/1027/401 1660/1029/402 1659/1030/402 1657/1028/401
f 1660/1029/402 1662/1031/403 1661/1032/403 1659/1030/402
f 1662/1031/403 1664/1033/404 1663/1034/404 1661/1032/403
f 1664/1033/404 1666/1035/405 1665/1036/405 1663/1034/404
f 1666/1035/405 1668/1037/406 1667/1038/406 1665/1036/405
f 1668/1037/406 1670/1039/407 1669/1040/407 1667/1038/406
f 1670/1039/407 1672/1041/408 1671/1042/408 1669/1040/407
f 1672/1041/408 1674/1043/409 1673/1044/409 1671/1042/408
f 1674/1043/409 1676/1045/410 1675/1046/410 1673/1044/409
f 1676/1045/410 1678/695/411 1677/696/411 1675/1046/410
f 1678/695/411 1680/1047/412 1679/1048/412 1677/696/411
f 1680/1047/412 1682/1049/413 1681/1050/413 1679/1048/412
f 1682/1049/413 1684/1051/414 1683/1052/414 1681/1050/413
f 1684/1051/414 1686/1053/415 1685/1054/415 1683/1052/414
f 1686/1053/415 1688/1055/416 1687/1056/416 1685/1054/415
f 1688/1055/416 1690/1057/417 1689/1058/417 1687/1056/416
f 1690/1057/417 1692/1059/418 1691/1060/418 1689/1058/417
f 1692/1059/418 1694/1061/419 1693/1062/419 1691/1060/418
f 1694/1061/419 1696/1063/420 1695/1064/420 1693/1062/419
f 1696/1063/420 1698/1065/421 1697/1066/421 1695/1064/420
f 1698/1065/421 1700/705/422 1699/706/422 1697/1066/421
f 1700/705/422 1702/1067/423 1701/1068/423 1699/706/422
f 1702/1067/423 1704/1069/424 1703/1070/424 1701/1068/423
f 1704/1069/424 1706/1071/425 1705/1072/425 1703/1070/424
f 1706/1071/425 1708/1073/426 1707/1074/426 1705/1072/425
f 1708/1073/426 1710/1075/427 1709/1076/427 1707/1074/426
f 1710/1075/427 1712/1077/428 1711/1078/428 1709/1076/427
f 1712/1077/428 1714/1079/106 1713/1080/106 1711/1078/428
f 1714/1079/106 1716/1081/103 1715/1082/103 1713/1080/106
f 1716/1081/103 1718/1083/104 1717/1084/104 1715/1082/103
f 1718/1083/104 1720/1085/105 1719/1086/105 1717/1084/104
f 1720/1085/105 1612/518/105 1611/13/105 1719/1086/105
